1770791352.737284,MOUSE,-4,-2,MOVE
1770791352.753951,MOUSE,-4,-2,MOVE
1770791352.770617,MOUSE,-4,-2,MOVE
1770791352.787284,MOUSE,-4,-2,MOVE
1770791352.803951,MOUSE,-4,-2,MOVE
1770791352.820617,MOUSE,-4,-2,MOVE
1770791352.837284,MOUSE,-4,-2,MOVE
1770791352.853951,MOUSE,-4,-2,MOVE
1770791352.870617,MOUSE,-4,-2,MOVE
1770791352.887284,MOUSE,-4,-2,MOVE
1770791352.903951,MOUSE,-4,-2,MOVE
1770791352.920617,MOUSE,-4,-2,MOVE
1770791352.937284,MOUSE,-4,-2,MOVE
1770791352.953951,MOUSE,-4,-2,MOVE
1770791352.970617,MOUSE,-4,-2,MOVE
1770791352.987284,MOUSE,-4,-2,MOVE
1770791353.003951,MOUSE,-4,-2,MOVE
1770791353.020617,MOUSE,-4,-2,MOVE
1770791353.037284,MOUSE,-4,-2,MOVE
1770791353.053951,MOUSE,-4,-2,MOVE
1770791353.070617,MOUSE,-4,-2,MOVE
1770791353.087284,MOUSE,-4,-2,MOVE
1770791353.103951,MOUSE,-4,-2,MOVE
1770791353.120617,MOUSE,-4,-2,MOVE
1770791353.137284,MOUSE,-4,-2,MOVE
1770791353.153950,MOUSE,-4,-2,MOVE
1770791353.170617,MOUSE,-4,-2,MOVE
1770791353.187284,MOUSE,-4,-2,MOVE
1770791353.203950,MOUSE,-4,-2,MOVE
1770791353.220617,MOUSE,-4,-2,MOVE
1770791353.237284,MOUSE,-4,-2,MOVE
1770791353.253950,MOUSE,-4,-2,MOVE
1770791353.270617,MOUSE,-4,-2,MOVE
1770791353.287284,MOUSE,-4,-2,MOVE
1770791353.303950,MOUSE,-4,-2,MOVE
1770791353.320617,MOUSE,-4,-2,MOVE
1770791353.337284,MOUSE,-4,-2,MOVE
1770791353.353950,MOUSE,-4,-2,MOVE
1770791353.370617,MOUSE,-4,-2,MOVE
1770791353.387284,MOUSE,-4,-2,MOVE
1770791353.403950,MOUSE,-4,-2,MOVE
1770791353.420617,MOUSE,-4,-2,MOVE
1770791353.437284,MOUSE,-4,-2,MOVE
1770791353.453950,MOUSE,-4,-2,MOVE
1770791353.470617,MOUSE,-4,-2,MOVE
1770791353.487283,MOUSE,-4,-2,MOVE
1770791353.503950,MOUSE,-4,-2,MOVE
1770791353.520617,MOUSE,-4,-2,MOVE
1770791353.537283,MOUSE,-4,-2,MOVE
1770791353.553950,MOUSE,-4,-2,MOVE
1770791353.570617,MOUSE,-4,-2,MOVE
1770791353.587283,MOUSE,-4,-2,MOVE
1770791353.603950,MOUSE,-4,-2,MOVE
1770791353.620617,MOUSE,-4,-2,MOVE
1770791353.637283,MOUSE,-4,-2,MOVE
1770791353.653950,MOUSE,-4,-2,MOVE
1770791353.670617,MOUSE,-4,-2,MOVE
1770791353.687283,MOUSE,-4,-2,MOVE
1770791353.703950,MOUSE,-4,-2,MOVE
1770791353.720617,MOUSE,-4,-2,MOVE
1770791353.737283,MOUSE,-4,-2,MOVE
1770791353.753950,MOUSE,-4,-2,MOVE
1770791353.770617,MOUSE,-4,-2,MOVE
1770791353.787283,MOUSE,-4,-2,MOVE
1770791353.803950,MOUSE,-4,-2,MOVE
1770791353.820616,MOUSE,-4,-2,MOVE
1770791353.837283,MOUSE,-4,-2,MOVE
1770791353.853950,MOUSE,-4,-2,MOVE
1770791353.870616,MOUSE,-4,-2,MOVE
1770791353.887283,MOUSE,-4,-2,MOVE
1770791353.903950,MOUSE,-4,-2,MOVE
1770791353.920616,MOUSE,-4,-2,MOVE
1770791353.937283,MOUSE,-4,-2,MOVE
1770791353.953950,MOUSE,-4,-2,MOVE
1770791353.970616,MOUSE,-4,-2,MOVE
1770791353.987283,MOUSE,-4,-2,MOVE
1770791354.003950,MOUSE,-4,-2,MOVE
1770791354.020616,MOUSE,-4,-2,MOVE
1770791354.037283,MOUSE,-4,-2,MOVE
1770791354.053950,MOUSE,-4,-2,MOVE
1770791354.070616,MOUSE,-4,-2,MOVE
1770791354.087283,MOUSE,-4,-2,MOVE
1770791354.103950,MOUSE,-4,-2,MOVE
1770791354.120616,MOUSE,-4,-2,MOVE
1770791354.137283,MOUSE,-4,-2,MOVE
1770791354.153949,MOUSE,-4,-2,MOVE
1770791354.170616,MOUSE,-4,-2,MOVE
1770791354.187283,MOUSE,-4,-2,MOVE
1770791354.203949,MOUSE,-4,-2,MOVE
1770791354.203949,MOUSE,0,0,LEFT_DOWN
1770791354.213949,MOUSE,0,0,LEFT_UP
1770791354.220616,MOUSE,-4,-2,MOVE
1770791354.237283,MOUSE,-4,-2,MOVE
1770791354.253949,MOUSE,-4,-2,MOVE
1770791354.270616,MOUSE,-4,-2,MOVE
1770791354.287283,MOUSE,-4,-2,MOVE
1770791354.303949,MOUSE,-4,-2,MOVE
1770791354.303949,MOUSE,0,0,LEFT_DOWN
1770791354.313949,MOUSE,0,0,LEFT_UP
1770791354.320616,MOUSE,-4,-2,MOVE
1770791354.337283,MOUSE,-4,-2,MOVE
1770791354.353949,MOUSE,-4,-2,MOVE
1770791354.370616,MOUSE,-4,-2,MOVE
1770791354.387283,MOUSE,-4,-2,MOVE
1770791354.403949,MOUSE,-4,-2,MOVE
1770791354.403949,MOUSE,0,0,LEFT_DOWN
1770791354.413949,MOUSE,0,0,LEFT_UP
1770791354.420616,MOUSE,-4,-2,MOVE
1770791354.437283,MOUSE,-4,-2,MOVE
1770791354.453949,MOUSE,-4,-2,MOVE
1770791354.470616,MOUSE,-4,-2,MOVE
1770791354.487283,MOUSE,-4,-2,MOVE
1770791354.503949,MOUSE,1,-3,MOVE
1770791354.503949,MOUSE,0,0,LEFT_DOWN
1770791354.513949,MOUSE,0,0,LEFT_UP
1770791354.520616,MOUSE,1,-3,MOVE
1770791354.537282,MOUSE,1,-3,MOVE
1770791354.553949,MOUSE,1,-3,MOVE
1770791354.570616,MOUSE,1,-3,MOVE
1770791354.587282,MOUSE,1,-3,MOVE
1770791354.603949,MOUSE,1,-3,MOVE
1770791354.603949,MOUSE,0,0,LEFT_DOWN
1770791354.613949,MOUSE,0,0,LEFT_UP
1770791354.620616,MOUSE,1,-3,MOVE
1770791354.637282,MOUSE,1,-3,MOVE
1770791354.653949,MOUSE,1,-3,MOVE
1770791354.670616,MOUSE,1,-3,MOVE
1770791354.687282,MOUSE,1,-3,MOVE
1770791354.703949,MOUSE,1,-3,MOVE
1770791354.703949,MOUSE,0,0,LEFT_DOWN
1770791354.713949,MOUSE,0,0,LEFT_UP
1770791354.720616,MOUSE,1,-3,MOVE
1770791354.737282,MOUSE,1,-3,MOVE
1770791354.753949,MOUSE,1,-3,MOVE
1770791354.770616,MOUSE,1,-3,MOVE
1770791354.787282,MOUSE,1,-3,MOVE
1770791354.803949,MOUSE,1,-3,MOVE
1770791354.803949,MOUSE,0,0,LEFT_DOWN
1770791354.813949,MOUSE,0,0,LEFT_UP
1770791354.820616,MOUSE,1,-3,MOVE
1770791354.837282,MOUSE,1,-3,MOVE
1770791354.853949,MOUSE,2,0,MOVE
1770791354.870615,MOUSE,2,0,MOVE
1770791354.887282,MOUSE,2,0,MOVE
1770791354.903949,MOUSE,2,0,MOVE
1770791354.903949,MOUSE,0,0,LEFT_DOWN
1770791354.913949,MOUSE,0,0,LEFT_UP
1770791354.920615,MOUSE,2,0,MOVE
1770791354.937282,MOUSE,2,0,MOVE
1770791354.953949,MOUSE,2,0,MOVE
1770791354.970615,MOUSE,2,0,MOVE
1770791354.987282,MOUSE,2,0,MOVE
1770791355.003949,MOUSE,2,0,MOVE
1770791355.003949,MOUSE,0,0,LEFT_DOWN
1770791355.013949,MOUSE,0,0,LEFT_UP
1770791355.020615,MOUSE,2,0,MOVE
1770791355.037282,MOUSE,2,0,MOVE
1770791355.053949,MOUSE,2,0,MOVE
1770791355.070615,MOUSE,2,0,MOVE
1770791355.087282,MOUSE,2,0,MOVE
1770791355.103949,MOUSE,2,0,MOVE
1770791355.103949,MOUSE,0,0,LEFT_DOWN
1770791355.113949,MOUSE,0,0,LEFT_UP
1770791355.120615,MOUSE,2,0,MOVE
1770791355.137282,MOUSE,2,0,MOVE
1770791355.153949,MOUSE,2,0,MOVE
1770791355.170615,MOUSE,2,0,MOVE
1770791355.187282,MOUSE,2,0,MOVE
1770791355.203948,MOUSE,2,0,MOVE
1770791355.203948,MOUSE,0,0,LEFT_DOWN
1770791355.213948,MOUSE,0,0,LEFT_UP
1770791355.220615,MOUSE,2,0,MOVE
1770791355.237282,MOUSE,2,0,MOVE
1770791355.253948,MOUSE,2,0,MOVE
1770791355.270615,MOUSE,2,0,MOVE
1770791355.287282,MOUSE,2,0,MOVE
1770791355.303948,MOUSE,2,0,MOVE
1770791355.303948,MOUSE,0,0,LEFT_DOWN
1770791355.313948,MOUSE,0,0,LEFT_UP
1770791355.320615,MOUSE,2,0,MOVE
1770791355.337282,MOUSE,2,0,MOVE
1770791355.353948,MOUSE,2,0,MOVE
1770791355.370615,MOUSE,2,0,MOVE
1770791355.387282,MOUSE,2,0,MOVE
1770791355.403948,MOUSE,2,0,MOVE
1770791355.403948,MOUSE,0,0,LEFT_DOWN
1770791355.413948,MOUSE,0,0,LEFT_UP
1770791355.420615,MOUSE,2,0,MOVE
1770791355.437282,MOUSE,2,0,MOVE
1770791355.453948,MOUSE,2,0,MOVE
1770791355.470615,MOUSE,2,0,MOVE
1770791355.487282,MOUSE,2,0,MOVE
1770791355.503948,MOUSE,2,0,MOVE
1770791355.503948,MOUSE,0,0,LEFT_DOWN
1770791355.513948,MOUSE,0,0,LEFT_UP
1770791355.520615,MOUSE,2,0,MOVE
1770791355.537282,MOUSE,2,0,MOVE
1770791355.553948,MOUSE,2,0,MOVE
1770791355.570615,MOUSE,2,0,MOVE
1770791355.587281,MOUSE,2,0,MOVE
1770791355.603948,MOUSE,2,0,MOVE
1770791355.603948,MOUSE,0,0,LEFT_DOWN
1770791355.613948,MOUSE,0,0,LEFT_UP
1770791355.620615,MOUSE,2,0,MOVE
1770791355.637281,MOUSE,2,0,MOVE
1770791355.653948,MOUSE,2,0,MOVE
1770791355.670615,MOUSE,2,0,MOVE
1770791355.687281,MOUSE,2,0,MOVE
1770791355.703948,MOUSE,2,0,MOVE
1770791355.703948,MOUSE,0,0,LEFT_DOWN
1770791355.713948,MOUSE,0,0,LEFT_UP
1770791355.720615,MOUSE,2,0,MOVE
1770791355.737281,MOUSE,2,0,MOVE
1770791355.753948,MOUSE,2,0,MOVE
1770791355.770615,MOUSE,-4,-1,MOVE
1770791355.787281,MOUSE,-4,-1,MOVE
1770791355.803948,MOUSE,-4,-1,MOVE
1770791355.803948,MOUSE,0,0,LEFT_DOWN
1770791355.813948,MOUSE,0,0,LEFT_UP
1770791355.820615,MOUSE,-4,0,MOVE
1770791355.837281,MOUSE,-4,0,MOVE
1770791355.853948,MOUSE,-4,0,MOVE
1770791355.870615,MOUSE,-4,0,MOVE
1770791355.887281,MOUSE,-4,0,MOVE
1770791355.903948,MOUSE,-4,0,MOVE
1770791355.903948,MOUSE,0,0,LEFT_DOWN
1770791355.913948,MOUSE,0,0,LEFT_UP
1770791355.920614,MOUSE,-4,0,MOVE
1770791355.937281,MOUSE,-4,0,MOVE
1770791355.953948,MOUSE,-4,0,MOVE
1770791355.970614,MOUSE,-4,0,MOVE
1770791355.987281,MOUSE,-4,0,MOVE
1770791356.003948,MOUSE,-4,0,MOVE
1770791356.003948,MOUSE,0,0,LEFT_DOWN
1770791356.013948,MOUSE,0,0,LEFT_UP
1770791356.020614,MOUSE,-4,0,MOVE
1770791356.037281,MOUSE,-4,0,MOVE
1770791356.053948,MOUSE,-4,0,MOVE
1770791356.070614,MOUSE,-4,0,MOVE
1770791356.087281,MOUSE,-4,0,MOVE
1770791356.103948,MOUSE,-4,0,MOVE
1770791356.103948,MOUSE,0,0,LEFT_DOWN
1770791356.113948,MOUSE,0,0,LEFT_UP
1770791356.120614,MOUSE,-4,0,MOVE
1770791356.137281,MOUSE,-4,0,MOVE
1770791356.153948,MOUSE,-4,0,MOVE
1770791356.170614,MOUSE,-4,0,MOVE
1770791356.187281,MOUSE,-4,0,MOVE
1770791356.203948,MOUSE,-4,0,MOVE
1770791356.203948,MOUSE,0,0,LEFT_DOWN
1770791356.213948,MOUSE,0,0,LEFT_UP
1770791356.220614,MOUSE,-4,0,MOVE
1770791356.237281,MOUSE,-4,0,MOVE
1770791356.253947,MOUSE,-4,0,MOVE
1770791356.270614,MOUSE,-4,0,MOVE
1770791356.287281,MOUSE,-4,0,MOVE
1770791356.303947,MOUSE,-4,0,MOVE
1770791356.303947,MOUSE,0,0,LEFT_DOWN
1770791356.313947,MOUSE,0,0,LEFT_UP
1770791356.320614,MOUSE,-4,0,MOVE
1770791356.337281,MOUSE,-4,0,MOVE
1770791356.353947,MOUSE,-4,0,MOVE
1770791356.370614,MOUSE,-4,0,MOVE
1770791356.387281,MOUSE,-4,0,MOVE
1770791356.403947,MOUSE,-4,0,MOVE
1770791356.403947,MOUSE,0,0,LEFT_DOWN
1770791356.413947,MOUSE,0,0,LEFT_UP
1770791356.420614,MOUSE,-4,0,MOVE
1770791356.437281,MOUSE,-4,0,MOVE
1770791356.453947,MOUSE,-4,0,MOVE
1770791356.470614,MOUSE,-4,0,MOVE
1770791356.487281,MOUSE,-4,0,MOVE
1770791356.503947,MOUSE,-4,0,MOVE
1770791356.503947,MOUSE,0,0,LEFT_DOWN
1770791356.513947,MOUSE,0,0,LEFT_UP
1770791356.520614,MOUSE,-4,0,MOVE
1770791356.537281,MOUSE,-4,0,MOVE
1770791356.553947,MOUSE,-4,0,MOVE
1770791356.570614,MOUSE,-4,0,MOVE
1770791356.587281,MOUSE,-4,0,MOVE
1770791356.603947,MOUSE,-4,0,MOVE
1770791356.603947,MOUSE,0,0,LEFT_DOWN
1770791356.613947,MOUSE,0,0,LEFT_UP
1770791356.620614,MOUSE,-4,0,MOVE
1770791356.637280,MOUSE,-4,0,MOVE
1770791356.653947,MOUSE,-4,0,MOVE
1770791356.670614,MOUSE,-4,0,MOVE
1770791356.687280,MOUSE,-4,0,MOVE
1770791356.703947,MOUSE,-4,0,MOVE
1770791356.703947,MOUSE,0,0,LEFT_DOWN
1770791356.713947,MOUSE,0,0,LEFT_UP
1770791356.720614,MOUSE,-4,0,MOVE
1770791356.737280,MOUSE,-4,0,MOVE
1770791356.753947,MOUSE,-4,0,MOVE
1770791356.770614,MOUSE,-4,0,MOVE
1770791356.787280,MOUSE,-4,0,MOVE
1770791356.803947,MOUSE,-4,0,MOVE
1770791356.803947,MOUSE,0,0,LEFT_DOWN
1770791356.813947,MOUSE,0,0,LEFT_UP
1770791356.820614,MOUSE,-4,0,MOVE
1770791356.837280,MOUSE,-4,0,MOVE
1770791356.853947,MOUSE,-4,0,MOVE
1770791356.870614,MOUSE,-4,0,MOVE
1770791356.887280,MOUSE,-4,0,MOVE
1770791356.903947,MOUSE,-4,0,MOVE
1770791356.903947,MOUSE,0,0,LEFT_DOWN
1770791356.913947,MOUSE,0,0,LEFT_UP
1770791356.920614,MOUSE,-4,0,MOVE
1770791356.937280,MOUSE,-4,0,MOVE
1770791356.953947,MOUSE,-4,0,MOVE
1770791356.970613,MOUSE,-4,0,MOVE
1770791356.987280,MOUSE,-4,0,MOVE
1770791357.003947,MOUSE,-4,0,MOVE
1770791357.003947,MOUSE,0,0,LEFT_DOWN
1770791357.013947,MOUSE,0,0,LEFT_UP
1770791357.020613,MOUSE,-4,0,MOVE
1770791357.037280,MOUSE,-4,0,MOVE
1770791357.053947,MOUSE,-4,0,MOVE
1770791357.070613,MOUSE,-4,0,MOVE
1770791357.087280,MOUSE,-4,0,MOVE
1770791357.103947,MOUSE,-4,0,MOVE
1770791357.103947,MOUSE,0,0,LEFT_DOWN
1770791357.113947,MOUSE,0,0,LEFT_UP
1770791357.120613,MOUSE,-4,0,MOVE
1770791357.137280,MOUSE,-4,0,MOVE
1770791357.153947,MOUSE,-4,0,MOVE
1770791357.170613,MOUSE,1,4,MOVE
1770791357.187280,MOUSE,1,4,MOVE
1770791357.203947,MOUSE,1,4,MOVE
1770791357.220613,MOUSE,1,4,MOVE
1770791357.237280,MOUSE,1,4,MOVE
1770791357.253947,MOUSE,1,4,MOVE
1770791357.270613,MOUSE,1,4,MOVE
1770791357.287280,MOUSE,1,4,MOVE
1770791357.303946,MOUSE,1,4,MOVE
1770791357.320613,MOUSE,1,4,MOVE
1770791357.337280,MOUSE,1,4,MOVE
1770791357.353946,MOUSE,1,4,MOVE
1770791357.370613,MOUSE,1,4,MOVE
1770791357.387280,MOUSE,1,4,MOVE
1770791357.403946,MOUSE,1,4,MOVE
1770791357.420613,MOUSE,1,4,MOVE
1770791357.437280,MOUSE,1,4,MOVE
1770791357.453946,MOUSE,1,4,MOVE
1770791357.470613,MOUSE,1,4,MOVE
1770791357.487280,MOUSE,1,4,MOVE
1770791357.503946,MOUSE,1,4,MOVE
1770791357.520613,MOUSE,1,4,MOVE
1770791357.537280,MOUSE,1,4,MOVE
1770791357.553946,MOUSE,1,4,MOVE
1770791357.570613,MOUSE,1,4,MOVE
1770791357.587280,MOUSE,1,4,MOVE
1770791357.603946,MOUSE,1,4,MOVE
1770791357.620613,MOUSE,1,4,MOVE
1770791357.637280,MOUSE,1,4,MOVE
1770791357.653946,MOUSE,1,4,MOVE
1770791357.670613,MOUSE,1,4,MOVE
1770791357.687279,MOUSE,1,4,MOVE
1770791357.703946,MOUSE,1,4,MOVE
1770791357.720613,MOUSE,1,4,MOVE
1770791357.737279,MOUSE,1,4,MOVE
1770791357.753946,MOUSE,1,4,MOVE
1770791357.770613,MOUSE,1,4,MOVE
1770791357.787279,MOUSE,1,4,MOVE
1770791357.803946,MOUSE,1,4,MOVE
1770791357.820613,MOUSE,1,4,MOVE
1770791357.837279,MOUSE,1,4,MOVE
1770791357.853946,MOUSE,1,4,MOVE
1770791357.870613,MOUSE,1,4,MOVE
1770791357.887279,MOUSE,1,4,MOVE
1770791357.903946,MOUSE,1,4,MOVE
1770791357.920613,MOUSE,1,4,MOVE
1770791357.937279,MOUSE,1,4,MOVE
1770791357.953946,MOUSE,1,4,MOVE
1770791357.970613,MOUSE,1,4,MOVE
1770791357.987279,MOUSE,-2,-1,MOVE
1770791358.003946,MOUSE,-2,-1,MOVE
1770791358.020612,MOUSE,-2,-1,MOVE
1770791358.037279,MOUSE,-2,-1,MOVE
1770791358.053946,MOUSE,-2,-1,MOVE
1770791358.070612,MOUSE,-2,-1,MOVE
1770791358.087279,MOUSE,-2,-1,MOVE
1770791358.103946,MOUSE,-2,-1,MOVE
1770791358.120612,MOUSE,-2,-1,MOVE
1770791358.137279,MOUSE,-2,-1,MOVE
1770791358.153946,MOUSE,-2,-1,MOVE
1770791358.170612,MOUSE,-2,-1,MOVE
1770791358.187279,MOUSE,-2,-1,MOVE
1770791358.203946,MOUSE,-2,-1,MOVE
1770791358.220612,MOUSE,-2,-1,MOVE
1770791358.237279,MOUSE,-2,-1,MOVE
1770791358.253946,MOUSE,-2,-1,MOVE
1770791358.270612,MOUSE,-2,-1,MOVE
1770791358.287279,MOUSE,-2,-1,MOVE
1770791358.303946,MOUSE,-2,-1,MOVE
1770791358.320612,MOUSE,-2,-1,MOVE
1770791358.337279,MOUSE,-2,-1,MOVE
1770791358.353945,MOUSE,-2,-1,MOVE
1770791358.370612,MOUSE,-2,-1,MOVE
1770791358.387279,MOUSE,-2,-1,MOVE
1770791358.403945,MOUSE,-2,-1,MOVE
1770791358.420612,MOUSE,-2,-1,MOVE
1770791358.437279,MOUSE,-2,-1,MOVE
1770791358.453945,MOUSE,-2,-1,MOVE
1770791358.470612,MOUSE,-2,-1,MOVE
1770791358.487279,MOUSE,-2,-1,MOVE
1770791358.503945,MOUSE,-2,-1,MOVE
1770791358.520612,MOUSE,-2,-1,MOVE
1770791358.537279,MOUSE,-2,-1,MOVE
1770791358.553945,MOUSE,-2,-1,MOVE
1770791358.570612,MOUSE,-2,-1,MOVE
1770791358.587279,MOUSE,-2,-1,MOVE
1770791358.603945,MOUSE,-2,-1,MOVE
1770791358.620612,MOUSE,-2,-1,MOVE
1770791358.637279,MOUSE,-2,-1,MOVE
1770791358.653945,MOUSE,-2,-1,MOVE
1770791358.670612,MOUSE,-2,-1,MOVE
1770791358.687279,MOUSE,-2,-1,MOVE
1770791358.703945,MOUSE,-2,-1,MOVE
1770791358.720612,MOUSE,-2,-1,MOVE
1770791358.737278,MOUSE,-2,-1,MOVE
1770791358.753945,MOUSE,-2,-1,MOVE
1770791358.770612,MOUSE,-2,-1,MOVE
1770791358.787278,MOUSE,-2,-1,MOVE
1770791358.803945,MOUSE,-2,-1,MOVE
1770791358.820612,MOUSE,-2,-1,MOVE
1770791358.837278,MOUSE,-2,-1,MOVE
1770791358.853945,MOUSE,-2,-1,MOVE
1770791358.870612,MOUSE,-2,-1,MOVE
1770791358.887278,MOUSE,-2,-1,MOVE
1770791358.903945,MOUSE,-2,-1,MOVE
1770791358.920612,MOUSE,-2,-1,MOVE
1770791358.937278,MOUSE,-2,-1,MOVE
1770791358.953945,MOUSE,-2,-1,MOVE
1770791358.970612,MOUSE,-2,-1,MOVE
1770791358.987278,MOUSE,-2,-1,MOVE
1770791359.003945,MOUSE,-2,-1,MOVE
1770791359.020612,MOUSE,-2,-1,MOVE
1770791359.037278,MOUSE,-2,-1,MOVE
1770791359.053945,MOUSE,-2,-1,MOVE
1770791359.070611,MOUSE,-2,-1,MOVE
1770791359.087278,MOUSE,-2,-1,MOVE
1770791359.103945,MOUSE,3,-1,MOVE
1770791359.120611,MOUSE,3,-1,MOVE
1770791359.137278,MOUSE,3,-1,MOVE
1770791359.153945,MOUSE,3,-1,MOVE
1770791359.170611,MOUSE,3,-1,MOVE
1770791359.187278,MOUSE,3,-1,MOVE
1770791359.203945,MOUSE,3,-1,MOVE
1770791359.220611,MOUSE,3,-1,MOVE
1770791359.237278,MOUSE,3,-1,MOVE
1770791359.253945,MOUSE,3,-1,MOVE
1770791359.270611,MOUSE,3,-1,MOVE
1770791359.287278,MOUSE,3,-1,MOVE
1770791359.303945,MOUSE,3,-1,MOVE
1770791359.320611,MOUSE,3,-1,MOVE
1770791359.337278,MOUSE,3,-1,MOVE
1770791359.353945,MOUSE,3,-1,MOVE
1770791359.370611,MOUSE,3,-1,MOVE
1770791359.387278,MOUSE,3,-1,MOVE
1770791359.403944,MOUSE,3,-1,MOVE
1770791359.420611,MOUSE,3,-1,MOVE
1770791359.437278,MOUSE,3,-1,MOVE
1770791359.453944,MOUSE,3,-1,MOVE
1770791359.470611,MOUSE,3,-1,MOVE
1770791359.487278,MOUSE,3,-1,MOVE
1770791359.503944,MOUSE,3,-1,MOVE
1770791359.520611,MOUSE,3,-1,MOVE
1770791359.537278,MOUSE,3,-1,MOVE
1770791359.553944,MOUSE,3,-1,MOVE
1770791359.570611,MOUSE,3,-1,MOVE
1770791359.587278,MOUSE,3,0,MOVE
1770791359.603944,MOUSE,3,0,MOVE
1770791359.620611,MOUSE,3,0,MOVE
1770791359.637278,MOUSE,3,0,MOVE
1770791359.653944,MOUSE,3,0,MOVE
1770791359.670611,MOUSE,3,0,MOVE
1770791359.687278,MOUSE,3,0,MOVE
1770791359.703944,MOUSE,3,0,MOVE
1770791359.720611,MOUSE,3,0,MOVE
1770791359.737278,MOUSE,3,0,MOVE
1770791359.753944,MOUSE,3,0,MOVE
1770791359.770611,MOUSE,3,0,MOVE
1770791359.787277,MOUSE,3,0,MOVE
1770791359.803944,MOUSE,3,0,MOVE
1770791359.820611,MOUSE,3,0,MOVE
1770791359.837277,MOUSE,3,0,MOVE
1770791359.853944,MOUSE,3,0,MOVE
1770791359.870611,MOUSE,3,0,MOVE
1770791359.887277,MOUSE,3,0,MOVE
1770791359.903944,MOUSE,3,0,MOVE
1770791359.920611,MOUSE,3,0,MOVE
1770791359.937277,MOUSE,3,0,MOVE
1770791359.953944,MOUSE,3,0,MOVE
1770791359.970611,MOUSE,3,0,MOVE
1770791359.987277,MOUSE,3,0,MOVE
1770791360.003944,MOUSE,3,0,MOVE
1770791360.020611,MOUSE,3,0,MOVE
1770791360.037277,MOUSE,3,0,MOVE
1770791360.053944,MOUSE,3,0,MOVE
1770791360.070611,MOUSE,3,0,MOVE
1770791360.087277,MOUSE,3,0,MOVE
1770791360.103944,MOUSE,3,0,MOVE
1770791360.120610,MOUSE,3,0,MOVE
1770791360.137277,MOUSE,3,0,MOVE
1770791360.153944,MOUSE,3,0,MOVE
1770791360.170610,MOUSE,3,0,MOVE
1770791360.187277,MOUSE,3,0,MOVE
1770791360.203944,MOUSE,3,0,MOVE
1770791360.220610,MOUSE,3,0,MOVE
1770791360.237277,MOUSE,3,0,MOVE
1770791360.253944,MOUSE,3,0,MOVE
1770791360.270610,MOUSE,3,0,MOVE
1770791360.287277,MOUSE,3,0,MOVE
1770791360.303944,MOUSE,3,0,MOVE
1770791360.320610,MOUSE,3,0,MOVE
1770791360.337277,MOUSE,3,0,MOVE
1770791360.353944,MOUSE,3,0,MOVE
1770791360.370610,MOUSE,3,0,MOVE
1770791360.387277,MOUSE,3,0,MOVE
1770791360.403944,MOUSE,3,0,MOVE
1770791360.420610,MOUSE,3,0,MOVE
1770791360.437277,MOUSE,3,0,MOVE
1770791360.453943,MOUSE,3,0,MOVE
1770791360.470610,MOUSE,3,0,MOVE
1770791360.487277,MOUSE,3,0,MOVE
1770791360.503943,MOUSE,3,0,MOVE
1770791360.520610,MOUSE,3,0,MOVE
1770791360.537277,MOUSE,3,0,MOVE
1770791360.553943,MOUSE,3,0,MOVE
1770791360.570610,MOUSE,3,0,MOVE
1770791360.587277,MOUSE,3,0,MOVE
1770791360.603943,MOUSE,3,0,MOVE
1770791360.620610,MOUSE,3,0,MOVE
1770791360.637277,MOUSE,3,0,MOVE
1770791360.653943,MOUSE,3,0,MOVE
1770791360.670610,MOUSE,3,0,MOVE
1770791360.687277,MOUSE,3,0,MOVE
1770791360.703943,MOUSE,3,0,MOVE
1770791360.720610,MOUSE,3,0,MOVE
1770791360.737277,MOUSE,3,0,MOVE
1770791360.753943,MOUSE,3,0,MOVE
1770791360.770610,MOUSE,3,0,MOVE
1770791360.787277,MOUSE,3,0,MOVE
1770791360.803943,MOUSE,3,0,MOVE
1770791360.820610,MOUSE,3,0,MOVE
1770791360.837276,MOUSE,3,0,MOVE
1770791360.853943,MOUSE,3,0,MOVE
1770791360.870610,MOUSE,3,0,MOVE
1770791360.887276,MOUSE,3,0,MOVE
1770791360.903943,MOUSE,3,0,MOVE
1770791360.920610,MOUSE,0,4,MOVE
1770791360.937276,MOUSE,0,4,MOVE
1770791360.953943,MOUSE,0,4,MOVE
1770791360.970610,MOUSE,0,4,MOVE
1770791360.987276,MOUSE,0,4,MOVE
1770791361.003943,MOUSE,0,4,MOVE
1770791361.020610,MOUSE,0,4,MOVE
1770791361.037276,MOUSE,0,4,MOVE
1770791361.053943,MOUSE,0,4,MOVE
1770791361.070610,MOUSE,0,4,MOVE
1770791361.087276,MOUSE,0,4,MOVE
1770791361.103943,MOUSE,0,4,MOVE
1770791361.120610,MOUSE,0,4,MOVE
1770791361.137276,MOUSE,0,4,MOVE
1770791361.153943,MOUSE,0,4,MOVE
1770791361.170609,MOUSE,0,4,MOVE
1770791361.187276,MOUSE,0,4,MOVE
1770791361.203943,MOUSE,0,4,MOVE
1770791361.220609,MOUSE,0,4,MOVE
1770791361.237276,MOUSE,0,4,MOVE
1770791361.253943,MOUSE,0,4,MOVE
1770791361.270609,MOUSE,0,4,MOVE
1770791361.287276,MOUSE,0,4,MOVE
1770791361.303943,MOUSE,0,4,MOVE
1770791361.320609,MOUSE,1,1,MOVE
1770791361.337276,MOUSE,1,1,MOVE
1770791361.353943,MOUSE,1,1,MOVE
1770791361.370609,MOUSE,1,1,MOVE
1770791361.387276,MOUSE,1,1,MOVE
1770791361.403943,MOUSE,1,1,MOVE
1770791361.420609,MOUSE,1,1,MOVE
1770791361.437276,MOUSE,1,1,MOVE
1770791361.453943,MOUSE,1,1,MOVE
1770791361.470609,MOUSE,1,1,MOVE
1770791361.487276,MOUSE,1,1,MOVE
1770791361.503942,MOUSE,1,1,MOVE
1770791361.520609,MOUSE,1,1,MOVE
1770791361.537276,MOUSE,1,1,MOVE
1770791361.553942,MOUSE,1,1,MOVE
1770791361.570609,MOUSE,1,1,MOVE
1770791361.587276,MOUSE,1,1,MOVE
1770791361.603942,MOUSE,1,1,MOVE
1770791361.620609,MOUSE,1,1,MOVE
1770791361.637276,MOUSE,1,1,MOVE
1770791361.653942,MOUSE,1,1,MOVE
1770791361.670609,MOUSE,1,1,MOVE
1770791361.687276,MOUSE,1,1,MOVE
1770791361.703942,MOUSE,1,1,MOVE
1770791361.720609,MOUSE,1,1,MOVE
1770791361.737276,MOUSE,1,1,MOVE
1770791361.753942,MOUSE,1,1,MOVE
1770791361.770609,MOUSE,1,1,MOVE
1770791361.787276,MOUSE,1,1,MOVE
1770791361.803942,MOUSE,1,1,MOVE
1770791361.820609,MOUSE,1,1,MOVE
1770791361.837276,MOUSE,1,1,MOVE
1770791361.853942,MOUSE,1,1,MOVE
1770791361.870609,MOUSE,1,1,MOVE
1770791361.887275,MOUSE,1,1,MOVE
1770791361.887275,MOUSE,0,0,LEFT_DOWN
1770791361.897275,MOUSE,0,0,LEFT_UP
1770791361.903942,MOUSE,1,1,MOVE
1770791361.920609,MOUSE,1,1,MOVE
1770791361.937275,MOUSE,1,1,MOVE
1770791361.953942,MOUSE,1,1,MOVE
1770791361.970609,MOUSE,1,1,MOVE
1770791361.970609,MOUSE,0,0,LEFT_DOWN
1770791361.980609,MOUSE,0,0,LEFT_UP
1770791361.987275,MOUSE,1,1,MOVE
1770791362.003942,MOUSE,1,1,MOVE
1770791362.020609,MOUSE,1,1,MOVE
1770791362.037275,MOUSE,1,1,MOVE
1770791362.053942,MOUSE,1,1,MOVE
1770791362.053942,MOUSE,0,0,LEFT_DOWN
1770791362.063942,MOUSE,0,0,LEFT_UP
1770791362.070609,MOUSE,1,1,MOVE
1770791362.087275,MOUSE,1,1,MOVE
1770791362.103942,MOUSE,1,1,MOVE
1770791362.120609,MOUSE,1,1,MOVE
1770791362.137275,MOUSE,1,1,MOVE
1770791362.137275,MOUSE,0,0,LEFT_DOWN
1770791362.147275,MOUSE,0,0,LEFT_UP
1770791362.153942,MOUSE,1,1,MOVE
1770791362.170609,MOUSE,1,1,MOVE
1770791362.187275,MOUSE,1,1,MOVE
1770791362.203942,MOUSE,1,1,MOVE
1770791362.220608,MOUSE,1,1,MOVE
1770791362.220608,MOUSE,0,0,LEFT_DOWN
1770791362.230608,MOUSE,0,0,LEFT_UP
1770791362.237275,MOUSE,1,1,MOVE
1770791362.253942,MOUSE,1,1,MOVE
1770791362.270608,MOUSE,1,1,MOVE
1770791362.287275,MOUSE,1,1,MOVE
1770791362.303942,MOUSE,1,1,MOVE
1770791362.303942,MOUSE,0,0,LEFT_DOWN
1770791362.313942,MOUSE,0,0,LEFT_UP
1770791362.320608,MOUSE,1,1,MOVE
1770791362.337275,MOUSE,1,1,MOVE
1770791362.353942,MOUSE,1,1,MOVE
1770791362.370608,MOUSE,1,1,MOVE
1770791362.387275,MOUSE,1,1,MOVE
1770791362.387275,MOUSE,0,0,LEFT_DOWN
1770791362.397275,MOUSE,0,0,LEFT_UP
1770791362.403942,MOUSE,1,1,MOVE
1770791362.420608,MOUSE,1,1,MOVE
1770791362.437275,MOUSE,1,1,MOVE
1770791362.453942,MOUSE,1,1,MOVE
1770791362.470608,MOUSE,1,1,MOVE
1770791362.470608,MOUSE,0,0,LEFT_DOWN
1770791362.480608,MOUSE,0,0,LEFT_UP
1770791362.487275,MOUSE,1,1,MOVE
1770791362.503942,MOUSE,1,1,MOVE
1770791362.520608,MOUSE,1,1,MOVE
1770791362.537275,MOUSE,1,1,MOVE
1770791362.553941,MOUSE,1,1,MOVE
1770791362.553941,MOUSE,0,0,LEFT_DOWN
1770791362.563941,MOUSE,0,0,LEFT_UP
1770791362.570608,MOUSE,1,1,MOVE
1770791362.587275,MOUSE,1,1,MOVE
1770791362.603941,MOUSE,1,1,MOVE
1770791362.620608,MOUSE,1,1,MOVE
1770791362.637275,MOUSE,1,1,MOVE
1770791362.637275,MOUSE,0,0,LEFT_DOWN
1770791362.647275,MOUSE,0,0,LEFT_UP
1770791362.653941,MOUSE,1,1,MOVE
1770791362.670608,MOUSE,1,1,MOVE
1770791362.687275,MOUSE,1,1,MOVE
1770791362.703941,MOUSE,1,1,MOVE
1770791362.720608,MOUSE,1,1,MOVE
1770791362.720608,MOUSE,0,0,LEFT_DOWN
1770791362.730608,MOUSE,0,0,LEFT_UP
1770791362.737275,MOUSE,1,1,MOVE
1770791362.753941,MOUSE,1,1,MOVE
1770791362.770608,MOUSE,1,1,MOVE
1770791362.787275,MOUSE,1,1,MOVE
1770791362.803941,MOUSE,1,1,MOVE
1770791362.803941,MOUSE,0,0,LEFT_DOWN
1770791362.813941,MOUSE,0,0,LEFT_UP
1770791362.820608,MOUSE,1,1,MOVE
1770791362.837275,MOUSE,1,1,MOVE
1770791362.853941,MOUSE,1,1,MOVE
1770791362.870608,MOUSE,1,1,MOVE
1770791362.887275,MOUSE,1,1,MOVE
1770791362.887275,MOUSE,0,0,LEFT_DOWN
1770791362.897274,MOUSE,0,0,LEFT_UP
1770791362.903941,MOUSE,1,1,MOVE
1770791362.920608,MOUSE,1,1,MOVE
1770791362.937274,MOUSE,1,1,MOVE
1770791362.953941,MOUSE,1,1,MOVE
1770791362.970608,MOUSE,1,1,MOVE
1770791362.970608,MOUSE,0,0,LEFT_DOWN
1770791362.980608,MOUSE,0,0,LEFT_UP
1770791362.987274,MOUSE,1,1,MOVE
1770791363.003941,MOUSE,1,1,MOVE
1770791363.020608,MOUSE,1,1,MOVE
1770791363.037274,MOUSE,1,1,MOVE
1770791363.053941,MOUSE,1,1,MOVE
1770791363.053941,MOUSE,0,0,LEFT_DOWN
1770791363.063941,MOUSE,0,0,LEFT_UP
1770791363.070608,MOUSE,1,1,MOVE
1770791363.087274,MOUSE,1,1,MOVE
1770791363.103941,MOUSE,1,1,MOVE
1770791363.120608,MOUSE,1,1,MOVE
1770791363.137274,MOUSE,1,1,MOVE
1770791363.137274,MOUSE,0,0,LEFT_DOWN
1770791363.147274,MOUSE,0,0,LEFT_UP
1770791363.153941,MOUSE,1,1,MOVE
1770791363.170608,MOUSE,1,1,MOVE
1770791363.187274,MOUSE,1,1,MOVE
1770791363.203941,MOUSE,1,1,MOVE
1770791363.220608,MOUSE,1,1,MOVE
1770791363.220608,MOUSE,0,0,LEFT_DOWN
1770791363.230608,MOUSE,0,0,LEFT_UP
1770791363.237274,MOUSE,1,1,MOVE
1770791363.253941,MOUSE,1,1,MOVE
1770791363.270607,MOUSE,1,1,MOVE
1770791363.287274,MOUSE,0,4,MOVE
1770791363.303941,MOUSE,0,4,MOVE
1770791363.303941,MOUSE,0,0,LEFT_DOWN
1770791363.313941,MOUSE,0,0,LEFT_UP
1770791363.320607,MOUSE,0,4,MOVE
1770791363.337274,MOUSE,0,4,MOVE
1770791363.353941,MOUSE,0,4,MOVE
1770791363.370607,MOUSE,0,4,MOVE
1770791363.387274,MOUSE,0,4,MOVE
1770791363.387274,MOUSE,0,0,LEFT_DOWN
1770791363.397274,MOUSE,0,0,LEFT_UP
1770791363.403941,MOUSE,0,4,MOVE
1770791363.420607,MOUSE,0,4,MOVE
1770791363.437274,MOUSE,0,4,MOVE
1770791363.453941,MOUSE,0,4,MOVE
1770791363.470607,MOUSE,0,4,MOVE
1770791363.470607,MOUSE,0,0,LEFT_DOWN
1770791363.480607,MOUSE,0,0,LEFT_UP
1770791363.487274,MOUSE,0,4,MOVE
1770791363.503941,MOUSE,0,4,MOVE
1770791363.520607,MOUSE,0,4,MOVE
1770791363.537274,MOUSE,0,4,MOVE
1770791363.553941,MOUSE,0,4,MOVE
1770791363.553941,MOUSE,0,0,LEFT_DOWN
1770791363.563941,MOUSE,0,0,LEFT_UP
1770791363.570607,MOUSE,0,4,MOVE
1770791363.587274,MOUSE,0,4,MOVE
1770791363.603940,MOUSE,0,4,MOVE
1770791363.620607,MOUSE,0,4,MOVE
1770791363.637274,MOUSE,0,4,MOVE
1770791363.637274,MOUSE,0,0,LEFT_DOWN
1770791363.647274,MOUSE,0,0,LEFT_UP
1770791363.653940,MOUSE,0,4,MOVE
1770791363.670607,MOUSE,0,4,MOVE
1770791363.687274,MOUSE,0,4,MOVE
1770791363.703940,MOUSE,0,4,MOVE
1770791363.720607,MOUSE,0,4,MOVE
1770791363.720607,MOUSE,0,0,LEFT_DOWN
1770791363.730607,MOUSE,0,0,LEFT_UP
1770791363.737274,MOUSE,0,4,MOVE
1770791363.753940,MOUSE,0,4,MOVE
1770791363.770607,MOUSE,0,4,MOVE
1770791363.787274,MOUSE,0,4,MOVE
1770791363.803940,MOUSE,0,4,MOVE
1770791363.803940,MOUSE,0,0,LEFT_DOWN
1770791363.813940,MOUSE,0,0,LEFT_UP
1770791363.820607,MOUSE,0,4,MOVE
1770791363.837274,MOUSE,0,4,MOVE
1770791363.853940,MOUSE,0,4,MOVE
1770791363.870607,MOUSE,0,4,MOVE
1770791363.887274,MOUSE,0,4,MOVE
1770791363.887274,MOUSE,0,0,LEFT_DOWN
1770791363.897274,MOUSE,0,0,LEFT_UP
1770791363.903940,MOUSE,0,4,MOVE
1770791363.920607,MOUSE,0,4,MOVE
1770791363.937274,MOUSE,0,4,MOVE
1770791363.953940,MOUSE,0,4,MOVE
1770791363.970607,MOUSE,0,4,MOVE
1770791363.970607,MOUSE,0,0,LEFT_DOWN
1770791363.980607,MOUSE,0,0,LEFT_UP
1770791363.987273,MOUSE,0,4,MOVE
1770791364.003940,MOUSE,0,4,MOVE
1770791364.020607,MOUSE,0,4,MOVE
1770791364.037273,MOUSE,0,4,MOVE
1770791364.053940,MOUSE,0,4,MOVE
1770791364.053940,MOUSE,0,0,LEFT_DOWN
1770791364.063940,MOUSE,0,0,LEFT_UP
1770791364.070607,MOUSE,0,4,MOVE
1770791364.087273,MOUSE,0,4,MOVE
1770791364.103940,MOUSE,0,4,MOVE
1770791364.120607,MOUSE,0,4,MOVE
1770791364.137273,MOUSE,0,4,MOVE
1770791364.137273,MOUSE,0,0,LEFT_DOWN
1770791364.147273,MOUSE,0,0,LEFT_UP
1770791364.153940,MOUSE,0,4,MOVE
1770791364.170607,MOUSE,0,4,MOVE
1770791364.187273,MOUSE,0,4,MOVE
1770791364.203940,MOUSE,0,4,MOVE
1770791364.220607,MOUSE,0,4,MOVE
1770791364.220607,MOUSE,0,0,LEFT_DOWN
1770791364.230607,MOUSE,0,0,LEFT_UP
1770791364.237273,MOUSE,0,4,MOVE
1770791364.253940,MOUSE,0,4,MOVE
1770791364.270607,MOUSE,0,4,MOVE
1770791364.287273,MOUSE,0,4,MOVE
1770791364.303940,MOUSE,0,4,MOVE
1770791364.303940,MOUSE,0,0,LEFT_DOWN
1770791364.313940,MOUSE,0,0,LEFT_UP
1770791364.320606,MOUSE,0,4,MOVE
1770791364.337273,MOUSE,0,4,MOVE
1770791364.353940,MOUSE,0,4,MOVE
1770791364.370606,MOUSE,0,4,MOVE
1770791364.387273,MOUSE,0,4,MOVE
1770791364.387273,MOUSE,0,0,LEFT_DOWN
1770791364.397273,MOUSE,0,0,LEFT_UP
1770791364.403940,MOUSE,0,4,MOVE
1770791364.420606,MOUSE,0,4,MOVE
1770791364.437273,MOUSE,0,4,MOVE
1770791364.453940,MOUSE,0,4,MOVE
1770791364.470606,MOUSE,0,4,MOVE
1770791364.470606,MOUSE,0,0,LEFT_DOWN
1770791364.480606,MOUSE,0,0,LEFT_UP
1770791364.487273,MOUSE,0,4,MOVE
1770791364.503940,MOUSE,0,4,MOVE
1770791364.520606,MOUSE,0,4,MOVE
1770791364.537273,MOUSE,0,4,MOVE
1770791364.553940,MOUSE,0,4,MOVE
1770791364.553940,MOUSE,0,0,LEFT_DOWN
1770791364.563940,MOUSE,0,0,LEFT_UP
1770791364.570606,MOUSE,0,4,MOVE
1770791364.587273,MOUSE,0,4,MOVE
1770791364.603940,MOUSE,0,4,MOVE
1770791364.620606,MOUSE,0,4,MOVE
1770791364.637273,MOUSE,0,4,MOVE
1770791364.653939,MOUSE,0,4,MOVE
1770791364.670606,MOUSE,0,4,MOVE
1770791364.687273,MOUSE,0,4,MOVE
1770791364.703939,MOUSE,0,4,MOVE
1770791364.720606,MOUSE,0,4,MOVE
1770791364.737273,MOUSE,0,4,MOVE
1770791364.753939,MOUSE,0,4,MOVE
1770791364.770606,MOUSE,0,4,MOVE
1770791364.787273,MOUSE,0,4,MOVE
1770791364.803939,MOUSE,0,4,MOVE
1770791364.820606,MOUSE,0,4,MOVE
1770791364.837273,MOUSE,0,4,MOVE
1770791364.853939,MOUSE,0,4,MOVE
1770791364.870606,MOUSE,0,4,MOVE
1770791364.887273,MOUSE,0,4,MOVE
1770791364.903939,MOUSE,0,4,MOVE
1770791364.920606,MOUSE,0,4,MOVE
1770791364.937273,MOUSE,0,4,MOVE
1770791364.953939,MOUSE,0,4,MOVE
1770791364.970606,MOUSE,0,4,MOVE
1770791364.987273,MOUSE,0,4,MOVE
1770791365.003939,MOUSE,0,4,MOVE
1770791365.020606,MOUSE,0,4,MOVE
1770791365.037272,MOUSE,0,4,MOVE
1770791365.053939,MOUSE,0,4,MOVE
1770791365.070606,MOUSE,0,4,MOVE
1770791365.087272,MOUSE,0,4,MOVE
1770791365.103939,MOUSE,0,4,MOVE
1770791365.120606,MOUSE,0,4,MOVE
1770791365.137272,MOUSE,0,4,MOVE
1770791365.153939,MOUSE,0,4,MOVE
1770791365.170606,MOUSE,0,4,MOVE
1770791365.187272,MOUSE,0,4,MOVE
1770791365.203939,MOUSE,0,4,MOVE
1770791365.220606,MOUSE,0,4,MOVE
1770791365.237272,MOUSE,-5,-1,MOVE
1770791365.253939,MOUSE,-5,-1,MOVE
1770791365.270606,MOUSE,-5,-1,MOVE
1770791365.287272,MOUSE,-5,-1,MOVE
1770791365.303939,MOUSE,-5,-1,MOVE
1770791365.320606,MOUSE,-5,-1,MOVE
1770791365.337272,MOUSE,-5,-1,MOVE
1770791365.353939,MOUSE,-5,-1,MOVE
1770791365.370605,MOUSE,-5,-1,MOVE
1770791365.387272,MOUSE,-5,-1,MOVE
1770791365.403939,MOUSE,-5,-1,MOVE
1770791365.420605,MOUSE,-5,-1,MOVE
1770791365.437272,MOUSE,-5,-1,MOVE
1770791365.453939,MOUSE,-5,-1,MOVE
1770791365.470605,MOUSE,-5,-1,MOVE
1770791365.487272,MOUSE,-5,-1,MOVE
1770791365.503939,MOUSE,-5,-1,MOVE
1770791365.520605,MOUSE,-5,-1,MOVE
1770791365.537272,MOUSE,-5,-1,MOVE
1770791365.553939,MOUSE,-5,-1,MOVE
1770791365.570605,MOUSE,-5,-1,MOVE
1770791365.587272,MOUSE,-5,-1,MOVE
1770791365.603939,MOUSE,-5,-1,MOVE
1770791365.620605,MOUSE,-5,-1,MOVE
1770791365.637272,MOUSE,-5,-1,MOVE
1770791365.653939,MOUSE,-5,-1,MOVE
1770791365.670605,MOUSE,-5,-1,MOVE
1770791365.687272,MOUSE,-5,-1,MOVE
1770791365.703938,MOUSE,-5,-1,MOVE
1770791365.720605,MOUSE,-5,-1,MOVE
1770791365.737272,MOUSE,-5,-1,MOVE
1770791365.753938,MOUSE,-5,-1,MOVE
1770791365.770605,MOUSE,-5,-1,MOVE
1770791365.787272,MOUSE,-5,-1,MOVE
1770791365.803938,MOUSE,-5,-1,MOVE
1770791365.820605,MOUSE,-5,-1,MOVE
1770791365.837272,MOUSE,-5,-1,MOVE
1770791365.853938,MOUSE,-5,-1,MOVE
1770791365.870605,MOUSE,-5,-1,MOVE
1770791365.887272,MOUSE,-5,-1,MOVE
1770791365.903938,MOUSE,-5,-1,MOVE
1770791365.920605,MOUSE,-5,-1,MOVE
1770791365.937272,MOUSE,-5,-1,MOVE
1770791365.953938,MOUSE,-5,-1,MOVE
1770791365.970605,MOUSE,-5,-1,MOVE
1770791365.987272,MOUSE,-5,-1,MOVE
1770791366.003938,MOUSE,-5,-1,MOVE
1770791366.020605,MOUSE,-5,-1,MOVE
1770791366.037271,MOUSE,-5,-1,MOVE
1770791366.053938,MOUSE,-5,-1,MOVE
1770791366.070605,MOUSE,-5,-1,MOVE
1770791366.087271,MOUSE,-5,-1,MOVE
1770791366.103938,MOUSE,-5,-1,MOVE
1770791366.120605,MOUSE,-5,-1,MOVE
1770791366.137271,MOUSE,-5,-1,MOVE
1770791366.153938,MOUSE,-5,-1,MOVE
1770791366.170605,MOUSE,-5,-1,MOVE
1770791366.187271,MOUSE,-5,-1,MOVE
1770791366.203938,MOUSE,-5,-1,MOVE
1770791366.220605,MOUSE,-5,-1,MOVE
1770791366.237271,MOUSE,-5,-1,MOVE
1770791366.253938,MOUSE,-5,-1,MOVE
1770791366.270605,MOUSE,-5,-1,MOVE
1770791366.287271,MOUSE,-5,-1,MOVE
1770791366.303938,MOUSE,-5,-1,MOVE
1770791366.320605,MOUSE,-5,-1,MOVE
1770791366.337271,MOUSE,-5,-1,MOVE
1770791366.353938,MOUSE,-5,-1,MOVE
1770791366.370605,MOUSE,-5,-1,MOVE
1770791366.387271,MOUSE,-5,-1,MOVE
1770791366.403938,MOUSE,-5,-1,MOVE
1770791366.420604,MOUSE,-5,-1,MOVE
1770791366.437271,MOUSE,-5,-1,MOVE
1770791366.453938,MOUSE,-5,-1,MOVE
1770791366.470604,MOUSE,-5,-1,MOVE
1770791366.487271,MOUSE,-5,-1,MOVE
1770791366.503938,MOUSE,-5,-1,MOVE
1770791366.520604,MOUSE,-5,-1,MOVE
1770791366.537271,MOUSE,-5,-1,MOVE
1770791366.553938,MOUSE,-5,-1,MOVE
1770791366.570604,MOUSE,-5,-1,MOVE
1770791366.587271,MOUSE,-5,-1,MOVE
1770791366.603938,MOUSE,-5,-1,MOVE
1770791366.620604,MOUSE,-5,-1,MOVE
1770791366.637271,MOUSE,-5,-1,MOVE
1770791366.653938,MOUSE,-5,-1,MOVE
1770791366.670604,MOUSE,-5,-1,MOVE
1770791366.687271,MOUSE,-5,-1,MOVE
1770791366.703938,MOUSE,-5,-1,MOVE
1770791366.720604,MOUSE,-5,-1,MOVE
1770791366.737271,MOUSE,-5,-1,MOVE
1770791366.753937,MOUSE,-5,-1,MOVE
1770791366.770604,MOUSE,-5,-1,MOVE
1770791366.787271,MOUSE,1,4,MOVE
1770791366.803937,MOUSE,1,4,MOVE
1770791366.820604,MOUSE,1,4,MOVE
1770791366.837271,MOUSE,1,4,MOVE
1770791366.853937,MOUSE,1,4,MOVE
1770791366.870604,MOUSE,1,4,MOVE
1770791366.887271,MOUSE,1,4,MOVE
1770791366.903937,MOUSE,1,4,MOVE
1770791366.920604,MOUSE,1,4,MOVE
1770791366.937271,MOUSE,1,4,MOVE
1770791366.953937,MOUSE,1,4,MOVE
1770791366.970604,MOUSE,1,4,MOVE
1770791366.987271,MOUSE,1,4,MOVE
1770791367.003937,MOUSE,1,4,MOVE
1770791367.020604,MOUSE,1,4,MOVE
1770791367.037271,MOUSE,1,4,MOVE
1770791367.053937,MOUSE,1,4,MOVE
1770791367.070604,MOUSE,1,4,MOVE
1770791367.087270,MOUSE,1,4,MOVE
1770791367.103937,MOUSE,1,4,MOVE
1770791367.120604,MOUSE,1,4,MOVE
1770791367.137270,MOUSE,1,4,MOVE
1770791367.153937,MOUSE,1,4,MOVE
1770791367.170604,MOUSE,1,4,MOVE
1770791367.187270,MOUSE,1,4,MOVE
1770791367.203937,MOUSE,1,4,MOVE
1770791367.220604,MOUSE,1,4,MOVE
1770791367.237270,MOUSE,1,4,MOVE
1770791367.253937,MOUSE,1,4,MOVE
1770791367.270604,MOUSE,1,4,MOVE
1770791367.287270,MOUSE,1,4,MOVE
1770791367.303937,MOUSE,1,4,MOVE
1770791367.320604,MOUSE,1,4,MOVE
1770791367.337270,MOUSE,1,4,MOVE
1770791367.353937,MOUSE,1,4,MOVE
1770791367.370604,MOUSE,1,4,MOVE
1770791367.387270,MOUSE,1,4,MOVE
1770791367.403937,MOUSE,1,4,MOVE
1770791367.420604,MOUSE,1,4,MOVE
1770791367.437270,MOUSE,1,4,MOVE
1770791367.453937,MOUSE,1,4,MOVE
1770791367.470603,MOUSE,1,4,MOVE
1770791367.487270,MOUSE,1,4,MOVE
1770791367.503937,MOUSE,1,4,MOVE
1770791367.520603,MOUSE,1,4,MOVE
1770791367.537270,MOUSE,1,4,MOVE
1770791367.553937,MOUSE,1,4,MOVE
1770791367.570603,MOUSE,1,4,MOVE
1770791367.587270,MOUSE,1,4,MOVE
1770791367.603937,MOUSE,1,4,MOVE
1770791367.620603,MOUSE,1,4,MOVE
1770791367.637270,MOUSE,1,4,MOVE
1770791367.653937,MOUSE,1,4,MOVE
1770791367.670603,MOUSE,1,4,MOVE
1770791367.687270,MOUSE,1,4,MOVE
1770791367.703937,MOUSE,1,4,MOVE
1770791367.720603,MOUSE,1,4,MOVE
1770791367.737270,MOUSE,1,4,MOVE
1770791367.753937,MOUSE,1,4,MOVE
1770791367.770603,MOUSE,1,4,MOVE
1770791367.787270,MOUSE,1,4,MOVE
1770791367.803936,MOUSE,1,4,MOVE
1770791367.820603,MOUSE,1,4,MOVE
1770791367.837270,MOUSE,1,4,MOVE
1770791367.853936,MOUSE,1,4,MOVE
1770791367.870603,MOUSE,1,4,MOVE
1770791367.887270,MOUSE,1,4,MOVE
1770791367.903936,MOUSE,1,4,MOVE
1770791367.920603,MOUSE,1,4,MOVE
1770791367.937270,MOUSE,1,4,MOVE
1770791367.953936,MOUSE,1,4,MOVE
1770791367.970603,MOUSE,1,4,MOVE
1770791367.987270,MOUSE,1,4,MOVE
1770791368.003936,MOUSE,1,4,MOVE
1770791368.020603,MOUSE,1,4,MOVE
1770791368.037270,MOUSE,1,4,MOVE
1770791368.053936,MOUSE,1,4,MOVE
1770791368.070603,MOUSE,1,4,MOVE
1770791368.087270,MOUSE,1,4,MOVE
1770791368.103936,MOUSE,1,4,MOVE
1770791368.120603,MOUSE,1,4,MOVE
1770791368.137269,MOUSE,1,4,MOVE
1770791368.153936,MOUSE,1,4,MOVE
1770791368.170603,MOUSE,1,4,MOVE
1770791368.187269,MOUSE,1,4,MOVE
1770791368.203936,MOUSE,1,4,MOVE
1770791368.220603,MOUSE,1,4,MOVE
1770791368.237269,MOUSE,1,4,MOVE
1770791368.253936,MOUSE,1,4,MOVE
1770791368.270603,MOUSE,1,4,MOVE
1770791368.287269,MOUSE,1,4,MOVE
1770791368.303936,MOUSE,1,4,MOVE
1770791368.320603,MOUSE,1,4,MOVE
1770791368.337269,MOUSE,1,4,MOVE
1770791368.353936,MOUSE,1,4,MOVE
1770791368.370603,MOUSE,1,4,MOVE
1770791368.387269,MOUSE,1,4,MOVE
1770791368.403936,MOUSE,1,4,MOVE
1770791368.420603,MOUSE,1,4,MOVE
1770791368.437269,MOUSE,1,4,MOVE
1770791368.453936,MOUSE,1,4,MOVE
1770791368.470603,MOUSE,1,4,MOVE
1770791368.487269,MOUSE,1,4,MOVE
1770791368.503936,MOUSE,1,4,MOVE
1770791368.520602,MOUSE,1,4,MOVE
1770791368.537269,MOUSE,1,4,MOVE
1770791368.553936,MOUSE,1,4,MOVE
1770791368.570602,MOUSE,1,4,MOVE
1770791368.587269,MOUSE,1,4,MOVE
1770791368.603936,MOUSE,1,4,MOVE
1770791368.620602,MOUSE,1,4,MOVE
1770791368.637269,MOUSE,1,4,MOVE
1770791368.653936,MOUSE,1,4,MOVE
1770791368.670602,MOUSE,1,4,MOVE
1770791368.687269,MOUSE,1,4,MOVE
1770791368.703936,MOUSE,1,4,MOVE
1770791368.720602,MOUSE,1,4,MOVE
1770791368.737269,MOUSE,1,4,MOVE
1770791368.753936,MOUSE,1,4,MOVE
1770791368.770602,MOUSE,1,4,MOVE
1770791368.787269,MOUSE,0,-2,MOVE
1770791368.803936,MOUSE,0,-2,MOVE
1770791368.820602,MOUSE,0,-2,MOVE
1770791368.837269,MOUSE,0,-2,MOVE
1770791368.853935,MOUSE,0,-2,MOVE
1770791368.870602,MOUSE,0,-2,MOVE
1770791368.887269,MOUSE,0,-2,MOVE
1770791368.903935,MOUSE,0,-2,MOVE
1770791368.920602,MOUSE,0,-2,MOVE
1770791368.937269,MOUSE,0,-2,MOVE
1770791368.953935,MOUSE,0,-2,MOVE
1770791368.970602,MOUSE,0,-2,MOVE
1770791368.987269,MOUSE,0,-2,MOVE
1770791369.003935,MOUSE,0,-2,MOVE
1770791369.020602,MOUSE,0,-2,MOVE
1770791369.037269,MOUSE,0,-2,MOVE
1770791369.053935,MOUSE,0,-2,MOVE
1770791369.070602,MOUSE,0,-2,MOVE
1770791369.087269,MOUSE,0,-2,MOVE
1770791369.103935,MOUSE,0,-2,MOVE
1770791369.120602,MOUSE,0,-2,MOVE
1770791369.137269,MOUSE,0,-2,MOVE
1770791369.153935,MOUSE,0,-2,MOVE
1770791369.170602,MOUSE,0,-2,MOVE
1770791369.187268,MOUSE,0,-2,MOVE
1770791369.203935,MOUSE,0,-2,MOVE
1770791369.203935,MOUSE,0,0,LEFT_DOWN
1770791369.213935,MOUSE,0,0,LEFT_UP
1770791369.220602,MOUSE,0,-2,MOVE
1770791369.237268,MOUSE,0,-2,MOVE
1770791369.253935,MOUSE,0,-2,MOVE
1770791369.270602,MOUSE,0,-2,MOVE
1770791369.287268,MOUSE,0,-2,MOVE
1770791369.303935,MOUSE,0,-2,MOVE
1770791369.320602,MOUSE,0,-2,MOVE
1770791369.337268,MOUSE,0,-2,MOVE
1770791369.353935,MOUSE,0,-2,MOVE
1770791369.370602,MOUSE,0,-2,MOVE
1770791369.387268,MOUSE,0,-2,MOVE
1770791369.403935,MOUSE,0,-2,MOVE
1770791369.420602,MOUSE,0,-2,MOVE
1770791369.437268,MOUSE,0,-2,MOVE
1770791369.453935,MOUSE,0,-2,MOVE
1770791369.470602,MOUSE,0,-2,MOVE
1770791369.487268,MOUSE,0,-2,MOVE
1770791369.503935,MOUSE,0,-2,MOVE
1770791369.520602,MOUSE,0,-2,MOVE
1770791369.537268,MOUSE,0,-2,MOVE
1770791369.553935,MOUSE,0,-2,MOVE
1770791369.570601,MOUSE,0,-2,MOVE
1770791369.587268,MOUSE,0,-2,MOVE
1770791369.603935,MOUSE,0,-2,MOVE
1770791369.620601,MOUSE,0,-2,MOVE
1770791369.637268,MOUSE,0,-2,MOVE
1770791369.653935,MOUSE,0,-2,MOVE
1770791369.670601,MOUSE,0,-2,MOVE
1770791369.687268,MOUSE,0,-2,MOVE
1770791369.703935,MOUSE,0,-2,MOVE
1770791369.720601,MOUSE,0,-2,MOVE
1770791369.737268,MOUSE,0,-2,MOVE
1770791369.753935,MOUSE,0,-2,MOVE
1770791369.770601,MOUSE,0,-2,MOVE
1770791369.770601,MOUSE,0,0,LEFT_DOWN
1770791369.780601,MOUSE,0,0,LEFT_UP
1770791369.787268,MOUSE,0,-2,MOVE
1770791369.803935,MOUSE,0,-2,MOVE
1770791369.820601,MOUSE,0,-2,MOVE
1770791369.837268,MOUSE,0,-2,MOVE
1770791369.853935,MOUSE,0,-2,MOVE
1770791369.870601,MOUSE,0,-2,MOVE
1770791369.887268,MOUSE,0,-2,MOVE
1770791369.903934,MOUSE,0,-2,MOVE
1770791369.920601,MOUSE,0,-2,MOVE
1770791369.937268,MOUSE,0,-2,MOVE
1770791369.953934,MOUSE,0,-2,MOVE
1770791369.970601,MOUSE,0,-2,MOVE
1770791369.987268,MOUSE,0,-2,MOVE
1770791370.003934,MOUSE,0,-2,MOVE
1770791370.020601,MOUSE,0,-2,MOVE
1770791370.037268,MOUSE,0,-2,MOVE
1770791370.053934,MOUSE,0,-2,MOVE
1770791370.070601,MOUSE,2,0,MOVE
1770791370.087268,MOUSE,2,0,MOVE
1770791370.103934,MOUSE,2,0,MOVE
1770791370.120601,MOUSE,2,0,MOVE
1770791370.137268,MOUSE,2,0,MOVE
1770791370.153934,MOUSE,2,0,MOVE
1770791370.170601,MOUSE,2,0,MOVE
1770791370.187268,MOUSE,2,0,MOVE
1770791370.203934,MOUSE,2,0,MOVE
1770791370.220601,MOUSE,2,0,MOVE
1770791370.237267,MOUSE,2,0,MOVE
1770791370.253934,MOUSE,2,0,MOVE
1770791370.270601,MOUSE,2,0,MOVE
1770791370.287267,MOUSE,2,0,MOVE
1770791370.303934,MOUSE,2,0,MOVE
1770791370.320601,MOUSE,2,0,MOVE
1770791370.337267,MOUSE,2,0,MOVE
1770791370.337267,MOUSE,0,0,LEFT_DOWN
1770791370.347267,MOUSE,0,0,LEFT_UP
1770791370.353934,MOUSE,2,0,MOVE
1770791370.370601,MOUSE,2,0,MOVE
1770791370.387267,MOUSE,2,0,MOVE
1770791370.403934,MOUSE,2,0,MOVE
1770791370.420601,MOUSE,2,0,MOVE
1770791370.437267,MOUSE,2,0,MOVE
1770791370.453934,MOUSE,2,0,MOVE
1770791370.470601,MOUSE,2,0,MOVE
1770791370.487267,MOUSE,2,0,MOVE
1770791370.503934,MOUSE,2,0,MOVE
1770791370.520601,MOUSE,2,0,MOVE
1770791370.537267,MOUSE,2,0,MOVE
1770791370.553934,MOUSE,2,0,MOVE
1770791370.570601,MOUSE,2,0,MOVE
1770791370.587267,MOUSE,2,0,MOVE
1770791370.603934,MOUSE,2,0,MOVE
1770791370.620600,MOUSE,2,0,MOVE
1770791370.637267,MOUSE,2,0,MOVE
1770791370.653934,MOUSE,2,0,MOVE
1770791370.670600,MOUSE,2,0,MOVE
1770791370.687267,MOUSE,2,0,MOVE
1770791370.703934,MOUSE,2,0,MOVE
1770791370.720600,MOUSE,2,0,MOVE
1770791370.737267,MOUSE,2,0,MOVE
1770791370.753934,MOUSE,2,0,MOVE
1770791370.770600,MOUSE,2,0,MOVE
1770791370.787267,MOUSE,2,0,MOVE
1770791370.803934,MOUSE,2,0,MOVE
1770791370.803934,MOUSE,0,0,LEFT_DOWN
1770791370.813934,MOUSE,0,0,LEFT_UP
1770791370.820600,MOUSE,2,0,MOVE
1770791370.837267,MOUSE,1,-5,MOVE
1770791370.853934,MOUSE,1,-5,MOVE
1770791370.870600,MOUSE,1,-5,MOVE
1770791370.887267,MOUSE,1,-5,MOVE
1770791370.903934,MOUSE,1,-5,MOVE
1770791370.920600,MOUSE,1,-5,MOVE
1770791370.920600,MOUSE,0,0,LEFT_DOWN
1770791370.930600,MOUSE,0,0,LEFT_UP
1770791370.937267,MOUSE,1,-5,MOVE
1770791370.953933,MOUSE,1,-5,MOVE
1770791370.970600,MOUSE,1,-5,MOVE
1770791370.987267,MOUSE,1,-5,MOVE
1770791371.003933,MOUSE,1,-5,MOVE
1770791371.020600,MOUSE,1,-5,MOVE
1770791371.037267,MOUSE,1,-5,MOVE
1770791371.037267,MOUSE,0,0,LEFT_DOWN
1770791371.047267,MOUSE,0,0,LEFT_UP
1770791371.053933,MOUSE,1,-5,MOVE
1770791371.070600,MOUSE,1,-5,MOVE
1770791371.087267,MOUSE,1,-5,MOVE
1770791371.103933,MOUSE,1,-5,MOVE
1770791371.120600,MOUSE,1,-5,MOVE
1770791371.137267,MOUSE,1,-5,MOVE
1770791371.153933,MOUSE,1,-5,MOVE
1770791371.153933,MOUSE,0,0,LEFT_DOWN
1770791371.163933,MOUSE,0,0,LEFT_UP
1770791371.170600,MOUSE,1,-5,MOVE
1770791371.187267,MOUSE,1,-5,MOVE
1770791371.203933,MOUSE,1,-5,MOVE
1770791371.220600,MOUSE,1,-5,MOVE
1770791371.237267,MOUSE,1,-5,MOVE
1770791371.253933,MOUSE,1,-5,MOVE
1770791371.270600,MOUSE,1,-5,MOVE
1770791371.270600,MOUSE,0,0,LEFT_DOWN
1770791371.280600,MOUSE,0,0,LEFT_UP
1770791371.287266,MOUSE,1,-5,MOVE
1770791371.303933,MOUSE,1,-5,MOVE
1770791371.320600,MOUSE,1,-5,MOVE
1770791371.337266,MOUSE,1,-5,MOVE
1770791371.353933,MOUSE,1,-5,MOVE
1770791371.370600,MOUSE,1,-5,MOVE
1770791371.387266,MOUSE,1,-5,MOVE
1770791371.387266,MOUSE,0,0,LEFT_DOWN
1770791371.397266,MOUSE,0,0,LEFT_UP
1770791371.403933,MOUSE,1,-5,MOVE
1770791371.420600,MOUSE,1,-5,MOVE
1770791371.437266,MOUSE,1,-5,MOVE
1770791371.453933,MOUSE,1,-5,MOVE
1770791371.470600,MOUSE,1,-5,MOVE
1770791371.487266,MOUSE,1,-5,MOVE
1770791371.503933,MOUSE,1,-5,MOVE
1770791371.503933,MOUSE,0,0,LEFT_DOWN
1770791371.513933,MOUSE,0,0,LEFT_UP
1770791371.520600,MOUSE,1,-5,MOVE
1770791371.537266,MOUSE,1,-5,MOVE
1770791371.553933,MOUSE,1,-5,MOVE
1770791371.570600,MOUSE,1,-5,MOVE
1770791371.587266,MOUSE,1,-5,MOVE
1770791371.603933,MOUSE,1,-5,MOVE
1770791371.620600,MOUSE,1,-5,MOVE
1770791371.620600,MOUSE,0,0,LEFT_DOWN
1770791371.630599,MOUSE,0,0,LEFT_UP
1770791371.637266,MOUSE,1,-5,MOVE
1770791371.653933,MOUSE,1,-5,MOVE
1770791371.670599,MOUSE,1,-5,MOVE
1770791371.687266,MOUSE,1,-5,MOVE
1770791371.703933,MOUSE,1,-5,MOVE
1770791371.720599,MOUSE,1,-5,MOVE
1770791371.737266,MOUSE,1,-5,MOVE
1770791371.737266,MOUSE,0,0,LEFT_DOWN
1770791371.747266,MOUSE,0,0,LEFT_UP
1770791371.753933,MOUSE,4,3,MOVE
1770791371.770599,MOUSE,4,3,MOVE
1770791371.787266,MOUSE,4,3,MOVE
1770791371.803933,MOUSE,4,3,MOVE
1770791371.820599,MOUSE,4,3,MOVE
1770791371.837266,MOUSE,4,3,MOVE
1770791371.853933,MOUSE,4,3,MOVE
1770791371.853933,MOUSE,0,0,LEFT_DOWN
1770791371.863933,MOUSE,0,0,LEFT_UP
1770791371.870599,MOUSE,4,3,MOVE
1770791371.887266,MOUSE,4,3,MOVE
1770791371.903933,MOUSE,4,3,MOVE
1770791371.920599,MOUSE,4,3,MOVE
1770791371.937266,MOUSE,4,3,MOVE
1770791371.953933,MOUSE,4,3,MOVE
1770791371.970599,MOUSE,4,3,MOVE
1770791371.970599,MOUSE,0,0,LEFT_DOWN
1770791371.980599,MOUSE,0,0,LEFT_UP
1770791371.987266,MOUSE,4,3,MOVE
1770791372.003932,MOUSE,4,3,MOVE
1770791372.020599,MOUSE,4,3,MOVE
1770791372.037266,MOUSE,4,3,MOVE
1770791372.053932,MOUSE,4,3,MOVE
1770791372.070599,MOUSE,4,3,MOVE
1770791372.087266,MOUSE,4,3,MOVE
1770791372.087266,MOUSE,0,0,LEFT_DOWN
1770791372.097266,MOUSE,0,0,LEFT_UP
1770791372.103932,MOUSE,4,3,MOVE
1770791372.120599,MOUSE,4,3,MOVE
1770791372.137266,MOUSE,4,3,MOVE
1770791372.153932,MOUSE,4,3,MOVE
1770791372.170599,MOUSE,4,3,MOVE
1770791372.187266,MOUSE,4,3,MOVE
1770791372.203932,MOUSE,4,3,MOVE
1770791372.203932,MOUSE,0,0,LEFT_DOWN
1770791372.213932,MOUSE,0,0,LEFT_UP
1770791372.220599,MOUSE,4,3,MOVE
1770791372.237266,MOUSE,4,3,MOVE
1770791372.253932,MOUSE,4,3,MOVE
1770791372.270599,MOUSE,4,3,MOVE
1770791372.287266,MOUSE,4,3,MOVE
1770791372.303932,MOUSE,4,3,MOVE
1770791372.320599,MOUSE,4,3,MOVE
1770791372.320599,MOUSE,0,0,LEFT_DOWN
1770791372.330599,MOUSE,0,0,LEFT_UP
1770791372.337265,MOUSE,4,3,MOVE
1770791372.353932,MOUSE,4,3,MOVE
1770791372.370599,MOUSE,4,3,MOVE
1770791372.387265,MOUSE,-2,0,MOVE
1770791372.403932,MOUSE,-2,0,MOVE
1770791372.420599,MOUSE,-2,0,MOVE
1770791372.437265,MOUSE,-2,0,MOVE
1770791372.437265,MOUSE,0,0,LEFT_DOWN
1770791372.447265,MOUSE,0,0,LEFT_UP
1770791372.453932,MOUSE,-2,0,MOVE
1770791372.470599,MOUSE,-2,0,MOVE
1770791372.487265,MOUSE,-2,0,MOVE
1770791372.503932,MOUSE,-2,0,MOVE
1770791372.520599,MOUSE,-2,0,MOVE
1770791372.537265,MOUSE,-2,0,MOVE
1770791372.553932,MOUSE,-2,0,MOVE
1770791372.553932,MOUSE,0,0,LEFT_DOWN
1770791372.563932,MOUSE,0,0,LEFT_UP
1770791372.570599,MOUSE,-2,0,MOVE
1770791372.587265,MOUSE,-2,0,MOVE
1770791372.603932,MOUSE,-2,0,MOVE
1770791372.620599,MOUSE,-2,0,MOVE
1770791372.637265,MOUSE,-2,0,MOVE
1770791372.653932,MOUSE,-2,0,MOVE
1770791372.670599,MOUSE,-2,0,MOVE
1770791372.670599,MOUSE,0,0,LEFT_DOWN
1770791372.680598,MOUSE,0,0,LEFT_UP
1770791372.687265,MOUSE,-2,0,MOVE
1770791372.703932,MOUSE,-2,0,MOVE
1770791372.720598,MOUSE,-2,0,MOVE
1770791372.737265,MOUSE,-2,0,MOVE
1770791372.753932,MOUSE,-2,0,MOVE
1770791372.770598,MOUSE,-2,0,MOVE
1770791372.787265,MOUSE,-2,0,MOVE
1770791372.787265,MOUSE,0,0,LEFT_DOWN
1770791372.797265,MOUSE,0,0,LEFT_UP
1770791372.803932,MOUSE,-2,0,MOVE
1770791372.820598,MOUSE,-2,0,MOVE
1770791372.837265,MOUSE,-2,0,MOVE
1770791372.853932,MOUSE,-2,0,MOVE
1770791372.870598,MOUSE,-2,0,MOVE
1770791372.887265,MOUSE,-2,0,MOVE
1770791372.903932,MOUSE,-2,0,MOVE
1770791372.903932,MOUSE,0,0,LEFT_DOWN
1770791372.913932,MOUSE,0,0,LEFT_UP
1770791372.920598,MOUSE,-2,0,MOVE
1770791372.937265,MOUSE,-2,0,MOVE
1770791372.953932,MOUSE,-2,0,MOVE
1770791372.970598,MOUSE,-2,0,MOVE
1770791372.987265,MOUSE,-2,0,MOVE
1770791373.003932,MOUSE,-2,0,MOVE
1770791373.020598,MOUSE,-2,0,MOVE
1770791373.020598,MOUSE,0,0,LEFT_DOWN
1770791373.030598,MOUSE,0,0,LEFT_UP
1770791373.037265,MOUSE,-2,0,MOVE
1770791373.053931,MOUSE,-2,0,MOVE
1770791373.070598,MOUSE,-2,0,MOVE
1770791373.087265,MOUSE,-2,0,MOVE
1770791373.103931,MOUSE,-2,0,MOVE
1770791373.120598,MOUSE,-2,0,MOVE
1770791373.137265,MOUSE,-2,0,MOVE
1770791373.137265,MOUSE,0,0,LEFT_DOWN
1770791373.147265,MOUSE,0,0,LEFT_UP
1770791373.153931,MOUSE,-2,0,MOVE
1770791373.170598,MOUSE,-2,0,MOVE
1770791373.187265,MOUSE,-2,0,MOVE
1770791373.203931,MOUSE,-2,0,MOVE
1770791373.220598,MOUSE,-2,0,MOVE
1770791373.237265,MOUSE,-2,0,MOVE
1770791373.253931,MOUSE,-2,0,MOVE
1770791373.253931,MOUSE,0,0,LEFT_DOWN
1770791373.263931,MOUSE,0,0,LEFT_UP
1770791373.270598,MOUSE,-2,0,MOVE
1770791373.287265,MOUSE,-2,0,MOVE
1770791373.303931,MOUSE,-2,0,MOVE
1770791373.320598,MOUSE,-2,0,MOVE
1770791373.337265,MOUSE,-2,0,MOVE
1770791373.353931,MOUSE,-2,0,MOVE
1770791373.370598,MOUSE,-2,0,MOVE
1770791373.370598,MOUSE,0,0,LEFT_DOWN
1770791373.380598,MOUSE,0,0,LEFT_UP
1770791373.387264,MOUSE,-2,0,MOVE
1770791373.403931,MOUSE,-2,0,MOVE
1770791373.420598,MOUSE,-2,0,MOVE
1770791373.437264,MOUSE,-2,0,MOVE
1770791373.453931,MOUSE,-2,0,MOVE
1770791373.470598,MOUSE,-2,0,MOVE
1770791373.487264,MOUSE,-2,0,MOVE
1770791373.503931,MOUSE,-2,0,MOVE
1770791373.520598,MOUSE,-2,0,MOVE
1770791373.537264,MOUSE,-2,0,MOVE
1770791373.553931,MOUSE,-2,0,MOVE
1770791373.570598,MOUSE,-2,0,MOVE
1770791373.587264,MOUSE,-2,0,MOVE
1770791373.603931,MOUSE,-2,0,MOVE
1770791373.620598,MOUSE,-2,0,MOVE
1770791373.637264,MOUSE,-2,0,MOVE
1770791373.653931,MOUSE,-2,0,MOVE
1770791373.670598,MOUSE,-2,0,MOVE
1770791373.687264,MOUSE,-2,0,MOVE
1770791373.703931,MOUSE,-2,0,MOVE
1770791373.720598,MOUSE,-2,0,MOVE
1770791373.737264,MOUSE,-2,0,MOVE
1770791373.753931,MOUSE,-2,0,MOVE
1770791373.770597,MOUSE,-2,0,MOVE
1770791373.787264,MOUSE,-2,0,MOVE
1770791373.803931,MOUSE,-2,0,MOVE
1770791373.820597,MOUSE,0,-5,MOVE
1770791373.837264,MOUSE,0,-5,MOVE
1770791373.853931,MOUSE,0,-5,MOVE
1770791373.870597,MOUSE,0,-5,MOVE
1770791373.887264,MOUSE,0,-5,MOVE
1770791373.903931,MOUSE,0,-5,MOVE
1770791373.920597,MOUSE,0,-5,MOVE
1770791373.937264,MOUSE,0,-5,MOVE
1770791373.953931,MOUSE,0,-5,MOVE
1770791373.970597,MOUSE,0,-5,MOVE
1770791373.987264,MOUSE,0,-5,MOVE
1770791374.003931,MOUSE,0,-5,MOVE
1770791374.020597,MOUSE,0,-5,MOVE
1770791374.037264,MOUSE,0,-5,MOVE
1770791374.053931,MOUSE,0,-5,MOVE
1770791374.070597,MOUSE,0,-5,MOVE
1770791374.087264,MOUSE,0,-5,MOVE
1770791374.103930,MOUSE,0,-5,MOVE
1770791374.120597,MOUSE,0,-5,MOVE
1770791374.137264,MOUSE,0,-5,MOVE
1770791374.153930,MOUSE,0,-5,MOVE
1770791374.170597,MOUSE,0,-5,MOVE
1770791374.187264,MOUSE,0,-5,MOVE
1770791374.203930,MOUSE,0,-5,MOVE
1770791374.220597,MOUSE,0,-5,MOVE
1770791374.237264,MOUSE,-4,0,MOVE
1770791374.253930,MOUSE,-4,0,MOVE
1770791374.270597,MOUSE,-4,0,MOVE
1770791374.287264,MOUSE,-4,0,MOVE
1770791374.303930,MOUSE,-4,0,MOVE
1770791374.320597,MOUSE,-4,0,MOVE
1770791374.337264,MOUSE,-4,0,MOVE
1770791374.353930,MOUSE,-4,0,MOVE
1770791374.370597,MOUSE,-4,0,MOVE
1770791374.387264,MOUSE,-4,0,MOVE
1770791374.403930,MOUSE,-4,0,MOVE
1770791374.420597,MOUSE,-4,0,MOVE
1770791374.437263,MOUSE,-4,0,MOVE
1770791374.453930,MOUSE,-4,0,MOVE
1770791374.470597,MOUSE,-4,0,MOVE
1770791374.487263,MOUSE,-4,0,MOVE
1770791374.503930,MOUSE,-4,0,MOVE
1770791374.520597,MOUSE,-4,0,MOVE
1770791374.537263,MOUSE,-4,0,MOVE
1770791374.553930,MOUSE,-4,0,MOVE
1770791374.570597,MOUSE,-4,0,MOVE
1770791374.587263,MOUSE,-4,0,MOVE
1770791374.603930,MOUSE,-4,0,MOVE
1770791374.620597,MOUSE,-4,0,MOVE
1770791374.637263,MOUSE,-4,0,MOVE
1770791374.653930,MOUSE,-4,0,MOVE
1770791374.670597,MOUSE,-4,0,MOVE
1770791374.687263,MOUSE,-4,0,MOVE
1770791374.703930,MOUSE,-4,0,MOVE
1770791374.720597,MOUSE,-4,0,MOVE
1770791374.737263,MOUSE,-4,0,MOVE
1770791374.753930,MOUSE,-4,0,MOVE
1770791374.770597,MOUSE,-4,0,MOVE
1770791374.787263,MOUSE,-4,0,MOVE
1770791374.803930,MOUSE,-4,0,MOVE
1770791374.820596,MOUSE,-4,0,MOVE
1770791374.837263,MOUSE,-4,0,MOVE
1770791374.853930,MOUSE,-4,0,MOVE
1770791374.870596,MOUSE,-4,0,MOVE
1770791374.887263,MOUSE,-4,0,MOVE
1770791374.903930,MOUSE,-4,0,MOVE
1770791374.920596,MOUSE,-4,0,MOVE
1770791374.937263,MOUSE,-4,0,MOVE
1770791374.953930,MOUSE,-4,0,MOVE
1770791374.970596,MOUSE,-4,0,MOVE
1770791374.987263,MOUSE,-4,0,MOVE
1770791375.003930,MOUSE,-4,0,MOVE
1770791375.020596,MOUSE,-4,0,MOVE
1770791375.037263,MOUSE,-4,0,MOVE
1770791375.053930,MOUSE,-4,0,MOVE
1770791375.070596,MOUSE,-4,0,MOVE
1770791375.087263,MOUSE,-4,0,MOVE
1770791375.103930,MOUSE,-4,0,MOVE
1770791375.120596,MOUSE,-4,0,MOVE
1770791375.137263,MOUSE,-4,0,MOVE
1770791375.153929,MOUSE,-4,0,MOVE
1770791375.170596,MOUSE,-4,0,MOVE
1770791375.187263,MOUSE,-4,0,MOVE
1770791375.203929,MOUSE,-4,0,MOVE
1770791375.220596,MOUSE,-4,0,MOVE
1770791375.237263,MOUSE,-4,0,MOVE
1770791375.253929,MOUSE,-4,0,MOVE
1770791375.270596,MOUSE,-4,0,MOVE
1770791375.287263,MOUSE,-4,0,MOVE
1770791375.303929,MOUSE,-4,0,MOVE
1770791375.320596,MOUSE,-4,0,MOVE
1770791375.337263,MOUSE,-4,0,MOVE
1770791375.353929,MOUSE,-4,0,MOVE
1770791375.370596,MOUSE,-4,0,MOVE
1770791375.387263,MOUSE,-4,0,MOVE
1770791375.403929,MOUSE,-4,0,MOVE
1770791375.420596,MOUSE,-4,0,MOVE
1770791375.437263,MOUSE,-4,0,MOVE
1770791375.453929,MOUSE,-4,0,MOVE
1770791375.470596,MOUSE,-4,0,MOVE
1770791375.487262,MOUSE,-4,0,MOVE
1770791375.503929,MOUSE,-4,0,MOVE
1770791375.520596,MOUSE,-4,0,MOVE
1770791375.537262,MOUSE,-4,0,MOVE
1770791375.553929,MOUSE,3,0,MOVE
1770791375.570596,MOUSE,3,0,MOVE
1770791375.587262,MOUSE,3,0,MOVE
1770791375.587262,MOUSE,0,0,LEFT_DOWN
1770791375.597262,MOUSE,0,0,LEFT_UP
1770791375.603929,MOUSE,3,0,MOVE
1770791375.620596,MOUSE,3,0,MOVE
1770791375.637262,MOUSE,3,0,MOVE
1770791375.653929,MOUSE,3,0,MOVE
1770791375.670596,MOUSE,3,0,MOVE
1770791375.687262,MOUSE,3,0,MOVE
1770791375.703929,MOUSE,3,0,MOVE
1770791375.720596,MOUSE,3,0,MOVE
1770791375.737262,MOUSE,3,0,MOVE
1770791375.753929,MOUSE,3,0,MOVE
1770791375.770596,MOUSE,3,0,MOVE
1770791375.787262,MOUSE,3,0,MOVE
1770791375.803929,MOUSE,3,0,MOVE
1770791375.820596,MOUSE,3,0,MOVE
1770791375.837262,MOUSE,3,0,MOVE
1770791375.853929,MOUSE,3,0,MOVE
1770791375.870595,MOUSE,3,0,MOVE
1770791375.887262,MOUSE,3,0,MOVE
1770791375.903929,MOUSE,-2,-3,MOVE
1770791375.920595,MOUSE,-2,-3,MOVE
1770791375.937262,MOUSE,-2,-3,MOVE
1770791375.953929,MOUSE,-2,-3,MOVE
1770791375.970595,MOUSE,-2,-3,MOVE
1770791375.987262,MOUSE,-2,-3,MOVE
1770791376.003929,MOUSE,-2,-3,MOVE
1770791376.020595,MOUSE,-2,-3,MOVE
1770791376.037262,MOUSE,-2,-3,MOVE
1770791376.053929,MOUSE,-2,-3,MOVE
1770791376.070595,MOUSE,-2,-3,MOVE
1770791376.087262,MOUSE,-2,-3,MOVE
1770791376.103929,MOUSE,-2,-3,MOVE
1770791376.120595,MOUSE,-2,-3,MOVE
1770791376.137262,MOUSE,-2,-3,MOVE
1770791376.153929,MOUSE,-2,-3,MOVE
1770791376.170595,MOUSE,-2,-3,MOVE
1770791376.187262,MOUSE,-2,-3,MOVE
1770791376.203928,MOUSE,-2,-3,MOVE
1770791376.203928,MOUSE,0,0,LEFT_DOWN
1770791376.213928,MOUSE,0,0,LEFT_UP
1770791376.220595,MOUSE,-2,-3,MOVE
1770791376.237262,MOUSE,-2,-3,MOVE
1770791376.253928,MOUSE,-2,-3,MOVE
1770791376.270595,MOUSE,-2,-3,MOVE
1770791376.287262,MOUSE,-2,-3,MOVE
1770791376.303928,MOUSE,-2,-3,MOVE
1770791376.320595,MOUSE,-2,-3,MOVE
1770791376.337262,MOUSE,-2,-3,MOVE
1770791376.353928,MOUSE,-2,-3,MOVE
1770791376.370595,MOUSE,-2,-3,MOVE
1770791376.387262,MOUSE,-2,-3,MOVE
1770791376.403928,MOUSE,-2,-3,MOVE
1770791376.420595,MOUSE,-2,-3,MOVE
1770791376.437262,MOUSE,-2,-3,MOVE
1770791376.453928,MOUSE,-2,-3,MOVE
1770791376.453928,MOUSE,0,0,LEFT_DOWN
1770791376.463928,MOUSE,0,0,LEFT_UP
1770791376.470595,MOUSE,-2,-3,MOVE
1770791376.487262,MOUSE,-2,-3,MOVE
1770791376.503928,MOUSE,-2,-3,MOVE
1770791376.520595,MOUSE,-2,-3,MOVE
1770791376.537261,MOUSE,-2,-3,MOVE
1770791376.553928,MOUSE,-2,-3,MOVE
1770791376.570595,MOUSE,-2,-3,MOVE
1770791376.587261,MOUSE,-2,-3,MOVE
1770791376.603928,MOUSE,-2,-3,MOVE
1770791376.620595,MOUSE,-2,-3,MOVE
1770791376.637261,MOUSE,-2,-3,MOVE
1770791376.653928,MOUSE,-2,-3,MOVE
1770791376.670595,MOUSE,-2,-3,MOVE
1770791376.687261,MOUSE,-2,-3,MOVE
1770791376.703928,MOUSE,-2,-3,MOVE
1770791376.703928,MOUSE,0,0,LEFT_DOWN
1770791376.713928,MOUSE,0,0,LEFT_UP
1770791376.720595,MOUSE,-2,-3,MOVE
1770791376.737261,MOUSE,-2,-3,MOVE
1770791376.753928,MOUSE,-2,-3,MOVE
1770791376.770595,MOUSE,-2,-3,MOVE
1770791376.787261,MOUSE,-2,-3,MOVE
1770791376.803928,MOUSE,-2,-3,MOVE
1770791376.820595,MOUSE,-2,-3,MOVE
1770791376.837261,MOUSE,-2,-3,MOVE
1770791376.853928,MOUSE,-2,-3,MOVE
1770791376.870595,MOUSE,-2,-3,MOVE
1770791376.887261,MOUSE,-2,-3,MOVE
1770791376.903928,MOUSE,-2,-3,MOVE
1770791376.920594,MOUSE,-2,-3,MOVE
1770791376.937261,MOUSE,-2,-3,MOVE
1770791376.953928,MOUSE,-2,-3,MOVE
1770791376.953928,MOUSE,0,0,LEFT_DOWN
1770791376.963928,MOUSE,0,0,LEFT_UP
1770791376.970594,MOUSE,-2,-3,MOVE
1770791376.987261,MOUSE,-2,-3,MOVE
1770791377.003928,MOUSE,-2,-3,MOVE
1770791377.020594,MOUSE,-2,-3,MOVE
1770791377.037261,MOUSE,-2,-3,MOVE
1770791377.053928,MOUSE,-2,-3,MOVE
1770791377.070594,MOUSE,-2,-3,MOVE
1770791377.087261,MOUSE,-2,-3,MOVE
1770791377.103928,MOUSE,-2,-3,MOVE
1770791377.120594,MOUSE,-2,-3,MOVE
1770791377.137261,MOUSE,-2,-3,MOVE
1770791377.153928,MOUSE,-2,-3,MOVE
1770791377.170594,MOUSE,-2,-3,MOVE
1770791377.187261,MOUSE,-2,-3,MOVE
1770791377.203928,MOUSE,-2,-3,MOVE
1770791377.220594,MOUSE,-2,-3,MOVE
1770791377.237261,MOUSE,-2,-3,MOVE
1770791377.253927,MOUSE,-2,-3,MOVE
1770791377.270594,MOUSE,-2,-3,MOVE
1770791377.287261,MOUSE,-2,-3,MOVE
1770791377.303927,MOUSE,-2,-3,MOVE
1770791377.320594,MOUSE,-2,-3,MOVE
1770791377.337261,MOUSE,-2,-3,MOVE
1770791377.353927,MOUSE,-2,-3,MOVE
1770791377.370594,MOUSE,-2,-3,MOVE
1770791377.387261,MOUSE,-2,-3,MOVE
1770791377.403927,MOUSE,-2,-3,MOVE
1770791377.420594,MOUSE,-2,-3,MOVE
1770791377.437261,MOUSE,-2,-3,MOVE
1770791377.453927,MOUSE,-2,-3,MOVE
1770791377.470594,MOUSE,-2,-3,MOVE
1770791377.487261,MOUSE,-2,-3,MOVE
1770791377.503927,MOUSE,-2,-3,MOVE
1770791377.520594,MOUSE,-2,-3,MOVE
1770791377.537261,MOUSE,-2,-3,MOVE
1770791377.553927,MOUSE,-2,-3,MOVE
1770791377.570594,MOUSE,-5,2,MOVE
1770791377.587260,MOUSE,-5,2,MOVE
1770791377.603927,MOUSE,-5,2,MOVE
1770791377.620594,MOUSE,-5,2,MOVE
1770791377.637260,MOUSE,-5,2,MOVE
1770791377.653927,MOUSE,-5,2,MOVE
1770791377.670594,MOUSE,-5,2,MOVE
1770791377.687260,MOUSE,-5,2,MOVE
1770791377.703927,MOUSE,-5,2,MOVE
1770791377.720594,MOUSE,-5,2,MOVE
1770791377.737260,MOUSE,-5,2,MOVE
1770791377.753927,MOUSE,-5,2,MOVE
1770791377.770594,MOUSE,-5,2,MOVE
1770791377.787260,MOUSE,-5,2,MOVE
1770791377.803927,MOUSE,-5,2,MOVE
1770791377.820594,MOUSE,-5,2,MOVE
1770791377.837260,MOUSE,-5,2,MOVE
1770791377.853927,MOUSE,-5,2,MOVE
1770791377.870594,MOUSE,-5,2,MOVE
1770791377.887260,MOUSE,-5,2,MOVE
1770791377.903927,MOUSE,-5,2,MOVE
1770791377.920594,MOUSE,-5,2,MOVE
1770791377.937260,MOUSE,-5,2,MOVE
1770791377.953927,MOUSE,-5,2,MOVE
1770791377.970593,MOUSE,-5,2,MOVE
1770791377.987260,MOUSE,-5,2,MOVE
1770791378.003927,MOUSE,-5,2,MOVE
1770791378.020593,MOUSE,-5,2,MOVE
1770791378.037260,MOUSE,-5,2,MOVE
1770791378.053927,MOUSE,-5,2,MOVE
1770791378.070593,MOUSE,-5,2,MOVE
1770791378.087260,MOUSE,-5,2,MOVE
1770791378.103927,MOUSE,-5,2,MOVE
1770791378.120593,MOUSE,-5,2,MOVE
1770791378.137260,MOUSE,-5,2,MOVE
1770791378.153927,MOUSE,-5,2,MOVE
1770791378.170593,MOUSE,-5,2,MOVE
1770791378.187260,MOUSE,-5,2,MOVE
1770791378.203927,MOUSE,-5,2,MOVE
1770791378.220593,MOUSE,-5,2,MOVE
1770791378.237260,MOUSE,-5,2,MOVE
1770791378.253927,MOUSE,-5,2,MOVE
1770791378.270593,MOUSE,-5,2,MOVE
1770791378.287260,MOUSE,-5,2,MOVE
1770791378.303926,MOUSE,0,2,MOVE
1770791378.320593,MOUSE,0,2,MOVE
1770791378.337260,MOUSE,0,2,MOVE
1770791378.353926,MOUSE,0,2,MOVE
1770791378.370593,MOUSE,0,2,MOVE
1770791378.387260,MOUSE,0,2,MOVE
1770791378.403926,MOUSE,0,2,MOVE
1770791378.420593,MOUSE,0,2,MOVE
1770791378.437260,MOUSE,0,2,MOVE
1770791378.453926,MOUSE,0,2,MOVE
1770791378.470593,MOUSE,0,2,MOVE
1770791378.487260,MOUSE,0,2,MOVE
1770791378.503926,MOUSE,0,2,MOVE
1770791378.520593,MOUSE,0,2,MOVE
1770791378.537260,MOUSE,0,2,MOVE
1770791378.553926,MOUSE,0,2,MOVE
1770791378.570593,MOUSE,0,2,MOVE
1770791378.587260,MOUSE,0,2,MOVE
1770791378.603926,MOUSE,0,2,MOVE
1770791378.620593,MOUSE,0,2,MOVE
1770791378.637259,MOUSE,0,2,MOVE
1770791378.653926,MOUSE,0,2,MOVE
1770791378.670593,MOUSE,0,2,MOVE
1770791378.687259,MOUSE,0,2,MOVE
1770791378.703926,MOUSE,0,2,MOVE
1770791378.720593,MOUSE,0,2,MOVE
1770791378.737259,MOUSE,0,2,MOVE
1770791378.753926,MOUSE,0,2,MOVE
1770791378.770593,MOUSE,0,2,MOVE
1770791378.787259,MOUSE,0,2,MOVE
1770791378.803926,MOUSE,0,2,MOVE
1770791378.820593,MOUSE,0,2,MOVE
1770791378.837259,MOUSE,0,2,MOVE
1770791378.853926,MOUSE,0,2,MOVE
1770791378.870593,MOUSE,0,2,MOVE
1770791378.887259,MOUSE,0,2,MOVE
1770791378.903926,MOUSE,0,2,MOVE
1770791378.920593,MOUSE,0,2,MOVE
1770791378.937259,MOUSE,0,2,MOVE
1770791378.953926,MOUSE,0,2,MOVE
1770791378.970592,MOUSE,0,2,MOVE
1770791378.987259,MOUSE,0,2,MOVE
1770791379.003926,MOUSE,0,2,MOVE
1770791379.020592,MOUSE,0,2,MOVE
1770791379.037259,MOUSE,0,2,MOVE
1770791379.053926,MOUSE,0,2,MOVE
1770791379.070592,MOUSE,0,2,MOVE
1770791379.087259,MOUSE,0,2,MOVE
1770791379.103926,MOUSE,0,2,MOVE
1770791379.120592,MOUSE,0,2,MOVE
1770791379.137259,MOUSE,0,2,MOVE
1770791379.153926,MOUSE,0,2,MOVE
1770791379.170592,MOUSE,0,2,MOVE
1770791379.187259,MOUSE,0,2,MOVE
1770791379.203926,MOUSE,0,2,MOVE
1770791379.220592,MOUSE,0,2,MOVE
1770791379.237259,MOUSE,0,2,MOVE
1770791379.253926,MOUSE,0,2,MOVE
1770791379.270592,MOUSE,0,2,MOVE
1770791379.287259,MOUSE,0,2,MOVE
1770791379.303926,MOUSE,0,2,MOVE
1770791379.320592,MOUSE,0,2,MOVE
1770791379.337259,MOUSE,0,2,MOVE
1770791379.353925,MOUSE,0,2,MOVE
1770791379.370592,MOUSE,0,2,MOVE
1770791379.387259,MOUSE,0,2,MOVE
1770791379.403925,MOUSE,0,2,MOVE
1770791379.420592,MOUSE,0,2,MOVE
1770791379.437259,MOUSE,0,2,MOVE
1770791379.453925,MOUSE,0,2,MOVE
1770791379.470592,MOUSE,0,2,MOVE
1770791379.487259,MOUSE,0,2,MOVE
1770791379.503925,MOUSE,0,2,MOVE
1770791379.520592,MOUSE,0,2,MOVE
1770791379.537259,MOUSE,0,2,MOVE
1770791379.553925,MOUSE,0,2,MOVE
1770791379.570592,MOUSE,0,2,MOVE
1770791379.587259,MOUSE,0,2,MOVE
1770791379.603925,MOUSE,0,2,MOVE
1770791379.620592,MOUSE,0,2,MOVE
1770791379.637259,MOUSE,0,2,MOVE
1770791379.653925,MOUSE,0,2,MOVE
1770791379.670592,MOUSE,0,2,MOVE
1770791379.687258,MOUSE,0,2,MOVE
1770791379.703925,MOUSE,0,2,MOVE
1770791379.720592,MOUSE,0,2,MOVE
1770791379.737258,MOUSE,0,2,MOVE
1770791379.753925,MOUSE,0,2,MOVE
1770791379.770592,MOUSE,0,2,MOVE
1770791379.787258,MOUSE,0,2,MOVE
1770791379.803925,MOUSE,0,2,MOVE
1770791379.820592,MOUSE,0,2,MOVE
1770791379.837258,MOUSE,0,2,MOVE
1770791379.853925,MOUSE,0,2,MOVE
1770791379.870592,MOUSE,0,2,MOVE
1770791379.887258,MOUSE,0,2,MOVE
1770791379.903925,MOUSE,0,2,MOVE
1770791379.920592,MOUSE,0,2,MOVE
1770791379.937258,MOUSE,0,2,MOVE
1770791379.953925,MOUSE,0,2,MOVE
1770791379.970592,MOUSE,0,2,MOVE
1770791379.987258,MOUSE,0,2,MOVE
1770791380.003925,MOUSE,0,2,MOVE
1770791380.020591,MOUSE,0,2,MOVE
1770791380.037258,MOUSE,0,2,MOVE
1770791380.053925,MOUSE,0,2,MOVE
1770791380.070591,MOUSE,0,2,MOVE
1770791380.087258,MOUSE,0,2,MOVE
1770791380.103925,MOUSE,0,2,MOVE
1770791380.120591,MOUSE,0,2,MOVE
1770791380.137258,MOUSE,0,2,MOVE
1770791380.153925,MOUSE,0,2,MOVE
1770791380.170591,MOUSE,0,2,MOVE
1770791380.187258,MOUSE,0,2,MOVE
1770791380.203925,MOUSE,0,2,MOVE
1770791380.220591,MOUSE,0,2,MOVE
1770791380.237258,MOUSE,0,2,MOVE
1770791380.253925,MOUSE,0,2,MOVE
1770791380.270591,MOUSE,-3,3,MOVE
1770791380.287258,MOUSE,-3,3,MOVE
1770791380.303925,MOUSE,-3,3,MOVE
1770791380.320591,MOUSE,-3,3,MOVE
1770791380.337258,MOUSE,-3,3,MOVE
1770791380.353925,MOUSE,-3,3,MOVE
1770791380.370591,MOUSE,-3,3,MOVE
1770791380.387258,MOUSE,-3,3,MOVE
1770791380.403924,MOUSE,-3,3,MOVE
1770791380.420591,MOUSE,-3,3,MOVE
1770791380.437258,MOUSE,-3,3,MOVE
1770791380.453924,MOUSE,-3,3,MOVE
1770791380.470591,MOUSE,-3,3,MOVE
1770791380.487258,MOUSE,-3,3,MOVE
1770791380.503924,MOUSE,-3,3,MOVE
1770791380.520591,MOUSE,-3,3,MOVE
1770791380.537258,MOUSE,-3,3,MOVE
1770791380.553924,MOUSE,-3,3,MOVE
1770791380.570591,MOUSE,-3,3,MOVE
1770791380.587258,MOUSE,-3,3,MOVE
1770791380.603924,MOUSE,-3,3,MOVE
1770791380.620591,MOUSE,-3,3,MOVE
1770791380.637258,MOUSE,-3,3,MOVE
1770791380.653924,MOUSE,-3,3,MOVE
1770791380.670591,MOUSE,-3,3,MOVE
1770791380.687258,MOUSE,-3,3,MOVE
1770791380.703924,MOUSE,-3,3,MOVE
1770791380.720591,MOUSE,-3,3,MOVE
1770791380.737257,MOUSE,-3,3,MOVE
1770791380.753924,MOUSE,-3,3,MOVE
1770791380.770591,MOUSE,-3,3,MOVE
1770791380.787257,MOUSE,-3,3,MOVE
1770791380.803924,MOUSE,-3,3,MOVE
1770791380.820591,MOUSE,-3,3,MOVE
1770791380.837257,MOUSE,-3,3,MOVE
1770791380.853924,MOUSE,-3,3,MOVE
1770791380.870591,MOUSE,-3,3,MOVE
1770791380.887257,MOUSE,-3,3,MOVE
1770791380.903924,MOUSE,-3,3,MOVE
1770791380.920591,MOUSE,-3,3,MOVE
1770791380.937257,MOUSE,-3,3,MOVE
1770791380.953924,MOUSE,-3,3,MOVE
1770791380.970591,MOUSE,-3,3,MOVE
1770791380.987257,MOUSE,-3,3,MOVE
1770791381.003924,MOUSE,-3,3,MOVE
1770791381.020591,MOUSE,-3,3,MOVE
1770791381.037257,MOUSE,-3,3,MOVE
1770791381.053924,MOUSE,-3,3,MOVE
1770791381.070590,MOUSE,-3,3,MOVE
1770791381.087257,MOUSE,-3,3,MOVE
1770791381.103924,MOUSE,-3,3,MOVE
1770791381.120590,MOUSE,-3,3,MOVE
1770791381.137257,MOUSE,-3,3,MOVE
1770791381.153924,MOUSE,-3,3,MOVE
1770791381.170590,MOUSE,-3,3,MOVE
1770791381.187257,MOUSE,-3,3,MOVE
1770791381.203924,MOUSE,-3,3,MOVE
1770791381.220590,MOUSE,-3,3,MOVE
1770791381.237257,MOUSE,-3,3,MOVE
1770791381.253924,MOUSE,-3,3,MOVE
1770791381.270590,MOUSE,-3,3,MOVE
1770791381.287257,MOUSE,-3,3,MOVE
1770791381.303924,MOUSE,-3,3,MOVE
1770791381.320590,MOUSE,-3,3,MOVE
1770791381.337257,MOUSE,-3,3,MOVE
1770791381.353924,MOUSE,-3,3,MOVE
1770791381.370590,MOUSE,-3,3,MOVE
1770791381.387257,MOUSE,-3,3,MOVE
1770791381.403924,MOUSE,1,2,MOVE
1770791381.420590,MOUSE,1,2,MOVE
1770791381.437257,MOUSE,1,2,MOVE
1770791381.453923,MOUSE,1,2,MOVE
1770791381.470590,MOUSE,1,2,MOVE
1770791381.487257,MOUSE,1,2,MOVE
1770791381.503923,MOUSE,1,2,MOVE
1770791381.520590,MOUSE,1,2,MOVE
1770791381.537257,MOUSE,1,2,MOVE
1770791381.553923,MOUSE,1,2,MOVE
1770791381.570590,MOUSE,1,2,MOVE
1770791381.587257,MOUSE,1,2,MOVE
1770791381.603923,MOUSE,1,2,MOVE
1770791381.620590,MOUSE,1,2,MOVE
1770791381.637257,MOUSE,1,2,MOVE
1770791381.653923,MOUSE,1,2,MOVE
1770791381.670590,MOUSE,1,2,MOVE
1770791381.687257,MOUSE,1,2,MOVE
1770791381.703923,MOUSE,1,2,MOVE
1770791381.720590,MOUSE,1,2,MOVE
1770791381.737257,MOUSE,1,2,MOVE
1770791381.753923,MOUSE,1,2,MOVE
1770791381.770590,MOUSE,1,2,MOVE
1770791381.787256,MOUSE,1,2,MOVE
1770791381.803923,MOUSE,1,2,MOVE
1770791381.820590,MOUSE,1,2,MOVE
1770791381.837256,MOUSE,1,2,MOVE
1770791381.853923,MOUSE,1,2,MOVE
1770791381.870590,MOUSE,1,2,MOVE
1770791381.887256,MOUSE,1,2,MOVE
1770791381.903923,MOUSE,1,2,MOVE
1770791381.920590,MOUSE,1,2,MOVE
1770791381.937256,MOUSE,1,2,MOVE
1770791381.953923,MOUSE,1,2,MOVE
1770791381.970590,MOUSE,1,2,MOVE
1770791381.987256,MOUSE,1,2,MOVE
1770791382.003923,MOUSE,1,2,MOVE
1770791382.020590,MOUSE,1,2,MOVE
1770791382.037256,MOUSE,1,2,MOVE
1770791382.053923,MOUSE,1,2,MOVE
1770791382.070590,MOUSE,1,2,MOVE
1770791382.087256,MOUSE,1,2,MOVE
1770791382.103923,MOUSE,1,2,MOVE
1770791382.120589,MOUSE,1,2,MOVE
1770791382.137256,MOUSE,1,2,MOVE
1770791382.137256,MOUSE,0,0,LEFT_DOWN
1770791382.147256,MOUSE,0,0,LEFT_UP
1770791382.153923,MOUSE,1,2,MOVE
1770791382.170589,MOUSE,1,2,MOVE
1770791382.187256,MOUSE,-2,-2,MOVE
1770791382.203923,MOUSE,-2,-2,MOVE
1770791382.220589,MOUSE,-2,-2,MOVE
1770791382.237256,MOUSE,-2,-2,MOVE
1770791382.253923,MOUSE,-2,-2,MOVE
1770791382.270589,MOUSE,-2,-2,MOVE
1770791382.287256,MOUSE,-2,-2,MOVE
1770791382.303923,MOUSE,-2,-2,MOVE
1770791382.320589,MOUSE,-2,-2,MOVE
1770791382.337256,MOUSE,-2,-2,MOVE
1770791382.353923,MOUSE,-2,-2,MOVE
1770791382.370589,MOUSE,-2,-2,MOVE
1770791382.387256,MOUSE,-2,-2,MOVE
1770791382.387256,MOUSE,0,0,LEFT_DOWN
1770791382.397256,MOUSE,0,0,LEFT_UP
1770791382.403923,MOUSE,-2,-2,MOVE
1770791382.420589,MOUSE,-2,-2,MOVE
1770791382.437256,MOUSE,-2,-2,MOVE
1770791382.453923,MOUSE,-2,-2,MOVE
1770791382.470589,MOUSE,-2,-2,MOVE
1770791382.487256,MOUSE,-2,-2,MOVE
1770791382.503922,MOUSE,-2,-2,MOVE
1770791382.520589,MOUSE,-2,-2,MOVE
1770791382.537256,MOUSE,-2,-2,MOVE
1770791382.553922,MOUSE,-2,-2,MOVE
1770791382.570589,MOUSE,-2,-2,MOVE
1770791382.587256,MOUSE,-2,-2,MOVE
1770791382.603922,MOUSE,-2,-2,MOVE
1770791382.620589,MOUSE,-2,-2,MOVE
1770791382.637256,MOUSE,-2,-2,MOVE
1770791382.653922,MOUSE,-2,-2,MOVE
1770791382.670589,MOUSE,-2,-2,MOVE
1770791382.687256,MOUSE,-2,-2,MOVE
1770791382.703922,MOUSE,-2,-2,MOVE
1770791382.720589,MOUSE,-2,-2,MOVE
1770791382.737256,MOUSE,-2,-2,MOVE
1770791382.753922,MOUSE,-2,-2,MOVE
1770791382.770589,MOUSE,-2,-2,MOVE
1770791382.787256,MOUSE,-2,-2,MOVE
1770791382.803922,MOUSE,-2,-2,MOVE
1770791382.820589,MOUSE,-2,-2,MOVE
1770791382.837255,MOUSE,-2,-2,MOVE
1770791382.853922,MOUSE,-2,-2,MOVE
1770791382.870589,MOUSE,-2,-2,MOVE
1770791382.887255,MOUSE,-2,-2,MOVE
1770791382.903922,MOUSE,-2,-2,MOVE
1770791382.920589,MOUSE,-2,-2,MOVE
1770791382.937255,MOUSE,-2,-2,MOVE
1770791382.953922,MOUSE,-2,-2,MOVE
1770791382.970589,MOUSE,-2,-2,MOVE
1770791382.987255,MOUSE,-2,-2,MOVE
1770791383.003922,MOUSE,-2,-2,MOVE
1770791383.020589,MOUSE,-2,-2,MOVE
1770791383.037255,MOUSE,-2,-2,MOVE
1770791383.053922,MOUSE,-2,-2,MOVE
1770791383.070589,MOUSE,-2,-2,MOVE
1770791383.087255,MOUSE,-2,-2,MOVE
1770791383.103922,MOUSE,-2,-2,MOVE
1770791383.120589,MOUSE,-2,-2,MOVE
1770791383.137255,MOUSE,-2,-2,MOVE
1770791383.153922,MOUSE,-2,-2,MOVE
1770791383.170588,MOUSE,-2,-2,MOVE
1770791383.187255,MOUSE,-2,-2,MOVE
1770791383.203922,MOUSE,-2,-2,MOVE
1770791383.220588,MOUSE,-2,-2,MOVE
1770791383.237255,MOUSE,-2,-2,MOVE
1770791383.253922,MOUSE,-2,-2,MOVE
1770791383.270588,MOUSE,-2,-2,MOVE
1770791383.287255,MOUSE,-2,-2,MOVE
1770791383.303922,MOUSE,-2,-2,MOVE
1770791383.320588,MOUSE,-2,-2,MOVE
1770791383.337255,MOUSE,-2,-2,MOVE
1770791383.353922,MOUSE,-2,-2,MOVE
1770791383.370588,MOUSE,-2,-2,MOVE
1770791383.387255,MOUSE,-2,-2,MOVE
1770791383.403922,MOUSE,-2,-2,MOVE
1770791383.420588,MOUSE,-2,-2,MOVE
1770791383.437255,MOUSE,-2,-2,MOVE
1770791383.453922,MOUSE,-2,-2,MOVE
1770791383.470588,MOUSE,-2,-2,MOVE
1770791383.487255,MOUSE,-2,-2,MOVE
1770791383.503922,MOUSE,-2,-2,MOVE
1770791383.520588,MOUSE,-2,-2,MOVE
1770791383.537255,MOUSE,-2,-2,MOVE
1770791383.553921,MOUSE,-2,-2,MOVE
1770791383.570588,MOUSE,-2,-2,MOVE
1770791383.587255,MOUSE,-2,-2,MOVE
1770791383.603921,MOUSE,-2,-2,MOVE
1770791383.620588,MOUSE,-2,-2,MOVE
1770791383.637255,MOUSE,-2,-2,MOVE
1770791383.653921,MOUSE,-2,-2,MOVE
1770791383.670588,MOUSE,-2,-2,MOVE
1770791383.687255,MOUSE,-2,-2,MOVE
1770791383.703921,MOUSE,-2,-2,MOVE
1770791383.720588,MOUSE,-2,-2,MOVE
1770791383.737255,MOUSE,-2,-2,MOVE
1770791383.753921,MOUSE,-2,-2,MOVE
1770791383.770588,MOUSE,-2,-2,MOVE
1770791383.787255,MOUSE,-2,-2,MOVE
1770791383.803921,MOUSE,-2,-2,MOVE
1770791383.820588,MOUSE,-2,-2,MOVE
1770791383.837255,MOUSE,-2,-2,MOVE
1770791383.853921,MOUSE,-2,-2,MOVE
1770791383.870588,MOUSE,-2,-2,MOVE
1770791383.887254,MOUSE,-2,-2,MOVE
1770791383.903921,MOUSE,-2,-2,MOVE
1770791383.920588,MOUSE,-2,-2,MOVE
1770791383.937254,MOUSE,-2,-2,MOVE
1770791383.953921,MOUSE,-2,-2,MOVE
1770791383.970588,MOUSE,-2,-2,MOVE
1770791383.987254,MOUSE,-2,-2,MOVE
1770791384.003921,MOUSE,-2,-2,MOVE
1770791384.020588,MOUSE,-2,-2,MOVE
1770791384.037254,MOUSE,-2,-2,MOVE
1770791384.053921,MOUSE,3,1,MOVE
1770791384.070588,MOUSE,3,1,MOVE
1770791384.087254,MOUSE,3,1,MOVE
1770791384.103921,MOUSE,3,1,MOVE
1770791384.120588,MOUSE,3,1,MOVE
1770791384.137254,MOUSE,3,4,MOVE
1770791384.153921,MOUSE,3,4,MOVE
1770791384.170588,MOUSE,3,4,MOVE
1770791384.187254,MOUSE,3,4,MOVE
1770791384.203921,MOUSE,3,4,MOVE
1770791384.220587,MOUSE,3,4,MOVE
1770791384.237254,MOUSE,3,4,MOVE
1770791384.253921,MOUSE,3,4,MOVE
1770791384.270587,MOUSE,3,4,MOVE
1770791384.287254,MOUSE,3,4,MOVE
1770791384.303921,MOUSE,3,4,MOVE
1770791384.320587,MOUSE,3,4,MOVE
1770791384.337254,MOUSE,3,4,MOVE
1770791384.353921,MOUSE,3,4,MOVE
1770791384.370587,MOUSE,3,4,MOVE
1770791384.387254,MOUSE,3,4,MOVE
1770791384.403921,MOUSE,3,4,MOVE
1770791384.420587,MOUSE,3,4,MOVE
1770791384.437254,MOUSE,3,4,MOVE
1770791384.453921,MOUSE,3,4,MOVE
1770791384.470587,MOUSE,3,4,MOVE
1770791384.487254,MOUSE,3,4,MOVE
1770791384.503921,MOUSE,3,4,MOVE
1770791384.520587,MOUSE,3,4,MOVE
1770791384.537254,MOUSE,3,4,MOVE
1770791384.553921,MOUSE,3,4,MOVE
1770791384.570587,MOUSE,3,4,MOVE
1770791384.587254,MOUSE,3,4,MOVE
1770791384.603920,MOUSE,3,4,MOVE
1770791384.620587,MOUSE,3,4,MOVE
1770791384.637254,MOUSE,3,4,MOVE
1770791384.653920,MOUSE,3,4,MOVE
1770791384.670587,MOUSE,3,4,MOVE
1770791384.687254,MOUSE,3,4,MOVE
1770791384.703920,MOUSE,3,4,MOVE
1770791384.720587,MOUSE,3,4,MOVE
1770791384.737254,MOUSE,3,4,MOVE
1770791384.753920,MOUSE,3,4,MOVE
1770791384.770587,MOUSE,3,4,MOVE
1770791384.787254,MOUSE,3,4,MOVE
1770791384.803920,MOUSE,3,4,MOVE
1770791384.820587,MOUSE,3,4,MOVE
1770791384.837254,MOUSE,3,4,MOVE
1770791384.853920,MOUSE,3,4,MOVE
1770791384.870587,MOUSE,3,4,MOVE
1770791384.887254,MOUSE,3,4,MOVE
1770791384.903920,MOUSE,3,4,MOVE
1770791384.920587,MOUSE,3,4,MOVE
1770791384.937253,MOUSE,3,4,MOVE
1770791384.953920,MOUSE,3,4,MOVE
1770791384.970587,MOUSE,3,4,MOVE
1770791384.987253,MOUSE,3,4,MOVE
1770791385.003920,MOUSE,3,4,MOVE
1770791385.020587,MOUSE,3,4,MOVE
1770791385.037253,MOUSE,3,4,MOVE
1770791385.053920,MOUSE,3,4,MOVE
1770791385.070587,MOUSE,3,4,MOVE
1770791385.087253,MOUSE,3,4,MOVE
1770791385.103920,MOUSE,3,4,MOVE
1770791385.120587,MOUSE,3,4,MOVE
1770791385.137253,MOUSE,3,4,MOVE
1770791385.153920,MOUSE,3,4,MOVE
1770791385.170587,MOUSE,3,4,MOVE
1770791385.187253,MOUSE,3,4,MOVE
1770791385.203920,MOUSE,3,4,MOVE
1770791385.220587,MOUSE,3,4,MOVE
1770791385.237253,MOUSE,3,4,MOVE
1770791385.253920,MOUSE,3,4,MOVE
1770791385.270586,MOUSE,3,4,MOVE
1770791385.287253,MOUSE,3,4,MOVE
1770791385.303920,MOUSE,3,4,MOVE
1770791385.320586,MOUSE,3,4,MOVE
1770791385.337253,MOUSE,3,4,MOVE
1770791385.353920,MOUSE,3,4,MOVE
1770791385.370586,MOUSE,3,4,MOVE
1770791385.387253,MOUSE,3,4,MOVE
1770791385.403920,MOUSE,0,-3,MOVE
1770791385.420586,MOUSE,0,-3,MOVE
1770791385.437253,MOUSE,0,-3,MOVE
1770791385.453920,MOUSE,0,-3,MOVE
1770791385.470586,MOUSE,0,-3,MOVE
1770791385.487253,MOUSE,0,-3,MOVE
1770791385.503920,MOUSE,0,-3,MOVE
1770791385.520586,MOUSE,0,-3,MOVE
1770791385.520586,MOUSE,0,0,LEFT_DOWN
1770791385.530586,MOUSE,0,0,LEFT_UP
1770791385.537253,MOUSE,0,-3,MOVE
1770791385.553920,MOUSE,0,-3,MOVE
1770791385.570586,MOUSE,0,-3,MOVE
1770791385.587253,MOUSE,0,-3,MOVE
1770791385.603920,MOUSE,0,-3,MOVE
1770791385.620586,MOUSE,0,-3,MOVE
1770791385.637253,MOUSE,0,-3,MOVE
1770791385.653919,MOUSE,0,-3,MOVE
1770791385.653919,MOUSE,0,0,LEFT_DOWN
1770791385.663919,MOUSE,0,0,LEFT_UP
1770791385.670586,MOUSE,0,-3,MOVE
1770791385.687253,MOUSE,0,-3,MOVE
1770791385.703919,MOUSE,0,-3,MOVE
1770791385.720586,MOUSE,0,-3,MOVE
1770791385.737253,MOUSE,0,-3,MOVE
1770791385.753919,MOUSE,0,-3,MOVE
1770791385.770586,MOUSE,0,-3,MOVE
1770791385.787253,MOUSE,0,-3,MOVE
1770791385.787253,MOUSE,0,0,LEFT_DOWN
1770791385.797253,MOUSE,0,0,LEFT_UP
1770791385.803919,MOUSE,0,-3,MOVE
1770791385.820586,MOUSE,0,-3,MOVE
1770791385.837253,MOUSE,0,-3,MOVE
1770791385.853919,MOUSE,0,-3,MOVE
1770791385.870586,MOUSE,0,-3,MOVE
1770791385.887253,MOUSE,0,-3,MOVE
1770791385.903919,MOUSE,0,-3,MOVE
1770791385.920586,MOUSE,0,-3,MOVE
1770791385.920586,MOUSE,0,0,LEFT_DOWN
1770791385.930586,MOUSE,0,0,LEFT_UP
1770791385.937253,MOUSE,0,-3,MOVE
1770791385.953919,MOUSE,0,-3,MOVE
1770791385.970586,MOUSE,0,-3,MOVE
1770791385.987252,MOUSE,0,-3,MOVE
1770791386.003919,MOUSE,0,-3,MOVE
1770791386.020586,MOUSE,0,-3,MOVE
1770791386.037252,MOUSE,0,-3,MOVE
1770791386.053919,MOUSE,0,-3,MOVE
1770791386.053919,MOUSE,0,0,LEFT_DOWN
1770791386.063919,MOUSE,0,0,LEFT_UP
1770791386.070586,MOUSE,0,-3,MOVE
1770791386.087252,MOUSE,0,-3,MOVE
1770791386.103919,MOUSE,0,-3,MOVE
1770791386.120586,MOUSE,0,-3,MOVE
1770791386.137252,MOUSE,0,-3,MOVE
1770791386.153919,MOUSE,0,-3,MOVE
1770791386.170586,MOUSE,0,-3,MOVE
1770791386.187252,MOUSE,0,-3,MOVE
1770791386.187252,MOUSE,0,0,LEFT_DOWN
1770791386.197252,MOUSE,0,0,LEFT_UP
1770791386.203919,MOUSE,0,-3,MOVE
1770791386.220586,MOUSE,0,-3,MOVE
1770791386.237252,MOUSE,0,-3,MOVE
1770791386.253919,MOUSE,0,-3,MOVE
1770791386.270586,MOUSE,0,-3,MOVE
1770791386.287252,MOUSE,0,-3,MOVE
1770791386.303919,MOUSE,0,-3,MOVE
1770791386.320585,MOUSE,0,-3,MOVE
1770791386.320585,MOUSE,0,0,LEFT_DOWN
1770791386.330585,MOUSE,0,0,LEFT_UP
1770791386.337252,MOUSE,0,-3,MOVE
1770791386.353919,MOUSE,0,-3,MOVE
1770791386.370585,MOUSE,0,-3,MOVE
1770791386.387252,MOUSE,0,-3,MOVE
1770791386.403919,MOUSE,0,-3,MOVE
1770791386.420585,MOUSE,0,-3,MOVE
1770791386.437252,MOUSE,0,-3,MOVE
1770791386.453919,MOUSE,0,-3,MOVE
1770791386.453919,MOUSE,0,0,LEFT_DOWN
1770791386.463919,MOUSE,0,0,LEFT_UP
1770791386.470585,MOUSE,0,-3,MOVE
1770791386.487252,MOUSE,0,-3,MOVE
1770791386.503919,MOUSE,0,-3,MOVE
1770791386.520585,MOUSE,0,-3,MOVE
1770791386.537252,MOUSE,0,-3,MOVE
1770791386.553919,MOUSE,0,-3,MOVE
1770791386.570585,MOUSE,0,-3,MOVE
1770791386.587252,MOUSE,0,-3,MOVE
1770791386.587252,MOUSE,0,0,LEFT_DOWN
1770791386.597252,MOUSE,0,0,LEFT_UP
1770791386.603919,MOUSE,0,-3,MOVE
1770791386.620585,MOUSE,0,-3,MOVE
1770791386.637252,MOUSE,0,-3,MOVE
1770791386.653919,MOUSE,0,-3,MOVE
1770791386.670585,MOUSE,0,-3,MOVE
1770791386.687252,MOUSE,0,-3,MOVE
1770791386.703918,MOUSE,0,-3,MOVE
1770791386.720585,MOUSE,0,-3,MOVE
1770791386.720585,MOUSE,0,0,LEFT_DOWN
1770791386.730585,MOUSE,0,0,LEFT_UP
1770791386.737252,MOUSE,0,-3,MOVE
1770791386.753918,MOUSE,0,-3,MOVE
1770791386.770585,MOUSE,0,-3,MOVE
1770791386.787252,MOUSE,0,-3,MOVE
1770791386.803918,MOUSE,0,-3,MOVE
1770791386.820585,MOUSE,0,-3,MOVE
1770791386.837252,MOUSE,0,-3,MOVE
1770791386.853918,MOUSE,0,-3,MOVE
1770791386.853918,MOUSE,0,0,LEFT_DOWN
1770791386.863918,MOUSE,0,0,LEFT_UP
1770791386.870585,MOUSE,0,-3,MOVE
1770791386.887252,MOUSE,0,-3,MOVE
1770791386.903918,MOUSE,0,-3,MOVE
1770791386.920585,MOUSE,0,-3,MOVE
1770791386.937252,MOUSE,0,-3,MOVE
1770791386.953918,MOUSE,0,-3,MOVE
1770791386.970585,MOUSE,0,-3,MOVE
1770791386.987252,MOUSE,0,-3,MOVE
1770791386.987252,MOUSE,0,0,LEFT_DOWN
1770791386.997252,MOUSE,0,0,LEFT_UP
1770791387.003918,MOUSE,0,-3,MOVE
1770791387.020585,MOUSE,0,-3,MOVE
1770791387.037251,MOUSE,0,-3,MOVE
1770791387.053918,MOUSE,0,-3,MOVE
1770791387.070585,MOUSE,0,-3,MOVE
1770791387.087251,MOUSE,0,-3,MOVE
1770791387.103918,MOUSE,0,-3,MOVE
1770791387.120585,MOUSE,0,-3,MOVE
1770791387.120585,MOUSE,0,0,LEFT_DOWN
1770791387.130585,MOUSE,0,0,LEFT_UP
1770791387.137251,MOUSE,0,-3,MOVE
1770791387.153918,MOUSE,0,-3,MOVE
1770791387.170585,MOUSE,0,-3,MOVE
1770791387.187251,MOUSE,0,-3,MOVE
1770791387.203918,MOUSE,0,-3,MOVE
1770791387.220585,MOUSE,0,-3,MOVE
1770791387.237251,MOUSE,0,-3,MOVE
1770791387.253918,MOUSE,0,-3,MOVE
1770791387.253918,MOUSE,0,0,LEFT_DOWN
1770791387.263918,MOUSE,0,0,LEFT_UP
1770791387.270585,MOUSE,0,-3,MOVE
1770791387.287251,MOUSE,0,-3,MOVE
1770791387.303918,MOUSE,0,-3,MOVE
1770791387.320585,MOUSE,-4,-2,MOVE
1770791387.337251,MOUSE,-4,-2,MOVE
1770791387.353918,MOUSE,-4,-2,MOVE
1770791387.370584,MOUSE,-4,-2,MOVE
1770791387.387251,MOUSE,-4,-2,MOVE
1770791387.387251,MOUSE,0,0,LEFT_DOWN
1770791387.397251,MOUSE,0,0,LEFT_UP
1770791387.403918,MOUSE,-4,-2,MOVE
1770791387.420584,MOUSE,-4,-2,MOVE
1770791387.437251,MOUSE,-4,-2,MOVE
1770791387.453918,MOUSE,-4,-2,MOVE
1770791387.470584,MOUSE,-4,-2,MOVE
1770791387.487251,MOUSE,-4,-2,MOVE
1770791387.503918,MOUSE,-4,-2,MOVE
1770791387.520584,MOUSE,-4,-2,MOVE
1770791387.520584,MOUSE,0,0,LEFT_DOWN
1770791387.530584,MOUSE,0,0,LEFT_UP
1770791387.537251,MOUSE,-4,-2,MOVE
1770791387.553918,MOUSE,-4,-2,MOVE
1770791387.570584,MOUSE,-4,-2,MOVE
1770791387.587251,MOUSE,-4,-2,MOVE
1770791387.603918,MOUSE,-4,-2,MOVE
1770791387.620584,MOUSE,-4,-2,MOVE
1770791387.637251,MOUSE,-4,-2,MOVE
1770791387.653918,MOUSE,-4,-2,MOVE
1770791387.653918,MOUSE,0,0,LEFT_DOWN
1770791387.663918,MOUSE,0,0,LEFT_UP
1770791387.670584,MOUSE,-4,-2,MOVE
1770791387.687251,MOUSE,-4,-2,MOVE
1770791387.703918,MOUSE,-4,-2,MOVE
1770791387.720584,MOUSE,-4,-2,MOVE
1770791387.737251,MOUSE,-4,-2,MOVE
1770791387.753917,MOUSE,-4,-2,MOVE
1770791387.770584,MOUSE,-4,-2,MOVE
1770791387.787251,MOUSE,-4,-2,MOVE
1770791387.803917,MOUSE,-4,-2,MOVE
1770791387.820584,MOUSE,-4,-2,MOVE
1770791387.837251,MOUSE,-4,-2,MOVE
1770791387.853917,MOUSE,-4,-2,MOVE
1770791387.870584,MOUSE,-4,-2,MOVE
1770791387.887251,MOUSE,-4,-2,MOVE
1770791387.903917,MOUSE,-4,-2,MOVE
1770791387.920584,MOUSE,-4,-2,MOVE
1770791387.937251,MOUSE,-4,-2,MOVE
1770791387.953917,MOUSE,-4,-2,MOVE
1770791387.970584,MOUSE,-4,-2,MOVE
1770791387.987251,MOUSE,-4,-2,MOVE
1770791388.003917,MOUSE,-4,-2,MOVE
1770791388.020584,MOUSE,-4,-2,MOVE
1770791388.037251,MOUSE,-4,-2,MOVE
1770791388.053917,MOUSE,-4,-2,MOVE
1770791388.070584,MOUSE,-4,-2,MOVE
1770791388.087250,MOUSE,-4,-2,MOVE
1770791388.103917,MOUSE,-4,-2,MOVE
1770791388.120584,MOUSE,-4,-2,MOVE
1770791388.137250,MOUSE,-4,-2,MOVE
1770791388.153917,MOUSE,-4,-2,MOVE
1770791388.170584,MOUSE,-4,-2,MOVE
1770791388.187250,MOUSE,-4,-2,MOVE
1770791388.203917,MOUSE,-4,-2,MOVE
1770791388.220584,MOUSE,-4,-2,MOVE
1770791388.237250,MOUSE,-4,-2,MOVE
1770791388.253917,MOUSE,-4,-2,MOVE
1770791388.270584,MOUSE,-4,-2,MOVE
1770791388.287250,MOUSE,-4,-2,MOVE
1770791388.303917,MOUSE,-4,-2,MOVE
1770791388.320584,MOUSE,-4,-2,MOVE
1770791388.337250,MOUSE,-4,-2,MOVE
1770791388.353917,MOUSE,-4,-2,MOVE
1770791388.370584,MOUSE,-4,-2,MOVE
1770791388.387250,MOUSE,-4,-2,MOVE
1770791388.403917,MOUSE,-4,-2,MOVE
1770791388.420583,MOUSE,-4,-2,MOVE
1770791388.437250,MOUSE,-4,-2,MOVE
1770791388.453917,MOUSE,-4,-2,MOVE
1770791388.470583,MOUSE,-4,-2,MOVE
1770791388.487250,MOUSE,-4,-2,MOVE
1770791388.503917,MOUSE,-4,-2,MOVE
1770791388.520583,MOUSE,-4,-2,MOVE
1770791388.537250,MOUSE,-4,-2,MOVE
1770791388.553917,MOUSE,-4,-2,MOVE
1770791388.570583,MOUSE,-4,-2,MOVE
1770791388.587250,MOUSE,-4,-2,MOVE
1770791388.603917,MOUSE,-4,-2,MOVE
1770791388.620583,MOUSE,-4,-2,MOVE
1770791388.637250,MOUSE,-4,-2,MOVE
1770791388.653917,MOUSE,-4,-2,MOVE
1770791388.670583,MOUSE,-4,-2,MOVE
1770791388.687250,MOUSE,-4,-2,MOVE
1770791388.703917,MOUSE,-4,-2,MOVE
1770791388.720583,MOUSE,-4,-2,MOVE
1770791388.737250,MOUSE,-4,-2,MOVE
1770791388.753917,MOUSE,-4,-2,MOVE
1770791388.770583,MOUSE,-4,-2,MOVE
1770791388.787250,MOUSE,-4,-2,MOVE
1770791388.803916,MOUSE,-4,-2,MOVE
1770791388.820583,MOUSE,-4,-2,MOVE
1770791388.837250,MOUSE,-4,-2,MOVE
1770791388.853916,MOUSE,-4,-2,MOVE
1770791388.870583,MOUSE,-4,-2,MOVE
1770791388.887250,MOUSE,-4,-2,MOVE
1770791388.903916,MOUSE,-4,-2,MOVE
1770791388.920583,MOUSE,-4,-2,MOVE
1770791388.937250,MOUSE,-4,-2,MOVE
1770791388.953916,MOUSE,-4,-2,MOVE
1770791388.970583,MOUSE,-4,-2,MOVE
1770791388.987250,MOUSE,-4,-2,MOVE
1770791389.003916,MOUSE,1,2,MOVE
1770791389.020583,MOUSE,1,2,MOVE
1770791389.037250,MOUSE,1,2,MOVE
1770791389.053916,MOUSE,1,2,MOVE
1770791389.070583,MOUSE,1,2,MOVE
1770791389.087250,MOUSE,1,2,MOVE
1770791389.103916,MOUSE,1,2,MOVE
1770791389.120583,MOUSE,1,2,MOVE
1770791389.137249,MOUSE,1,2,MOVE
1770791389.153916,MOUSE,1,2,MOVE
1770791389.170583,MOUSE,1,2,MOVE
1770791389.187249,MOUSE,1,2,MOVE
1770791389.203916,MOUSE,1,2,MOVE
1770791389.220583,MOUSE,1,2,MOVE
1770791389.237249,MOUSE,1,2,MOVE
1770791389.253916,MOUSE,1,2,MOVE
1770791389.270583,MOUSE,1,2,MOVE
1770791389.287249,MOUSE,1,2,MOVE
1770791389.303916,MOUSE,1,2,MOVE
1770791389.320583,MOUSE,1,2,MOVE
1770791389.337249,MOUSE,1,2,MOVE
1770791389.353916,MOUSE,1,2,MOVE
1770791389.370583,MOUSE,1,2,MOVE
1770791389.387249,MOUSE,1,2,MOVE
1770791389.403916,MOUSE,1,2,MOVE
1770791389.420583,MOUSE,1,2,MOVE
1770791389.437249,MOUSE,1,2,MOVE
1770791389.453916,MOUSE,1,2,MOVE
1770791389.470582,MOUSE,1,2,MOVE
1770791389.487249,MOUSE,1,2,MOVE
1770791389.503916,MOUSE,1,2,MOVE
1770791389.520582,MOUSE,1,2,MOVE
1770791389.537249,MOUSE,1,2,MOVE
1770791389.553916,MOUSE,1,2,MOVE
1770791389.570582,MOUSE,1,2,MOVE
1770791389.587249,MOUSE,1,2,MOVE
1770791389.603916,MOUSE,1,2,MOVE
1770791389.620582,MOUSE,1,2,MOVE
1770791389.637249,MOUSE,1,2,MOVE
1770791389.653916,MOUSE,1,2,MOVE
1770791389.670582,MOUSE,1,2,MOVE
1770791389.687249,MOUSE,1,2,MOVE
1770791389.703916,MOUSE,1,2,MOVE
1770791389.720582,MOUSE,1,2,MOVE
1770791389.737249,MOUSE,1,2,MOVE
1770791389.753916,MOUSE,1,2,MOVE
1770791389.770582,MOUSE,1,2,MOVE
1770791389.787249,MOUSE,-4,-2,MOVE
1770791389.803916,MOUSE,-4,-2,MOVE
1770791389.820582,MOUSE,-4,-2,MOVE
1770791389.837249,MOUSE,-4,-2,MOVE
1770791389.853915,MOUSE,-4,-2,MOVE
1770791389.870582,MOUSE,-4,-2,MOVE
1770791389.887249,MOUSE,-4,-2,MOVE
1770791389.903915,MOUSE,-4,-2,MOVE
1770791389.920582,MOUSE,-4,-2,MOVE
1770791389.937249,MOUSE,-4,-2,MOVE
1770791389.953915,MOUSE,-4,-2,MOVE
1770791389.970582,MOUSE,-4,-2,MOVE
1770791389.987249,MOUSE,-4,-2,MOVE
1770791390.003915,MOUSE,-4,-2,MOVE
1770791390.020582,MOUSE,-4,-2,MOVE
1770791390.037249,MOUSE,-4,-2,MOVE
1770791390.053915,MOUSE,-4,-2,MOVE
1770791390.070582,MOUSE,-4,-2,MOVE
1770791390.087249,MOUSE,-4,-2,MOVE
1770791390.103915,MOUSE,-4,-2,MOVE
1770791390.120582,MOUSE,-4,-2,MOVE
1770791390.137249,MOUSE,-4,-2,MOVE
1770791390.153915,MOUSE,-4,-2,MOVE
1770791390.170582,MOUSE,-4,-2,MOVE
1770791390.187248,MOUSE,-4,-2,MOVE
1770791390.203915,MOUSE,-4,-2,MOVE
1770791390.220582,MOUSE,-4,-2,MOVE
1770791390.237248,MOUSE,-4,-2,MOVE
1770791390.253915,MOUSE,-4,-2,MOVE
1770791390.270582,MOUSE,-4,-2,MOVE
1770791390.287248,MOUSE,-4,-2,MOVE
1770791390.303915,MOUSE,-4,-2,MOVE
1770791390.320582,MOUSE,-4,-2,MOVE
1770791390.337248,MOUSE,-4,-2,MOVE
1770791390.353915,MOUSE,-4,-2,MOVE
1770791390.370582,MOUSE,-4,-2,MOVE
1770791390.387248,MOUSE,-4,-2,MOVE
1770791390.403915,MOUSE,-4,-2,MOVE
1770791390.420582,MOUSE,-4,-2,MOVE
1770791390.437248,MOUSE,-4,-2,MOVE
1770791390.453915,MOUSE,-4,-2,MOVE
1770791390.470582,MOUSE,-4,-2,MOVE
1770791390.487248,MOUSE,-4,-2,MOVE
1770791390.503915,MOUSE,-4,-2,MOVE
1770791390.520581,MOUSE,-4,-2,MOVE
1770791390.537248,MOUSE,-4,-2,MOVE
1770791390.553915,MOUSE,-4,-2,MOVE
1770791390.570581,MOUSE,-4,-2,MOVE
1770791390.587248,MOUSE,-4,-2,MOVE
1770791390.603915,MOUSE,-4,-2,MOVE
1770791390.620581,MOUSE,-4,-2,MOVE
1770791390.637248,MOUSE,-4,-2,MOVE
1770791390.653915,MOUSE,-4,-2,MOVE
1770791390.670581,MOUSE,-4,-2,MOVE
1770791390.687248,MOUSE,-4,-2,MOVE
1770791390.703915,MOUSE,-4,-2,MOVE
1770791390.720581,MOUSE,-4,-2,MOVE
1770791390.737248,MOUSE,-4,-2,MOVE
1770791390.753915,MOUSE,-4,-2,MOVE
1770791390.770581,MOUSE,-4,-2,MOVE
1770791390.787248,MOUSE,-4,-2,MOVE
1770791390.803915,MOUSE,-4,-2,MOVE
1770791390.820581,MOUSE,-4,-2,MOVE
1770791390.837248,MOUSE,-4,-2,MOVE
1770791390.853914,MOUSE,-4,-2,MOVE
1770791390.870581,MOUSE,-4,-2,MOVE
1770791390.887248,MOUSE,-4,-2,MOVE
1770791390.903914,MOUSE,-4,-2,MOVE
1770791390.920581,MOUSE,-4,-2,MOVE
1770791390.937248,MOUSE,-4,-2,MOVE
1770791390.953914,MOUSE,-4,-2,MOVE
1770791390.970581,MOUSE,-4,-2,MOVE
1770791390.987248,MOUSE,-4,-2,MOVE
1770791391.003914,MOUSE,-4,-2,MOVE
1770791391.020581,MOUSE,-4,-2,MOVE
1770791391.037248,MOUSE,-4,-2,MOVE
1770791391.053914,MOUSE,-4,-2,MOVE
1770791391.070581,MOUSE,-4,-2,MOVE
1770791391.087248,MOUSE,-4,-2,MOVE
1770791391.103914,MOUSE,-5,1,MOVE
1770791391.120581,MOUSE,-5,1,MOVE
1770791391.137248,MOUSE,-5,1,MOVE
1770791391.153914,MOUSE,-5,1,MOVE
1770791391.170581,MOUSE,-5,1,MOVE
1770791391.187248,MOUSE,-5,1,MOVE
1770791391.203914,MOUSE,-5,1,MOVE
1770791391.220581,MOUSE,-5,1,MOVE
1770791391.237247,MOUSE,-5,1,MOVE
1770791391.253914,MOUSE,-5,1,MOVE
1770791391.270581,MOUSE,-5,1,MOVE
1770791391.287247,MOUSE,-5,1,MOVE
1770791391.303914,MOUSE,-5,1,MOVE
1770791391.320581,MOUSE,-5,1,MOVE
1770791391.337247,MOUSE,-5,1,MOVE
1770791391.353914,MOUSE,-5,1,MOVE
1770791391.370581,MOUSE,-5,1,MOVE
1770791391.387247,MOUSE,-5,1,MOVE
1770791391.403914,MOUSE,-5,1,MOVE
1770791391.420581,MOUSE,-5,1,MOVE
1770791391.437247,MOUSE,-5,1,MOVE
1770791391.453914,MOUSE,-5,1,MOVE
1770791391.470581,MOUSE,-5,1,MOVE
1770791391.487247,MOUSE,-5,1,MOVE
1770791391.503914,MOUSE,-5,1,MOVE
1770791391.520581,MOUSE,-5,1,MOVE
1770791391.537247,MOUSE,-5,1,MOVE
1770791391.553914,MOUSE,-5,1,MOVE
1770791391.570580,MOUSE,-5,1,MOVE
1770791391.587247,MOUSE,-5,1,MOVE
1770791391.603914,MOUSE,-5,1,MOVE
1770791391.620580,MOUSE,-5,1,MOVE
1770791391.637247,MOUSE,-5,1,MOVE
1770791391.653914,MOUSE,-5,1,MOVE
1770791391.670580,MOUSE,-5,1,MOVE
1770791391.687247,MOUSE,-5,1,MOVE
1770791391.703914,MOUSE,-5,1,MOVE
1770791391.720580,MOUSE,-5,1,MOVE
1770791391.737247,MOUSE,-5,1,MOVE
1770791391.753914,MOUSE,-5,1,MOVE
1770791391.770580,MOUSE,-5,1,MOVE
1770791391.787247,MOUSE,-5,1,MOVE
1770791391.803914,MOUSE,-5,1,MOVE
1770791391.820580,MOUSE,-5,1,MOVE
1770791391.837247,MOUSE,-5,1,MOVE
1770791391.853914,MOUSE,-5,1,MOVE
1770791391.870580,MOUSE,-5,1,MOVE
1770791391.887247,MOUSE,-5,1,MOVE
1770791391.903913,MOUSE,-5,1,MOVE
1770791391.920580,MOUSE,-5,1,MOVE
1770791391.937247,MOUSE,-5,1,MOVE
1770791391.953913,MOUSE,-5,1,MOVE
1770791391.970580,MOUSE,-5,1,MOVE
1770791391.970580,MOUSE,0,0,LEFT_DOWN
1770791391.980580,MOUSE,0,0,LEFT_UP
1770791391.987247,MOUSE,-5,1,MOVE
1770791392.003913,MOUSE,-5,1,MOVE
1770791392.020580,MOUSE,-5,1,MOVE
1770791392.037247,MOUSE,-5,1,MOVE
1770791392.053913,MOUSE,-5,1,MOVE
1770791392.070580,MOUSE,-5,1,MOVE
1770791392.070580,MOUSE,0,0,LEFT_DOWN
1770791392.080580,MOUSE,0,0,LEFT_UP
1770791392.087247,MOUSE,-5,1,MOVE
1770791392.103913,MOUSE,-5,1,MOVE
1770791392.120580,MOUSE,-5,1,MOVE
1770791392.137247,MOUSE,-5,1,MOVE
1770791392.153913,MOUSE,-5,1,MOVE
1770791392.170580,MOUSE,-5,1,MOVE
1770791392.170580,MOUSE,0,0,LEFT_DOWN
1770791392.180580,MOUSE,0,0,LEFT_UP
1770791392.187247,MOUSE,-5,1,MOVE
1770791392.203913,MOUSE,-5,1,MOVE
1770791392.220580,MOUSE,-5,1,MOVE
1770791392.237247,MOUSE,-5,1,MOVE
1770791392.253913,MOUSE,-5,1,MOVE
1770791392.270580,MOUSE,-5,1,MOVE
1770791392.270580,MOUSE,0,0,LEFT_DOWN
1770791392.280580,MOUSE,0,0,LEFT_UP
1770791392.287246,MOUSE,-5,1,MOVE
1770791392.303913,MOUSE,-5,1,MOVE
1770791392.320580,MOUSE,-5,1,MOVE
1770791392.337246,MOUSE,-5,1,MOVE
1770791392.353913,MOUSE,-5,1,MOVE
1770791392.370580,MOUSE,-5,1,MOVE
1770791392.370580,MOUSE,0,0,LEFT_DOWN
1770791392.380580,MOUSE,0,0,LEFT_UP
1770791392.387246,MOUSE,-5,1,MOVE
1770791392.403913,MOUSE,-5,1,MOVE
1770791392.420580,MOUSE,-5,1,MOVE
1770791392.437246,MOUSE,-5,1,MOVE
1770791392.453913,MOUSE,-5,1,MOVE
1770791392.470580,MOUSE,-5,1,MOVE
1770791392.470580,MOUSE,0,0,LEFT_DOWN
1770791392.480580,MOUSE,0,0,LEFT_UP
1770791392.487246,MOUSE,-5,1,MOVE
1770791392.503913,MOUSE,-5,1,MOVE
1770791392.520580,MOUSE,-5,1,MOVE
1770791392.537246,MOUSE,-5,1,MOVE
1770791392.553913,MOUSE,-5,1,MOVE
1770791392.570580,MOUSE,-5,1,MOVE
1770791392.570580,MOUSE,0,0,LEFT_DOWN
1770791392.580580,MOUSE,0,0,LEFT_UP
1770791392.587246,MOUSE,-5,1,MOVE
1770791392.603913,MOUSE,-5,1,MOVE
1770791392.620579,MOUSE,-5,1,MOVE
1770791392.637246,MOUSE,-5,1,MOVE
1770791392.653913,MOUSE,-5,1,MOVE
1770791392.670579,MOUSE,-5,1,MOVE
1770791392.670579,MOUSE,0,0,LEFT_DOWN
1770791392.680579,MOUSE,0,0,LEFT_UP
1770791392.687246,MOUSE,-5,1,MOVE
1770791392.703913,MOUSE,-5,1,MOVE
1770791392.720579,MOUSE,-5,1,MOVE
1770791392.737246,MOUSE,-5,1,MOVE
1770791392.753913,MOUSE,-5,1,MOVE
1770791392.770579,MOUSE,-5,1,MOVE
1770791392.770579,MOUSE,0,0,LEFT_DOWN
1770791392.780579,MOUSE,0,0,LEFT_UP
1770791392.787246,MOUSE,-5,1,MOVE
1770791392.803913,MOUSE,-5,1,MOVE
1770791392.820579,MOUSE,1,-1,MOVE
1770791392.837246,MOUSE,1,-1,MOVE
1770791392.853913,MOUSE,1,-1,MOVE
1770791392.870579,MOUSE,1,-1,MOVE
1770791392.870579,MOUSE,0,0,LEFT_DOWN
1770791392.880579,MOUSE,0,0,LEFT_UP
1770791392.887246,MOUSE,1,-1,MOVE
1770791392.903913,MOUSE,1,-1,MOVE
1770791392.920579,MOUSE,1,-1,MOVE
1770791392.937246,MOUSE,1,-1,MOVE
1770791392.953912,MOUSE,1,-1,MOVE
1770791392.970579,MOUSE,1,-1,MOVE
1770791392.970579,MOUSE,0,0,LEFT_DOWN
1770791392.980579,MOUSE,0,0,LEFT_UP
1770791392.987246,MOUSE,1,-1,MOVE
1770791393.003912,MOUSE,1,-1,MOVE
1770791393.020579,MOUSE,1,-1,MOVE
1770791393.037246,MOUSE,1,-1,MOVE
1770791393.053912,MOUSE,1,-1,MOVE
1770791393.070579,MOUSE,1,-1,MOVE
1770791393.070579,MOUSE,0,0,LEFT_DOWN
1770791393.080579,MOUSE,0,0,LEFT_UP
1770791393.087246,MOUSE,1,-1,MOVE
1770791393.103912,MOUSE,1,-1,MOVE
1770791393.120579,MOUSE,1,-1,MOVE
1770791393.137246,MOUSE,1,-1,MOVE
1770791393.153912,MOUSE,1,-1,MOVE
1770791393.170579,MOUSE,1,-1,MOVE
1770791393.170579,MOUSE,0,0,LEFT_DOWN
1770791393.180579,MOUSE,0,0,LEFT_UP
1770791393.187246,MOUSE,1,-1,MOVE
1770791393.203912,MOUSE,1,-1,MOVE
1770791393.220579,MOUSE,1,-1,MOVE
1770791393.237246,MOUSE,1,-1,MOVE
1770791393.253912,MOUSE,1,-1,MOVE
1770791393.270579,MOUSE,1,-1,MOVE
1770791393.270579,MOUSE,0,0,LEFT_DOWN
1770791393.280579,MOUSE,0,0,LEFT_UP
1770791393.287246,MOUSE,1,-1,MOVE
1770791393.303912,MOUSE,1,-1,MOVE
1770791393.320579,MOUSE,1,-1,MOVE
1770791393.337245,MOUSE,1,-1,MOVE
1770791393.353912,MOUSE,1,-1,MOVE
1770791393.370579,MOUSE,2,-1,MOVE
1770791393.370579,MOUSE,0,0,LEFT_DOWN
1770791393.380579,MOUSE,0,0,LEFT_UP
1770791393.387245,MOUSE,2,-1,MOVE
1770791393.403912,MOUSE,2,-1,MOVE
1770791393.420579,MOUSE,2,-1,MOVE
1770791393.437245,MOUSE,2,-1,MOVE
1770791393.453912,MOUSE,2,-1,MOVE
1770791393.470579,MOUSE,2,-1,MOVE
1770791393.470579,MOUSE,0,0,LEFT_DOWN
1770791393.480579,MOUSE,0,0,LEFT_UP
1770791393.487245,MOUSE,2,-1,MOVE
1770791393.503912,MOUSE,2,-1,MOVE
1770791393.520579,MOUSE,2,-1,MOVE
1770791393.537245,MOUSE,2,-1,MOVE
1770791393.553912,MOUSE,2,-1,MOVE
1770791393.570579,MOUSE,2,-1,MOVE
1770791393.570579,MOUSE,0,0,LEFT_DOWN
1770791393.580579,MOUSE,0,0,LEFT_UP
1770791393.587245,MOUSE,2,-1,MOVE
1770791393.603912,MOUSE,2,-1,MOVE
1770791393.620579,MOUSE,2,-1,MOVE
1770791393.637245,MOUSE,2,-1,MOVE
1770791393.653912,MOUSE,2,-1,MOVE
1770791393.670578,MOUSE,2,-1,MOVE
1770791393.670578,MOUSE,0,0,LEFT_DOWN
1770791393.680578,MOUSE,0,0,LEFT_UP
1770791393.687245,MOUSE,2,-1,MOVE
1770791393.703912,MOUSE,2,-1,MOVE
1770791393.720578,MOUSE,2,-1,MOVE
1770791393.737245,MOUSE,2,-1,MOVE
1770791393.753912,MOUSE,-2,1,MOVE
1770791393.770578,MOUSE,-2,1,MOVE
1770791393.770578,MOUSE,0,0,LEFT_DOWN
1770791393.780578,MOUSE,0,0,LEFT_UP
1770791393.787245,MOUSE,-2,1,MOVE
1770791393.803912,MOUSE,-2,1,MOVE
1770791393.820578,MOUSE,-2,1,MOVE
1770791393.837245,MOUSE,-2,1,MOVE
1770791393.853912,MOUSE,-2,1,MOVE
1770791393.870578,MOUSE,-2,1,MOVE
1770791393.887245,MOUSE,-2,1,MOVE
1770791393.903912,MOUSE,-2,1,MOVE
1770791393.920578,MOUSE,-2,1,MOVE
1770791393.937245,MOUSE,-2,1,MOVE
1770791393.953912,MOUSE,-2,1,MOVE
1770791393.970578,MOUSE,-2,1,MOVE
1770791393.987245,MOUSE,-2,1,MOVE
1770791394.003911,MOUSE,-2,1,MOVE
1770791394.020578,MOUSE,-2,1,MOVE
1770791394.037245,MOUSE,-2,1,MOVE
1770791394.053911,MOUSE,-2,1,MOVE
1770791394.070578,MOUSE,-2,1,MOVE
1770791394.087245,MOUSE,-2,1,MOVE
1770791394.103911,MOUSE,-2,1,MOVE
1770791394.120578,MOUSE,-2,1,MOVE
1770791394.137245,MOUSE,-2,1,MOVE
1770791394.153911,MOUSE,-2,1,MOVE
1770791394.170578,MOUSE,-2,1,MOVE
1770791394.187245,MOUSE,-2,1,MOVE
1770791394.203911,MOUSE,-2,1,MOVE
1770791394.220578,MOUSE,-2,1,MOVE
1770791394.237245,MOUSE,-2,1,MOVE
1770791394.253911,MOUSE,-2,1,MOVE
1770791394.270578,MOUSE,-2,1,MOVE
1770791394.287245,MOUSE,-2,1,MOVE
1770791394.303911,MOUSE,-2,1,MOVE
1770791394.320578,MOUSE,-2,1,MOVE
1770791394.337245,MOUSE,-2,1,MOVE
1770791394.353911,MOUSE,-2,1,MOVE
1770791394.370578,MOUSE,-2,1,MOVE
1770791394.387244,MOUSE,-2,1,MOVE
1770791394.403911,MOUSE,-2,1,MOVE
1770791394.420578,MOUSE,-2,1,MOVE
1770791394.437244,MOUSE,-2,1,MOVE
1770791394.453911,MOUSE,-2,1,MOVE
1770791394.470578,MOUSE,-2,1,MOVE
1770791394.487244,MOUSE,-2,1,MOVE
1770791394.503911,MOUSE,-2,1,MOVE
1770791394.520578,MOUSE,-2,1,MOVE
1770791394.537244,MOUSE,-2,1,MOVE
1770791394.553911,MOUSE,-2,1,MOVE
1770791394.570578,MOUSE,-2,1,MOVE
1770791394.587244,MOUSE,-2,1,MOVE
1770791394.603911,MOUSE,-2,1,MOVE
1770791394.620578,MOUSE,-2,1,MOVE
1770791394.637244,MOUSE,-2,1,MOVE
1770791394.653911,MOUSE,-2,1,MOVE
1770791394.670578,MOUSE,-2,1,MOVE
1770791394.687244,MOUSE,-2,1,MOVE
1770791394.703911,MOUSE,-2,1,MOVE
1770791394.720577,MOUSE,-2,1,MOVE
1770791394.737244,MOUSE,1,3,MOVE
1770791394.753911,MOUSE,1,3,MOVE
1770791394.770577,MOUSE,1,3,MOVE
1770791394.787244,MOUSE,1,4,MOVE
1770791394.803911,MOUSE,1,4,MOVE
1770791394.820577,MOUSE,1,4,MOVE
1770791394.837244,MOUSE,1,4,MOVE
1770791394.853911,MOUSE,1,4,MOVE
1770791394.870577,MOUSE,1,4,MOVE
1770791394.887244,MOUSE,1,4,MOVE
1770791394.903911,MOUSE,1,4,MOVE
1770791394.920577,MOUSE,1,4,MOVE
1770791394.937244,MOUSE,1,4,MOVE
1770791394.953911,MOUSE,1,4,MOVE
1770791394.970577,MOUSE,1,4,MOVE
1770791394.987244,MOUSE,1,4,MOVE
1770791395.003911,MOUSE,1,4,MOVE
1770791395.020577,MOUSE,1,4,MOVE
1770791395.037244,MOUSE,1,4,MOVE
1770791395.053910,MOUSE,1,4,MOVE
1770791395.070577,MOUSE,1,4,MOVE
1770791395.087244,MOUSE,1,4,MOVE
1770791395.103910,MOUSE,1,4,MOVE
1770791395.120577,MOUSE,1,4,MOVE
1770791395.137244,MOUSE,1,4,MOVE
1770791395.153910,MOUSE,1,4,MOVE
1770791395.170577,MOUSE,1,4,MOVE
1770791395.187244,MOUSE,1,4,MOVE
1770791395.203910,MOUSE,1,4,MOVE
1770791395.220577,MOUSE,1,4,MOVE
1770791395.237244,MOUSE,1,4,MOVE
1770791395.253910,MOUSE,1,4,MOVE
1770791395.270577,MOUSE,1,4,MOVE
1770791395.287244,MOUSE,1,4,MOVE
1770791395.303910,MOUSE,1,4,MOVE
1770791395.320577,MOUSE,1,4,MOVE
1770791395.337244,MOUSE,1,4,MOVE
1770791395.353910,MOUSE,1,4,MOVE
1770791395.370577,MOUSE,1,4,MOVE
1770791395.387244,MOUSE,1,4,MOVE
1770791395.403910,MOUSE,1,4,MOVE
1770791395.420577,MOUSE,1,4,MOVE
1770791395.437243,MOUSE,1,4,MOVE
1770791395.453910,MOUSE,1,4,MOVE
1770791395.470577,MOUSE,1,4,MOVE
1770791395.487243,MOUSE,1,4,MOVE
1770791395.503910,MOUSE,1,4,MOVE
1770791395.520577,MOUSE,1,4,MOVE
1770791395.537243,MOUSE,1,4,MOVE
1770791395.553910,MOUSE,1,4,MOVE
1770791395.570577,MOUSE,1,4,MOVE
1770791395.587243,MOUSE,1,4,MOVE
1770791395.603910,MOUSE,1,4,MOVE
1770791395.620577,MOUSE,1,4,MOVE
1770791395.637243,MOUSE,1,4,MOVE
1770791395.653910,MOUSE,1,4,MOVE
1770791395.670577,MOUSE,1,4,MOVE
1770791395.687243,MOUSE,1,4,MOVE
1770791395.703910,MOUSE,1,4,MOVE
1770791395.720577,MOUSE,1,4,MOVE
1770791395.737243,MOUSE,1,4,MOVE
1770791395.753910,MOUSE,1,4,MOVE
1770791395.770576,MOUSE,1,4,MOVE
1770791395.787243,MOUSE,1,4,MOVE
1770791395.803910,MOUSE,1,4,MOVE
1770791395.820576,MOUSE,1,4,MOVE
1770791395.837243,MOUSE,1,4,MOVE
1770791395.853910,MOUSE,1,4,MOVE
1770791395.870576,MOUSE,1,4,MOVE
1770791395.887243,MOUSE,1,4,MOVE
1770791395.903910,MOUSE,1,4,MOVE
1770791395.920576,MOUSE,1,4,MOVE
1770791395.937243,MOUSE,1,4,MOVE
1770791395.953910,MOUSE,1,4,MOVE
1770791395.970576,MOUSE,1,4,MOVE
1770791395.987243,MOUSE,1,4,MOVE
1770791396.003910,MOUSE,1,4,MOVE
1770791396.020576,MOUSE,1,4,MOVE
1770791396.037243,MOUSE,1,4,MOVE
1770791396.053910,MOUSE,1,4,MOVE
1770791396.070576,MOUSE,1,4,MOVE
1770791396.087243,MOUSE,1,4,MOVE
1770791396.103909,MOUSE,1,4,MOVE
1770791396.120576,MOUSE,1,4,MOVE
1770791396.137243,MOUSE,1,4,MOVE
1770791396.153909,MOUSE,1,4,MOVE
1770791396.170576,MOUSE,1,4,MOVE
1770791396.187243,MOUSE,1,4,MOVE
1770791396.203909,MOUSE,1,4,MOVE
1770791396.220576,MOUSE,1,4,MOVE
1770791396.237243,MOUSE,4,-3,MOVE
1770791396.253909,MOUSE,4,-3,MOVE
1770791396.270576,MOUSE,4,-3,MOVE
1770791396.287243,MOUSE,4,-3,MOVE
1770791396.303909,MOUSE,4,-3,MOVE
1770791396.320576,MOUSE,4,-3,MOVE
1770791396.337243,MOUSE,4,-3,MOVE
1770791396.353909,MOUSE,4,-3,MOVE
1770791396.370576,MOUSE,4,-3,MOVE
1770791396.387243,MOUSE,4,-3,MOVE
1770791396.403909,MOUSE,4,-3,MOVE
1770791396.420576,MOUSE,4,-3,MOVE
1770791396.437243,MOUSE,4,-3,MOVE
1770791396.453909,MOUSE,4,-3,MOVE
1770791396.470576,MOUSE,4,-3,MOVE
1770791396.487242,MOUSE,4,-3,MOVE
1770791396.503909,MOUSE,4,-3,MOVE
1770791396.520576,MOUSE,4,-3,MOVE
1770791396.537242,MOUSE,4,-3,MOVE
1770791396.553909,MOUSE,4,-3,MOVE
1770791396.570576,MOUSE,4,-3,MOVE
1770791396.587242,MOUSE,4,-3,MOVE
1770791396.603909,MOUSE,4,-3,MOVE
1770791396.620576,MOUSE,4,-3,MOVE
1770791396.637242,MOUSE,4,-3,MOVE
1770791396.653909,MOUSE,4,-3,MOVE
1770791396.670576,MOUSE,4,-3,MOVE
1770791396.687242,MOUSE,4,-3,MOVE
1770791396.703909,MOUSE,4,-3,MOVE
1770791396.720576,MOUSE,4,-3,MOVE
1770791396.737242,MOUSE,4,-3,MOVE
1770791396.753909,MOUSE,4,-3,MOVE
1770791396.770576,MOUSE,4,-3,MOVE
1770791396.787242,MOUSE,4,-3,MOVE
1770791396.803909,MOUSE,4,-3,MOVE
1770791396.820575,MOUSE,4,-3,MOVE
1770791396.837242,MOUSE,4,-3,MOVE
1770791396.853909,MOUSE,4,-3,MOVE
1770791396.870575,MOUSE,4,-3,MOVE
1770791396.887242,MOUSE,4,-3,MOVE
1770791396.903909,MOUSE,4,-3,MOVE
1770791396.920575,MOUSE,4,-3,MOVE
1770791396.937242,MOUSE,4,-3,MOVE
1770791396.953909,MOUSE,4,-3,MOVE
1770791396.970575,MOUSE,4,-3,MOVE
1770791396.987242,MOUSE,4,-3,MOVE
1770791397.003909,MOUSE,4,-3,MOVE
1770791397.020575,MOUSE,4,-3,MOVE
1770791397.037242,MOUSE,4,-3,MOVE
1770791397.053909,MOUSE,4,-3,MOVE
1770791397.070575,MOUSE,4,-3,MOVE
1770791397.087242,MOUSE,4,-3,MOVE
1770791397.103909,MOUSE,4,-3,MOVE
1770791397.120575,MOUSE,4,-3,MOVE
1770791397.137242,MOUSE,4,-3,MOVE
1770791397.153908,MOUSE,4,-3,MOVE
1770791397.170575,MOUSE,4,-3,MOVE
1770791397.187242,MOUSE,4,-3,MOVE
1770791397.203908,MOUSE,4,-3,MOVE
1770791397.220575,MOUSE,4,-3,MOVE
1770791397.237242,MOUSE,4,-3,MOVE
1770791397.253908,MOUSE,4,-3,MOVE
1770791397.270575,MOUSE,4,-3,MOVE
1770791397.287242,MOUSE,4,-3,MOVE
1770791397.303908,MOUSE,4,-3,MOVE
1770791397.320575,MOUSE,4,-3,MOVE
1770791397.337242,MOUSE,4,-3,MOVE
1770791397.353908,MOUSE,4,-3,MOVE
1770791397.370575,MOUSE,4,-3,MOVE
1770791397.387242,MOUSE,4,-3,MOVE
1770791397.403908,MOUSE,4,-3,MOVE
1770791397.420575,MOUSE,4,-3,MOVE
1770791397.437242,MOUSE,4,-3,MOVE
1770791397.453908,MOUSE,4,-3,MOVE
1770791397.470575,MOUSE,4,-3,MOVE
1770791397.487242,MOUSE,4,-3,MOVE
1770791397.503908,MOUSE,4,-3,MOVE
1770791397.520575,MOUSE,4,-3,MOVE
1770791397.537241,MOUSE,4,-3,MOVE
1770791397.553908,MOUSE,4,-3,MOVE
1770791397.570575,MOUSE,4,-3,MOVE
1770791397.587241,MOUSE,4,-3,MOVE
1770791397.603908,MOUSE,4,-3,MOVE
1770791397.620575,MOUSE,4,-3,MOVE
1770791397.637241,MOUSE,4,-3,MOVE
1770791397.653908,MOUSE,4,-3,MOVE
1770791397.670575,MOUSE,4,-3,MOVE
1770791397.687241,MOUSE,4,-3,MOVE
1770791397.703908,MOUSE,4,-3,MOVE
1770791397.720575,MOUSE,4,-3,MOVE
1770791397.737241,MOUSE,4,-3,MOVE
1770791397.753908,MOUSE,4,-3,MOVE
1770791397.770575,MOUSE,4,-3,MOVE
1770791397.787241,MOUSE,4,-3,MOVE
1770791397.803908,MOUSE,4,-3,MOVE
1770791397.820575,MOUSE,4,-3,MOVE
1770791397.837241,MOUSE,4,-3,MOVE
1770791397.853908,MOUSE,4,-3,MOVE
1770791397.870574,MOUSE,4,-3,MOVE
1770791397.887241,MOUSE,4,-3,MOVE
1770791397.903908,MOUSE,4,-3,MOVE
1770791397.920574,MOUSE,4,-3,MOVE
1770791397.937241,MOUSE,4,-3,MOVE
1770791397.953908,MOUSE,4,-3,MOVE
1770791397.970574,MOUSE,4,-3,MOVE
1770791397.987241,MOUSE,4,-3,MOVE
1770791398.003908,MOUSE,4,-3,MOVE
1770791398.020574,MOUSE,4,-3,MOVE
1770791398.037241,MOUSE,4,-3,MOVE
1770791398.053908,MOUSE,4,-3,MOVE
1770791398.070574,MOUSE,4,-3,MOVE
1770791398.087241,MOUSE,4,-3,MOVE
1770791398.103908,MOUSE,4,-3,MOVE
1770791398.120574,MOUSE,5,1,MOVE
1770791398.137241,MOUSE,0,3,MOVE
1770791398.153908,MOUSE,0,3,MOVE
1770791398.170574,MOUSE,0,3,MOVE
1770791398.187241,MOUSE,0,3,MOVE
1770791398.203907,MOUSE,0,3,MOVE
1770791398.203907,MOUSE,0,0,LEFT_DOWN
1770791398.213907,MOUSE,0,0,LEFT_UP
1770791398.220574,MOUSE,0,3,MOVE
1770791398.237241,MOUSE,0,3,MOVE
1770791398.253907,MOUSE,0,3,MOVE
1770791398.270574,MOUSE,0,3,MOVE
1770791398.287241,MOUSE,0,3,MOVE
1770791398.303907,MOUSE,0,3,MOVE
1770791398.320574,MOUSE,0,3,MOVE
1770791398.337241,MOUSE,0,3,MOVE
1770791398.353907,MOUSE,0,3,MOVE
1770791398.370574,MOUSE,0,3,MOVE
1770791398.370574,MOUSE,0,0,LEFT_DOWN
1770791398.380574,MOUSE,0,0,LEFT_UP
1770791398.387241,MOUSE,0,3,MOVE
1770791398.403907,MOUSE,0,3,MOVE
1770791398.420574,MOUSE,0,3,MOVE
1770791398.437241,MOUSE,0,3,MOVE
1770791398.453907,MOUSE,0,3,MOVE
1770791398.470574,MOUSE,0,3,MOVE
1770791398.487241,MOUSE,0,3,MOVE
1770791398.503907,MOUSE,0,3,MOVE
1770791398.520574,MOUSE,0,3,MOVE
1770791398.537241,MOUSE,0,3,MOVE
1770791398.537241,MOUSE,0,0,LEFT_DOWN
1770791398.547240,MOUSE,0,0,LEFT_UP
1770791398.553907,MOUSE,0,3,MOVE
1770791398.570574,MOUSE,0,3,MOVE
1770791398.587240,MOUSE,0,3,MOVE
1770791398.603907,MOUSE,0,3,MOVE
1770791398.620574,MOUSE,0,3,MOVE
1770791398.637240,MOUSE,0,3,MOVE
1770791398.653907,MOUSE,0,3,MOVE
1770791398.670574,MOUSE,0,3,MOVE
1770791398.687240,MOUSE,0,3,MOVE
1770791398.703907,MOUSE,0,3,MOVE
1770791398.703907,MOUSE,0,0,LEFT_DOWN
1770791398.713907,MOUSE,0,0,LEFT_UP
1770791398.720574,MOUSE,0,3,MOVE
1770791398.737240,MOUSE,0,3,MOVE
1770791398.753907,MOUSE,0,3,MOVE
1770791398.770574,MOUSE,0,3,MOVE
1770791398.787240,MOUSE,0,3,MOVE
1770791398.803907,MOUSE,0,3,MOVE
1770791398.820574,MOUSE,0,3,MOVE
1770791398.837240,MOUSE,0,3,MOVE
1770791398.853907,MOUSE,0,3,MOVE
1770791398.870574,MOUSE,0,3,MOVE
1770791398.870574,MOUSE,0,0,LEFT_DOWN
1770791398.880574,MOUSE,0,0,LEFT_UP
1770791398.887240,MOUSE,0,3,MOVE
1770791398.903907,MOUSE,0,3,MOVE
1770791398.920573,MOUSE,0,3,MOVE
1770791398.937240,MOUSE,0,3,MOVE
1770791398.953907,MOUSE,0,3,MOVE
1770791398.970573,MOUSE,0,3,MOVE
1770791398.987240,MOUSE,0,3,MOVE
1770791399.003907,MOUSE,0,3,MOVE
1770791399.020573,MOUSE,0,3,MOVE
1770791399.037240,MOUSE,0,3,MOVE
1770791399.037240,MOUSE,0,0,LEFT_DOWN
1770791399.047240,MOUSE,0,0,LEFT_UP
1770791399.053907,MOUSE,0,3,MOVE
1770791399.070573,MOUSE,0,3,MOVE
1770791399.087240,MOUSE,0,3,MOVE
1770791399.103907,MOUSE,0,3,MOVE
1770791399.120573,MOUSE,0,3,MOVE
1770791399.137240,MOUSE,0,3,MOVE
1770791399.153907,MOUSE,0,3,MOVE
1770791399.170573,MOUSE,0,3,MOVE
1770791399.187240,MOUSE,0,3,MOVE
1770791399.203907,MOUSE,0,3,MOVE
1770791399.203907,MOUSE,0,0,LEFT_DOWN
1770791399.213907,MOUSE,0,0,LEFT_UP
1770791399.220573,MOUSE,0,3,MOVE
1770791399.237240,MOUSE,0,3,MOVE
1770791399.253906,MOUSE,0,3,MOVE
1770791399.270573,MOUSE,0,3,MOVE
1770791399.287240,MOUSE,0,3,MOVE
1770791399.303906,MOUSE,0,3,MOVE
1770791399.320573,MOUSE,0,3,MOVE
1770791399.337240,MOUSE,0,3,MOVE
1770791399.353906,MOUSE,0,3,MOVE
1770791399.370573,MOUSE,0,3,MOVE
1770791399.370573,MOUSE,0,0,LEFT_DOWN
1770791399.380573,MOUSE,0,0,LEFT_UP
1770791399.387240,MOUSE,0,3,MOVE
1770791399.403906,MOUSE,0,3,MOVE
1770791399.420573,MOUSE,0,3,MOVE
1770791399.437240,MOUSE,0,3,MOVE
1770791399.453906,MOUSE,0,3,MOVE
1770791399.470573,MOUSE,0,3,MOVE
1770791399.487240,MOUSE,0,3,MOVE
1770791399.503906,MOUSE,0,3,MOVE
1770791399.520573,MOUSE,0,3,MOVE
1770791399.537240,MOUSE,0,3,MOVE
1770791399.537240,MOUSE,0,0,LEFT_DOWN
1770791399.547240,MOUSE,0,0,LEFT_UP
1770791399.553906,MOUSE,0,3,MOVE
1770791399.570573,MOUSE,0,3,MOVE
1770791399.587240,MOUSE,0,3,MOVE
1770791399.603906,MOUSE,0,3,MOVE
1770791399.620573,MOUSE,0,3,MOVE
1770791399.637239,MOUSE,0,3,MOVE
1770791399.653906,MOUSE,0,3,MOVE
1770791399.670573,MOUSE,0,2,MOVE
1770791399.687239,MOUSE,0,2,MOVE
1770791399.703906,MOUSE,0,2,MOVE
1770791399.703906,MOUSE,0,0,LEFT_DOWN
1770791399.713906,MOUSE,0,0,LEFT_UP
1770791399.720573,MOUSE,0,2,MOVE
1770791399.737239,MOUSE,0,2,MOVE
1770791399.753906,MOUSE,0,2,MOVE
1770791399.770573,MOUSE,0,2,MOVE
1770791399.787239,MOUSE,0,2,MOVE
1770791399.803906,MOUSE,0,2,MOVE
1770791399.820573,MOUSE,0,2,MOVE
1770791399.837239,MOUSE,0,2,MOVE
1770791399.853906,MOUSE,0,2,MOVE
1770791399.870573,MOUSE,0,2,MOVE
1770791399.870573,MOUSE,0,0,LEFT_DOWN
1770791399.880573,MOUSE,0,0,LEFT_UP
1770791399.887239,MOUSE,0,2,MOVE
1770791399.903906,MOUSE,0,2,MOVE
1770791399.920573,MOUSE,0,2,MOVE
1770791399.937239,MOUSE,0,2,MOVE
1770791399.953906,MOUSE,0,2,MOVE
1770791399.970572,MOUSE,0,2,MOVE
1770791399.987239,MOUSE,0,2,MOVE
1770791400.003906,MOUSE,0,2,MOVE
1770791400.020572,MOUSE,0,2,MOVE
1770791400.037239,MOUSE,0,2,MOVE
1770791400.037239,MOUSE,0,0,LEFT_DOWN
1770791400.047239,MOUSE,0,0,LEFT_UP
1770791400.053906,MOUSE,0,2,MOVE
1770791400.070572,MOUSE,0,2,MOVE
1770791400.087239,MOUSE,0,2,MOVE
1770791400.103906,MOUSE,0,2,MOVE
1770791400.120572,MOUSE,0,2,MOVE
1770791400.137239,MOUSE,0,2,MOVE
1770791400.153906,MOUSE,0,2,MOVE
1770791400.170572,MOUSE,0,2,MOVE
1770791400.187239,MOUSE,0,2,MOVE
1770791400.203906,MOUSE,0,2,MOVE
1770791400.220572,MOUSE,0,2,MOVE
1770791400.237239,MOUSE,0,2,MOVE
1770791400.253906,MOUSE,0,2,MOVE
1770791400.270572,MOUSE,0,2,MOVE
1770791400.287239,MOUSE,0,2,MOVE
1770791400.303905,MOUSE,0,2,MOVE
1770791400.320572,MOUSE,0,2,MOVE
1770791400.337239,MOUSE,0,2,MOVE
1770791400.353905,MOUSE,0,2,MOVE
1770791400.370572,MOUSE,0,2,MOVE
1770791400.387239,MOUSE,0,2,MOVE
1770791400.403905,MOUSE,0,2,MOVE
1770791400.420572,MOUSE,0,2,MOVE
1770791400.437239,MOUSE,0,2,MOVE
1770791400.453905,MOUSE,0,2,MOVE
1770791400.470572,MOUSE,0,2,MOVE
1770791400.487239,MOUSE,0,2,MOVE
1770791400.503905,MOUSE,0,2,MOVE
1770791400.520572,MOUSE,0,2,MOVE
1770791400.537239,MOUSE,0,2,MOVE
1770791400.553905,MOUSE,0,2,MOVE
1770791400.570572,MOUSE,0,2,MOVE
1770791400.587239,MOUSE,0,2,MOVE
1770791400.603905,MOUSE,0,2,MOVE
1770791400.620572,MOUSE,0,2,MOVE
1770791400.637239,MOUSE,0,2,MOVE
1770791400.653905,MOUSE,0,2,MOVE
1770791400.670572,MOUSE,0,2,MOVE
1770791400.687238,MOUSE,0,2,MOVE
1770791400.703905,MOUSE,0,2,MOVE
1770791400.720572,MOUSE,0,2,MOVE
1770791400.737238,MOUSE,0,4,MOVE
1770791400.753905,MOUSE,0,4,MOVE
1770791400.770572,MOUSE,0,4,MOVE
1770791400.787238,MOUSE,0,4,MOVE
1770791400.803905,MOUSE,0,4,MOVE
1770791400.820572,MOUSE,0,4,MOVE
1770791400.837238,MOUSE,0,4,MOVE
1770791400.853905,MOUSE,0,4,MOVE
1770791400.870572,MOUSE,0,4,MOVE
1770791400.887238,MOUSE,0,4,MOVE
1770791400.903905,MOUSE,0,4,MOVE
1770791400.920572,MOUSE,0,4,MOVE
1770791400.937238,MOUSE,0,4,MOVE
1770791400.953905,MOUSE,0,4,MOVE
1770791400.970572,MOUSE,0,4,MOVE
1770791400.987238,MOUSE,0,4,MOVE
1770791401.003905,MOUSE,0,4,MOVE
1770791401.020571,MOUSE,0,4,MOVE
1770791401.037238,MOUSE,0,4,MOVE
1770791401.053905,MOUSE,0,4,MOVE
1770791401.070571,MOUSE,0,4,MOVE
1770791401.087238,MOUSE,0,4,MOVE
1770791401.103905,MOUSE,0,4,MOVE
1770791401.120571,MOUSE,0,4,MOVE
1770791401.137238,MOUSE,0,4,MOVE
1770791401.153905,MOUSE,0,4,MOVE
1770791401.170571,MOUSE,0,4,MOVE
1770791401.187238,MOUSE,0,4,MOVE
1770791401.203905,MOUSE,0,4,MOVE
1770791401.220571,MOUSE,0,4,MOVE
1770791401.237238,MOUSE,0,4,MOVE
1770791401.253905,MOUSE,0,4,MOVE
1770791401.270571,MOUSE,0,4,MOVE
1770791401.287238,MOUSE,0,4,MOVE
1770791401.303905,MOUSE,0,4,MOVE
1770791401.320571,MOUSE,0,4,MOVE
1770791401.337238,MOUSE,0,4,MOVE
1770791401.353904,MOUSE,0,4,MOVE
1770791401.370571,MOUSE,0,4,MOVE
1770791401.387238,MOUSE,0,4,MOVE
1770791401.403904,MOUSE,0,4,MOVE
1770791401.420571,MOUSE,0,4,MOVE
1770791401.437238,MOUSE,0,4,MOVE
1770791401.453904,MOUSE,0,4,MOVE
1770791401.470571,MOUSE,0,4,MOVE
1770791401.487238,MOUSE,0,4,MOVE
1770791401.503904,MOUSE,0,4,MOVE
1770791401.520571,MOUSE,0,4,MOVE
1770791401.537238,MOUSE,0,4,MOVE
1770791401.553904,MOUSE,0,4,MOVE
1770791401.570571,MOUSE,0,4,MOVE
1770791401.587238,MOUSE,0,4,MOVE
1770791401.603904,MOUSE,0,4,MOVE
1770791401.620571,MOUSE,0,4,MOVE
1770791401.637238,MOUSE,0,4,MOVE
1770791401.653904,MOUSE,0,4,MOVE
1770791401.670571,MOUSE,0,4,MOVE
1770791401.687238,MOUSE,0,4,MOVE
1770791401.703904,MOUSE,0,4,MOVE
1770791401.720571,MOUSE,0,4,MOVE
1770791401.737237,MOUSE,0,4,MOVE
1770791401.753904,MOUSE,0,4,MOVE
1770791401.770571,MOUSE,0,4,MOVE
1770791401.787237,MOUSE,0,4,MOVE
1770791401.803904,MOUSE,0,4,MOVE
1770791401.820571,MOUSE,0,4,MOVE
1770791401.837237,MOUSE,0,4,MOVE
1770791401.853904,MOUSE,0,4,MOVE
1770791401.870571,MOUSE,0,4,MOVE
1770791401.887237,MOUSE,0,4,MOVE
1770791401.903904,MOUSE,0,4,MOVE
1770791401.920571,MOUSE,0,4,MOVE
1770791401.937237,MOUSE,0,4,MOVE
1770791401.953904,MOUSE,0,4,MOVE
1770791401.970571,MOUSE,0,4,MOVE
1770791401.987237,MOUSE,0,4,MOVE
1770791402.003904,MOUSE,0,4,MOVE
1770791402.020571,MOUSE,0,4,MOVE
1770791402.037237,MOUSE,0,4,MOVE
1770791402.053904,MOUSE,0,4,MOVE
1770791402.070570,MOUSE,0,4,MOVE
1770791402.087237,MOUSE,0,4,MOVE
1770791402.103904,MOUSE,0,4,MOVE
1770791402.120570,MOUSE,0,4,MOVE
1770791402.137237,MOUSE,0,4,MOVE
1770791402.153904,MOUSE,1,-2,MOVE
1770791402.170570,MOUSE,1,-2,MOVE
1770791402.187237,MOUSE,1,-2,MOVE
1770791402.203904,MOUSE,1,-2,MOVE
1770791402.220570,MOUSE,1,-2,MOVE
1770791402.237237,MOUSE,1,-2,MOVE
1770791402.253904,MOUSE,1,-2,MOVE
1770791402.270570,MOUSE,1,-2,MOVE
1770791402.287237,MOUSE,1,-2,MOVE
1770791402.303904,MOUSE,1,-2,MOVE
1770791402.320570,MOUSE,1,-2,MOVE
1770791402.337237,MOUSE,1,-2,MOVE
1770791402.353904,MOUSE,1,-2,MOVE
1770791402.370570,MOUSE,1,-2,MOVE
1770791402.387237,MOUSE,1,-2,MOVE
1770791402.403903,MOUSE,1,-2,MOVE
1770791402.420570,MOUSE,1,-2,MOVE
1770791402.437237,MOUSE,1,-2,MOVE
1770791402.453903,MOUSE,1,-2,MOVE
1770791402.470570,MOUSE,1,-2,MOVE
1770791402.487237,MOUSE,1,-2,MOVE
1770791402.503903,MOUSE,1,-2,MOVE
1770791402.520570,MOUSE,1,-2,MOVE
1770791402.537237,MOUSE,1,-2,MOVE
1770791402.553903,MOUSE,1,-2,MOVE
1770791402.570570,MOUSE,1,-2,MOVE
1770791402.587237,MOUSE,1,-2,MOVE
1770791402.603903,MOUSE,1,-2,MOVE
1770791402.620570,MOUSE,1,-2,MOVE
1770791402.637237,MOUSE,1,-2,MOVE
1770791402.653903,MOUSE,1,-2,MOVE
1770791402.670570,MOUSE,1,-2,MOVE
1770791402.687237,MOUSE,1,-2,MOVE
1770791402.703903,MOUSE,1,-2,MOVE
1770791402.720570,MOUSE,1,-2,MOVE
1770791402.737236,MOUSE,1,-2,MOVE
1770791402.753903,MOUSE,1,-2,MOVE
1770791402.770570,MOUSE,1,-2,MOVE
1770791402.787236,MOUSE,1,-2,MOVE
1770791402.803903,MOUSE,1,-2,MOVE
1770791402.820570,MOUSE,1,-2,MOVE
1770791402.837236,MOUSE,1,-2,MOVE
1770791402.853903,MOUSE,1,-2,MOVE
1770791402.870570,MOUSE,1,-2,MOVE
1770791402.887236,MOUSE,1,-2,MOVE
1770791402.903903,MOUSE,1,-2,MOVE
1770791402.920570,MOUSE,1,-2,MOVE
1770791402.937236,MOUSE,1,-2,MOVE
1770791402.953903,MOUSE,1,-2,MOVE
1770791402.970570,MOUSE,1,-2,MOVE
1770791402.987236,MOUSE,1,-2,MOVE
1770791403.003903,MOUSE,1,-2,MOVE
1770791403.020570,MOUSE,1,-2,MOVE
1770791403.037236,MOUSE,1,-2,MOVE
1770791403.053903,MOUSE,1,-2,MOVE
1770791403.070570,MOUSE,1,-2,MOVE
1770791403.087236,MOUSE,1,-2,MOVE
1770791403.103903,MOUSE,1,-2,MOVE
1770791403.120569,MOUSE,1,-2,MOVE
1770791403.137236,MOUSE,1,-2,MOVE
1770791403.153903,MOUSE,1,-2,MOVE
1770791403.170569,MOUSE,1,-2,MOVE
1770791403.187236,MOUSE,1,-2,MOVE
1770791403.203903,MOUSE,1,-2,MOVE
1770791403.220569,MOUSE,1,-2,MOVE
1770791403.237236,MOUSE,1,-2,MOVE
1770791403.253903,MOUSE,1,-2,MOVE
1770791403.270569,MOUSE,1,-2,MOVE
1770791403.287236,MOUSE,1,-2,MOVE
1770791403.303903,MOUSE,1,-2,MOVE
1770791403.320569,MOUSE,1,-2,MOVE
1770791403.337236,MOUSE,1,-2,MOVE
1770791403.353903,MOUSE,1,-2,MOVE
1770791403.370569,MOUSE,1,-2,MOVE
1770791403.387236,MOUSE,1,-2,MOVE
1770791403.403903,MOUSE,1,-2,MOVE
1770791403.420569,MOUSE,1,-2,MOVE
1770791403.437236,MOUSE,1,-2,MOVE
1770791403.453902,MOUSE,1,-2,MOVE
1770791403.470569,MOUSE,1,-2,MOVE
1770791403.487236,MOUSE,1,-2,MOVE
1770791403.503902,MOUSE,1,-2,MOVE
1770791403.520569,MOUSE,1,-2,MOVE
1770791403.537236,MOUSE,1,-2,MOVE
1770791403.553902,MOUSE,1,-2,MOVE
1770791403.570569,MOUSE,1,-2,MOVE
1770791403.587236,MOUSE,1,-2,MOVE
1770791403.603902,MOUSE,1,-2,MOVE
1770791403.620569,MOUSE,1,-2,MOVE
1770791403.637236,MOUSE,1,-2,MOVE
1770791403.653902,MOUSE,1,-2,MOVE
1770791403.670569,MOUSE,1,-2,MOVE
1770791403.687236,MOUSE,1,-2,MOVE
1770791403.703902,MOUSE,1,-2,MOVE
1770791403.720569,MOUSE,1,-2,MOVE
1770791403.737236,MOUSE,1,-2,MOVE
1770791403.753902,MOUSE,1,-2,MOVE
1770791403.770569,MOUSE,1,-2,MOVE
1770791403.787235,MOUSE,1,-2,MOVE
1770791403.803902,MOUSE,1,-2,MOVE
1770791403.820569,MOUSE,1,-2,MOVE
1770791403.837235,MOUSE,1,-2,MOVE
1770791403.853902,MOUSE,-1,-2,MOVE
1770791403.870569,MOUSE,-1,-2,MOVE
1770791403.887235,MOUSE,-1,-2,MOVE
1770791403.903902,MOUSE,-1,-2,MOVE
1770791403.920569,MOUSE,-1,-2,MOVE
1770791403.937235,MOUSE,-1,-2,MOVE
1770791403.953902,MOUSE,-1,-2,MOVE
1770791403.970569,MOUSE,-1,-2,MOVE
1770791403.987235,MOUSE,-1,-2,MOVE
1770791404.003902,MOUSE,-1,-2,MOVE
1770791404.020569,MOUSE,-1,-2,MOVE
1770791404.037235,MOUSE,-1,-2,MOVE
1770791404.053902,MOUSE,-1,-2,MOVE
1770791404.070569,MOUSE,-1,-2,MOVE
1770791404.087235,MOUSE,-1,-2,MOVE
1770791404.103902,MOUSE,-1,-2,MOVE
1770791404.120569,MOUSE,-1,-2,MOVE
1770791404.137235,MOUSE,-1,-2,MOVE
1770791404.153902,MOUSE,-1,-2,MOVE
1770791404.170568,MOUSE,-1,-2,MOVE
1770791404.187235,MOUSE,-1,-2,MOVE
1770791404.203902,MOUSE,-1,-2,MOVE
1770791404.220568,MOUSE,-1,-2,MOVE
1770791404.237235,MOUSE,-5,1,MOVE
1770791404.253902,MOUSE,-5,1,MOVE
1770791404.270568,MOUSE,-5,1,MOVE
1770791404.287235,MOUSE,-5,1,MOVE
1770791404.287235,MOUSE,0,0,LEFT_DOWN
1770791404.297235,MOUSE,0,0,LEFT_UP
1770791404.303902,MOUSE,-5,1,MOVE
1770791404.320568,MOUSE,-5,1,MOVE
1770791404.337235,MOUSE,-5,1,MOVE
1770791404.353902,MOUSE,-5,1,MOVE
1770791404.370568,MOUSE,-5,1,MOVE
1770791404.387235,MOUSE,-5,1,MOVE
1770791404.403902,MOUSE,-5,1,MOVE
1770791404.403902,MOUSE,0,0,LEFT_DOWN
1770791404.413902,MOUSE,0,0,LEFT_UP
1770791404.420568,MOUSE,-5,1,MOVE
1770791404.437235,MOUSE,-5,1,MOVE
1770791404.453902,MOUSE,-5,1,MOVE
1770791404.470568,MOUSE,-5,1,MOVE
1770791404.487235,MOUSE,-5,1,MOVE
1770791404.503901,MOUSE,-5,1,MOVE
1770791404.520568,MOUSE,-5,1,MOVE
1770791404.520568,MOUSE,0,0,LEFT_DOWN
1770791404.530568,MOUSE,0,0,LEFT_UP
1770791404.537235,MOUSE,-5,1,MOVE
1770791404.553901,MOUSE,-5,1,MOVE
1770791404.570568,MOUSE,-5,1,MOVE
1770791404.587235,MOUSE,-5,1,MOVE
1770791404.603901,MOUSE,-5,1,MOVE
1770791404.620568,MOUSE,-5,1,MOVE
1770791404.637235,MOUSE,-5,1,MOVE
1770791404.637235,MOUSE,0,0,LEFT_DOWN
1770791404.647235,MOUSE,0,0,LEFT_UP
1770791404.653901,MOUSE,-5,1,MOVE
1770791404.670568,MOUSE,-5,1,MOVE
1770791404.687235,MOUSE,-5,1,MOVE
1770791404.703901,MOUSE,-5,1,MOVE
1770791404.720568,MOUSE,-5,1,MOVE
1770791404.737235,MOUSE,-5,1,MOVE
1770791404.753901,MOUSE,-5,1,MOVE
1770791404.753901,MOUSE,0,0,LEFT_DOWN
1770791404.763901,MOUSE,0,0,LEFT_UP
1770791404.770568,MOUSE,-5,1,MOVE
1770791404.787235,MOUSE,-5,1,MOVE
1770791404.803901,MOUSE,-5,1,MOVE
1770791404.820568,MOUSE,-5,1,MOVE
1770791404.837234,MOUSE,-5,1,MOVE
1770791404.853901,MOUSE,-5,1,MOVE
1770791404.870568,MOUSE,-5,1,MOVE
1770791404.870568,MOUSE,0,0,LEFT_DOWN
1770791404.880568,MOUSE,0,0,LEFT_UP
1770791404.887234,MOUSE,-5,1,MOVE
1770791404.903901,MOUSE,-5,1,MOVE
1770791404.920568,MOUSE,-5,1,MOVE
1770791404.937234,MOUSE,-5,1,MOVE
1770791404.953901,MOUSE,-5,1,MOVE
1770791404.970568,MOUSE,-5,1,MOVE
1770791404.987234,MOUSE,-5,1,MOVE
1770791404.987234,MOUSE,0,0,LEFT_DOWN
1770791404.997234,MOUSE,0,0,LEFT_UP
1770791405.003901,MOUSE,-5,1,MOVE
1770791405.020568,MOUSE,-5,1,MOVE
1770791405.037234,MOUSE,-5,1,MOVE
1770791405.053901,MOUSE,-5,1,MOVE
1770791405.070568,MOUSE,-5,1,MOVE
1770791405.087234,MOUSE,-5,1,MOVE
1770791405.103901,MOUSE,-5,1,MOVE
1770791405.103901,MOUSE,0,0,LEFT_DOWN
1770791405.113901,MOUSE,0,0,LEFT_UP
1770791405.120568,MOUSE,-5,1,MOVE
1770791405.137234,MOUSE,-5,1,MOVE
1770791405.153901,MOUSE,-5,1,MOVE
1770791405.170568,MOUSE,-5,1,MOVE
1770791405.187234,MOUSE,-5,1,MOVE
1770791405.203901,MOUSE,-5,1,MOVE
1770791405.220567,MOUSE,-5,1,MOVE
1770791405.220567,MOUSE,0,0,LEFT_DOWN
1770791405.230567,MOUSE,0,0,LEFT_UP
1770791405.237234,MOUSE,-5,1,MOVE
1770791405.253901,MOUSE,-5,1,MOVE
1770791405.270567,MOUSE,-5,1,MOVE
1770791405.287234,MOUSE,-5,1,MOVE
1770791405.303901,MOUSE,-5,1,MOVE
1770791405.320567,MOUSE,-5,1,MOVE
1770791405.337234,MOUSE,-5,1,MOVE
1770791405.337234,MOUSE,0,0,LEFT_DOWN
1770791405.347234,MOUSE,0,0,LEFT_UP
1770791405.353901,MOUSE,-5,1,MOVE
1770791405.370567,MOUSE,-5,1,MOVE
1770791405.387234,MOUSE,-5,1,MOVE
1770791405.403901,MOUSE,-5,1,MOVE
1770791405.420567,MOUSE,-5,1,MOVE
1770791405.437234,MOUSE,-5,1,MOVE
1770791405.453901,MOUSE,-5,1,MOVE
1770791405.453901,MOUSE,0,0,LEFT_DOWN
1770791405.463901,MOUSE,0,0,LEFT_UP
1770791405.470567,MOUSE,-5,1,MOVE
1770791405.487234,MOUSE,-5,1,MOVE
1770791405.503901,MOUSE,-5,1,MOVE
1770791405.520567,MOUSE,-5,1,MOVE
1770791405.537234,MOUSE,-5,1,MOVE
1770791405.553900,MOUSE,-5,1,MOVE
1770791405.570567,MOUSE,-5,1,MOVE
1770791405.570567,MOUSE,0,0,LEFT_DOWN
1770791405.580567,MOUSE,0,0,LEFT_UP
1770791405.587234,MOUSE,-5,1,MOVE
1770791405.603900,MOUSE,-5,1,MOVE
1770791405.620567,MOUSE,-5,1,MOVE
1770791405.637234,MOUSE,-5,1,MOVE
1770791405.653900,MOUSE,-5,1,MOVE
1770791405.670567,MOUSE,-5,1,MOVE
1770791405.687234,MOUSE,-5,1,MOVE
1770791405.687234,MOUSE,0,0,LEFT_DOWN
1770791405.697234,MOUSE,0,0,LEFT_UP
1770791405.703900,MOUSE,-5,1,MOVE
1770791405.720567,MOUSE,-5,1,MOVE
1770791405.737234,MOUSE,-5,1,MOVE
1770791405.753900,MOUSE,-5,1,MOVE
1770791405.770567,MOUSE,-5,1,MOVE
1770791405.787234,MOUSE,-5,1,MOVE
1770791405.803900,MOUSE,-5,1,MOVE
1770791405.803900,MOUSE,0,0,LEFT_DOWN
1770791405.813900,MOUSE,0,0,LEFT_UP
1770791405.820567,MOUSE,-5,1,MOVE
1770791405.837234,MOUSE,-5,1,MOVE
1770791405.853900,MOUSE,-5,1,MOVE
1770791405.870567,MOUSE,-5,1,MOVE
1770791405.887233,MOUSE,-5,1,MOVE
1770791405.903900,MOUSE,-5,1,MOVE
1770791405.920567,MOUSE,-5,1,MOVE
1770791405.920567,MOUSE,0,0,LEFT_DOWN
1770791405.930567,MOUSE,0,0,LEFT_UP
1770791405.937233,MOUSE,-5,1,MOVE
1770791405.953900,MOUSE,-5,1,MOVE
1770791405.970567,MOUSE,-5,1,MOVE
1770791405.987233,MOUSE,-5,1,MOVE
1770791406.003900,MOUSE,-5,1,MOVE
1770791406.020567,MOUSE,-5,1,MOVE
1770791406.037233,MOUSE,-5,1,MOVE
1770791406.037233,MOUSE,0,0,LEFT_DOWN
1770791406.047233,MOUSE,0,0,LEFT_UP
1770791406.053900,MOUSE,-5,1,MOVE
1770791406.070567,MOUSE,-5,1,MOVE
1770791406.087233,MOUSE,-5,1,MOVE
1770791406.103900,MOUSE,-5,1,MOVE
1770791406.120567,MOUSE,-5,1,MOVE
1770791406.137233,MOUSE,-5,1,MOVE
1770791406.153900,MOUSE,-5,1,MOVE
1770791406.153900,MOUSE,0,0,LEFT_DOWN
1770791406.163900,MOUSE,0,0,LEFT_UP
1770791406.170567,MOUSE,-5,1,MOVE
1770791406.187233,MOUSE,-5,1,MOVE
1770791406.203900,MOUSE,0,-2,MOVE
1770791406.220567,MOUSE,0,-2,MOVE
1770791406.237233,MOUSE,0,-2,MOVE
1770791406.253900,MOUSE,0,-2,MOVE
1770791406.270566,MOUSE,0,-2,MOVE
1770791406.270566,MOUSE,0,0,LEFT_DOWN
1770791406.280566,MOUSE,0,0,LEFT_UP
1770791406.287233,MOUSE,0,4,MOVE
1770791406.303900,MOUSE,0,4,MOVE
1770791406.320566,MOUSE,0,4,MOVE
1770791406.337233,MOUSE,0,4,MOVE
1770791406.353900,MOUSE,0,4,MOVE
1770791406.370566,MOUSE,0,4,MOVE
1770791406.387233,MOUSE,0,4,MOVE
1770791406.387233,MOUSE,0,0,LEFT_DOWN
1770791406.397233,MOUSE,0,0,LEFT_UP
1770791406.403900,MOUSE,0,4,MOVE
1770791406.420566,MOUSE,0,4,MOVE
1770791406.437233,MOUSE,0,4,MOVE
1770791406.453900,MOUSE,0,4,MOVE
1770791406.470566,MOUSE,0,4,MOVE
1770791406.487233,MOUSE,0,4,MOVE
1770791406.503900,MOUSE,0,4,MOVE
1770791406.520566,MOUSE,0,4,MOVE
1770791406.537233,MOUSE,0,4,MOVE
1770791406.553900,MOUSE,0,4,MOVE
1770791406.570566,MOUSE,0,4,MOVE
1770791406.587233,MOUSE,0,4,MOVE
1770791406.603899,MOUSE,0,4,MOVE
1770791406.620566,MOUSE,0,4,MOVE
1770791406.637233,MOUSE,0,4,MOVE
1770791406.653899,MOUSE,0,4,MOVE
1770791406.670566,MOUSE,0,4,MOVE
1770791406.687233,MOUSE,0,4,MOVE
1770791406.703899,MOUSE,0,4,MOVE
1770791406.720566,MOUSE,0,4,MOVE
1770791406.737233,MOUSE,0,4,MOVE
1770791406.753899,MOUSE,0,4,MOVE
1770791406.770566,MOUSE,0,4,MOVE
1770791406.787233,MOUSE,0,4,MOVE
1770791406.803899,MOUSE,0,4,MOVE
1770791406.820566,MOUSE,0,4,MOVE
1770791406.837233,MOUSE,0,4,MOVE
1770791406.853899,MOUSE,0,4,MOVE
1770791406.870566,MOUSE,0,4,MOVE
1770791406.887233,MOUSE,0,4,MOVE
1770791406.903899,MOUSE,0,4,MOVE
1770791406.920566,MOUSE,0,4,MOVE
1770791406.937232,MOUSE,0,4,MOVE
1770791406.953899,MOUSE,0,4,MOVE
1770791406.970566,MOUSE,0,4,MOVE
1770791406.987232,MOUSE,0,4,MOVE
1770791407.003899,MOUSE,0,4,MOVE
1770791407.020566,MOUSE,0,4,MOVE
1770791407.037232,MOUSE,0,4,MOVE
1770791407.053899,MOUSE,0,4,MOVE
1770791407.070566,MOUSE,0,4,MOVE
1770791407.087232,MOUSE,0,4,MOVE
1770791407.103899,MOUSE,0,4,MOVE
1770791407.120566,MOUSE,0,4,MOVE
1770791407.137232,MOUSE,0,4,MOVE
1770791407.153899,MOUSE,0,4,MOVE
1770791407.170566,MOUSE,0,4,MOVE
1770791407.187232,MOUSE,0,4,MOVE
1770791407.203899,MOUSE,0,4,MOVE
1770791407.220566,MOUSE,0,4,MOVE
1770791407.237232,MOUSE,0,4,MOVE
1770791407.253899,MOUSE,0,4,MOVE
1770791407.270566,MOUSE,0,4,MOVE
1770791407.287232,MOUSE,0,4,MOVE
1770791407.303899,MOUSE,0,4,MOVE
1770791407.320565,MOUSE,0,4,MOVE
1770791407.337232,MOUSE,0,4,MOVE
1770791407.353899,MOUSE,0,4,MOVE
1770791407.370565,MOUSE,0,4,MOVE
1770791407.387232,MOUSE,0,4,MOVE
1770791407.403899,MOUSE,0,4,MOVE
1770791407.420565,MOUSE,0,4,MOVE
1770791407.437232,MOUSE,0,4,MOVE
1770791407.453899,MOUSE,0,4,MOVE
1770791407.470565,MOUSE,0,4,MOVE
1770791407.487232,MOUSE,0,4,MOVE
1770791407.503899,MOUSE,0,4,MOVE
1770791407.520565,MOUSE,0,4,MOVE
1770791407.537232,MOUSE,0,4,MOVE
1770791407.553899,MOUSE,0,4,MOVE
1770791407.570565,MOUSE,0,4,MOVE
1770791407.587232,MOUSE,0,4,MOVE
1770791407.603899,MOUSE,0,4,MOVE
1770791407.620565,MOUSE,0,4,MOVE
1770791407.637232,MOUSE,0,4,MOVE
1770791407.653898,MOUSE,0,4,MOVE
1770791407.670565,MOUSE,0,4,MOVE
1770791407.687232,MOUSE,0,4,MOVE
1770791407.703898,MOUSE,0,4,MOVE
1770791407.720565,MOUSE,0,4,MOVE
1770791407.737232,MOUSE,0,4,MOVE
1770791407.753898,MOUSE,0,4,MOVE
1770791407.770565,MOUSE,0,4,MOVE
1770791407.787232,MOUSE,0,4,MOVE
1770791407.803898,MOUSE,0,4,MOVE
1770791407.820565,MOUSE,0,4,MOVE
1770791407.837232,MOUSE,0,4,MOVE
1770791407.853898,MOUSE,0,4,MOVE
1770791407.870565,MOUSE,0,4,MOVE
1770791407.887232,MOUSE,0,4,MOVE
1770791407.903898,MOUSE,0,4,MOVE
1770791407.920565,MOUSE,0,4,MOVE
1770791407.937232,MOUSE,0,4,MOVE
1770791407.953898,MOUSE,0,4,MOVE
1770791407.970565,MOUSE,0,4,MOVE
1770791407.987231,MOUSE,0,4,MOVE
1770791408.003898,MOUSE,0,4,MOVE
1770791408.020565,MOUSE,1,3,MOVE
1770791408.037231,MOUSE,1,3,MOVE
1770791408.053898,MOUSE,1,3,MOVE
1770791408.070565,MOUSE,1,3,MOVE
1770791408.087231,MOUSE,1,3,MOVE
1770791408.103898,MOUSE,1,3,MOVE
1770791408.120565,MOUSE,1,3,MOVE
1770791408.137231,MOUSE,1,3,MOVE
1770791408.153898,MOUSE,1,3,MOVE
1770791408.170565,MOUSE,1,3,MOVE
1770791408.187231,MOUSE,1,3,MOVE
1770791408.203898,MOUSE,1,3,MOVE
1770791408.220565,MOUSE,1,3,MOVE
1770791408.237231,MOUSE,1,3,MOVE
1770791408.253898,MOUSE,1,3,MOVE
1770791408.270565,MOUSE,1,3,MOVE
1770791408.287231,MOUSE,1,3,MOVE
1770791408.303898,MOUSE,1,3,MOVE
1770791408.320565,MOUSE,1,3,MOVE
1770791408.337231,MOUSE,1,3,MOVE
1770791408.353898,MOUSE,1,3,MOVE
1770791408.370564,MOUSE,1,3,MOVE
1770791408.387231,MOUSE,1,3,MOVE
1770791408.403898,MOUSE,1,3,MOVE
1770791408.420564,MOUSE,1,3,MOVE
1770791408.437231,MOUSE,1,3,MOVE
1770791408.453898,MOUSE,1,3,MOVE
1770791408.470564,MOUSE,1,3,MOVE
1770791408.487231,MOUSE,1,3,MOVE
1770791408.503898,MOUSE,1,3,MOVE
1770791408.520564,MOUSE,1,3,MOVE
1770791408.537231,MOUSE,1,3,MOVE
1770791408.553898,MOUSE,1,3,MOVE
1770791408.570564,MOUSE,1,3,MOVE
1770791408.587231,MOUSE,1,3,MOVE
1770791408.603898,MOUSE,1,3,MOVE
1770791408.620564,MOUSE,1,3,MOVE
1770791408.637231,MOUSE,1,3,MOVE
1770791408.653898,MOUSE,1,3,MOVE
1770791408.670564,MOUSE,1,3,MOVE
1770791408.687231,MOUSE,1,3,MOVE
1770791408.703897,MOUSE,1,3,MOVE
1770791408.720564,MOUSE,1,3,MOVE
1770791408.737231,MOUSE,1,3,MOVE
1770791408.753897,MOUSE,1,3,MOVE
1770791408.770564,MOUSE,1,3,MOVE
1770791408.787231,MOUSE,1,3,MOVE
1770791408.803897,MOUSE,1,3,MOVE
1770791408.820564,MOUSE,1,3,MOVE
1770791408.837231,MOUSE,1,3,MOVE
1770791408.853897,MOUSE,1,3,MOVE
1770791408.870564,MOUSE,1,3,MOVE
1770791408.887231,MOUSE,1,3,MOVE
1770791408.903897,MOUSE,1,3,MOVE
1770791408.920564,MOUSE,1,3,MOVE
1770791408.937231,MOUSE,1,3,MOVE
1770791408.953897,MOUSE,1,3,MOVE
1770791408.970564,MOUSE,1,3,MOVE
1770791408.987231,MOUSE,1,3,MOVE
1770791409.003897,MOUSE,1,3,MOVE
1770791409.020564,MOUSE,1,3,MOVE
1770791409.037230,MOUSE,1,3,MOVE
1770791409.053897,MOUSE,1,3,MOVE
1770791409.070564,MOUSE,1,3,MOVE
1770791409.087230,MOUSE,1,3,MOVE
1770791409.103897,MOUSE,1,3,MOVE
1770791409.120564,MOUSE,1,3,MOVE
1770791409.137230,MOUSE,1,3,MOVE
1770791409.153897,MOUSE,1,3,MOVE
1770791409.170564,MOUSE,1,3,MOVE
1770791409.187230,MOUSE,1,3,MOVE
1770791409.203897,MOUSE,1,3,MOVE
1770791409.220564,MOUSE,1,3,MOVE
1770791409.237230,MOUSE,1,3,MOVE
1770791409.253897,MOUSE,1,3,MOVE
1770791409.270564,MOUSE,1,3,MOVE
1770791409.287230,MOUSE,1,3,MOVE
1770791409.303897,MOUSE,1,3,MOVE
1770791409.320564,MOUSE,1,3,MOVE
1770791409.337230,MOUSE,1,3,MOVE
1770791409.353897,MOUSE,1,3,MOVE
1770791409.370564,MOUSE,1,3,MOVE
1770791409.387230,MOUSE,1,3,MOVE
1770791409.403897,MOUSE,1,3,MOVE
1770791409.420563,MOUSE,1,3,MOVE
1770791409.437230,MOUSE,1,3,MOVE
1770791409.453897,MOUSE,1,3,MOVE
1770791409.470563,MOUSE,1,3,MOVE
1770791409.487230,MOUSE,1,3,MOVE
1770791409.503897,MOUSE,1,3,MOVE
1770791409.520563,MOUSE,1,3,MOVE
1770791409.537230,MOUSE,1,3,MOVE
1770791409.553897,MOUSE,1,3,MOVE
1770791409.570563,MOUSE,1,3,MOVE
1770791409.587230,MOUSE,1,3,MOVE
1770791409.603897,MOUSE,4,3,MOVE
1770791409.620563,MOUSE,4,3,MOVE
1770791409.637230,MOUSE,4,3,MOVE
1770791409.653897,MOUSE,4,3,MOVE
1770791409.670563,MOUSE,4,3,MOVE
1770791409.687230,MOUSE,4,3,MOVE
1770791409.703897,MOUSE,4,3,MOVE
1770791409.720563,MOUSE,4,3,MOVE
1770791409.737230,MOUSE,4,3,MOVE
1770791409.753896,MOUSE,4,3,MOVE
1770791409.770563,MOUSE,4,3,MOVE
1770791409.787230,MOUSE,4,3,MOVE
1770791409.803896,MOUSE,4,3,MOVE
1770791409.820563,MOUSE,4,3,MOVE
1770791409.837230,MOUSE,4,3,MOVE
1770791409.853896,MOUSE,4,3,MOVE
1770791409.870563,MOUSE,4,3,MOVE
1770791409.887230,MOUSE,4,3,MOVE
1770791409.903896,MOUSE,4,3,MOVE
1770791409.920563,MOUSE,4,3,MOVE
1770791409.937230,MOUSE,4,3,MOVE
1770791409.953896,MOUSE,4,3,MOVE
1770791409.970563,MOUSE,4,3,MOVE
1770791409.987230,MOUSE,4,3,MOVE
1770791410.003896,MOUSE,4,3,MOVE
1770791410.020563,MOUSE,4,3,MOVE
1770791410.037230,MOUSE,4,3,MOVE
1770791410.053896,MOUSE,4,3,MOVE
1770791410.070563,MOUSE,4,3,MOVE
1770791410.087229,MOUSE,4,3,MOVE
1770791410.103896,MOUSE,4,3,MOVE
1770791410.120563,MOUSE,4,3,MOVE
1770791410.137229,MOUSE,4,3,MOVE
1770791410.153896,MOUSE,4,3,MOVE
1770791410.170563,MOUSE,4,3,MOVE
1770791410.187229,MOUSE,4,3,MOVE
1770791410.203896,MOUSE,4,3,MOVE
1770791410.220563,MOUSE,4,3,MOVE
1770791410.237229,MOUSE,4,3,MOVE
1770791410.253896,MOUSE,4,3,MOVE
1770791410.253896,MOUSE,0,0,LEFT_DOWN
1770791410.263896,MOUSE,0,0,LEFT_UP
1770791410.270563,MOUSE,2,1,MOVE
1770791410.287229,MOUSE,2,1,MOVE
1770791410.303896,MOUSE,2,1,MOVE
1770791410.320563,MOUSE,2,1,MOVE
1770791410.337229,MOUSE,2,1,MOVE
1770791410.353896,MOUSE,2,1,MOVE
1770791410.370563,MOUSE,2,1,MOVE
1770791410.387229,MOUSE,2,1,MOVE
1770791410.403896,MOUSE,2,1,MOVE
1770791410.420563,MOUSE,2,1,MOVE
1770791410.437229,MOUSE,2,1,MOVE
1770791410.437229,MOUSE,0,0,LEFT_DOWN
1770791410.447229,MOUSE,0,0,LEFT_UP
1770791410.453896,MOUSE,2,1,MOVE
1770791410.470562,MOUSE,2,1,MOVE
1770791410.487229,MOUSE,2,1,MOVE
1770791410.503896,MOUSE,2,1,MOVE
1770791410.520562,MOUSE,2,1,MOVE
1770791410.537229,MOUSE,2,1,MOVE
1770791410.553896,MOUSE,2,1,MOVE
1770791410.570562,MOUSE,2,1,MOVE
1770791410.587229,MOUSE,2,1,MOVE
1770791410.603896,MOUSE,2,1,MOVE
1770791410.620562,MOUSE,2,1,MOVE
1770791410.620562,MOUSE,0,0,LEFT_DOWN
1770791410.630562,MOUSE,0,0,LEFT_UP
1770791410.637229,MOUSE,2,1,MOVE
1770791410.653896,MOUSE,2,1,MOVE
1770791410.670562,MOUSE,2,1,MOVE
1770791410.687229,MOUSE,2,1,MOVE
1770791410.703896,MOUSE,2,1,MOVE
1770791410.720562,MOUSE,2,1,MOVE
1770791410.737229,MOUSE,2,1,MOVE
1770791410.753896,MOUSE,2,1,MOVE
1770791410.770562,MOUSE,2,1,MOVE
1770791410.787229,MOUSE,2,1,MOVE
1770791410.803895,MOUSE,2,1,MOVE
1770791410.803895,MOUSE,0,0,LEFT_DOWN
1770791410.813895,MOUSE,0,0,LEFT_UP
1770791410.820562,MOUSE,2,1,MOVE
1770791410.837229,MOUSE,2,1,MOVE
1770791410.853895,MOUSE,2,1,MOVE
1770791410.870562,MOUSE,2,1,MOVE
1770791410.887229,MOUSE,2,1,MOVE
1770791410.903895,MOUSE,2,1,MOVE
1770791410.920562,MOUSE,2,1,MOVE
1770791410.937229,MOUSE,2,1,MOVE
1770791410.953895,MOUSE,2,1,MOVE
1770791410.970562,MOUSE,2,1,MOVE
1770791410.987229,MOUSE,2,1,MOVE
1770791410.987229,MOUSE,0,0,LEFT_DOWN
1770791410.997229,MOUSE,0,0,LEFT_UP
1770791411.003895,MOUSE,2,1,MOVE
1770791411.020562,MOUSE,2,1,MOVE
1770791411.037229,MOUSE,2,1,MOVE
1770791411.053895,MOUSE,2,1,MOVE
1770791411.070562,MOUSE,2,1,MOVE
1770791411.087229,MOUSE,2,1,MOVE
1770791411.103895,MOUSE,2,1,MOVE
1770791411.120562,MOUSE,2,1,MOVE
1770791411.137228,MOUSE,2,1,MOVE
1770791411.153895,MOUSE,2,1,MOVE
1770791411.170562,MOUSE,2,1,MOVE
1770791411.170562,MOUSE,0,0,LEFT_DOWN
1770791411.180562,MOUSE,0,0,LEFT_UP
1770791411.187228,MOUSE,2,1,MOVE
1770791411.203895,MOUSE,2,1,MOVE
1770791411.220562,MOUSE,2,1,MOVE
1770791411.237228,MOUSE,2,1,MOVE
1770791411.253895,MOUSE,2,1,MOVE
1770791411.270562,MOUSE,2,1,MOVE
1770791411.287228,MOUSE,2,1,MOVE
1770791411.303895,MOUSE,2,1,MOVE
1770791411.320562,MOUSE,2,1,MOVE
1770791411.337228,MOUSE,2,1,MOVE
1770791411.353895,MOUSE,2,1,MOVE
1770791411.353895,MOUSE,0,0,LEFT_DOWN
1770791411.363895,MOUSE,0,0,LEFT_UP
1770791411.370562,MOUSE,2,1,MOVE
1770791411.387228,MOUSE,2,1,MOVE
1770791411.403895,MOUSE,2,1,MOVE
1770791411.420562,MOUSE,2,3,MOVE
1770791411.437228,MOUSE,2,3,MOVE
1770791411.453895,MOUSE,2,3,MOVE
1770791411.470562,MOUSE,2,3,MOVE
1770791411.487228,MOUSE,2,3,MOVE
1770791411.503895,MOUSE,2,3,MOVE
1770791411.520561,MOUSE,2,3,MOVE
1770791411.537228,MOUSE,2,3,MOVE
1770791411.537228,MOUSE,0,0,LEFT_DOWN
1770791411.547228,MOUSE,0,0,LEFT_UP
1770791411.553895,MOUSE,2,3,MOVE
1770791411.570561,MOUSE,2,3,MOVE
1770791411.587228,MOUSE,2,3,MOVE
1770791411.603895,MOUSE,2,3,MOVE
1770791411.620561,MOUSE,2,3,MOVE
1770791411.637228,MOUSE,2,3,MOVE
1770791411.653895,MOUSE,2,3,MOVE
1770791411.670561,MOUSE,2,3,MOVE
1770791411.687228,MOUSE,2,3,MOVE
1770791411.703895,MOUSE,2,3,MOVE
1770791411.720561,MOUSE,2,3,MOVE
1770791411.720561,MOUSE,0,0,LEFT_DOWN
1770791411.730561,MOUSE,0,0,LEFT_UP
1770791411.737228,MOUSE,2,3,MOVE
1770791411.753895,MOUSE,2,3,MOVE
1770791411.770561,MOUSE,2,3,MOVE
1770791411.787228,MOUSE,2,3,MOVE
1770791411.803895,MOUSE,2,3,MOVE
1770791411.820561,MOUSE,2,3,MOVE
1770791411.837228,MOUSE,2,3,MOVE
1770791411.853894,MOUSE,2,3,MOVE
1770791411.870561,MOUSE,2,3,MOVE
1770791411.887228,MOUSE,2,1,MOVE
1770791411.903894,MOUSE,2,1,MOVE
1770791411.903894,MOUSE,0,0,LEFT_DOWN
1770791411.913894,MOUSE,0,0,LEFT_UP
1770791411.920561,MOUSE,2,1,MOVE
1770791411.937228,MOUSE,2,1,MOVE
1770791411.953894,MOUSE,2,1,MOVE
1770791411.970561,MOUSE,2,1,MOVE
1770791411.987228,MOUSE,2,1,MOVE
1770791412.003894,MOUSE,2,1,MOVE
1770791412.020561,MOUSE,2,1,MOVE
1770791412.037228,MOUSE,2,1,MOVE
1770791412.053894,MOUSE,2,1,MOVE
1770791412.070561,MOUSE,2,1,MOVE
1770791412.087228,MOUSE,2,1,MOVE
1770791412.087228,MOUSE,0,0,LEFT_DOWN
1770791412.097228,MOUSE,0,0,LEFT_UP
1770791412.103894,MOUSE,2,1,MOVE
1770791412.120561,MOUSE,2,1,MOVE
1770791412.137228,MOUSE,2,1,MOVE
1770791412.153894,MOUSE,2,1,MOVE
1770791412.170561,MOUSE,2,1,MOVE
1770791412.187227,MOUSE,2,1,MOVE
1770791412.203894,MOUSE,2,1,MOVE
1770791412.220561,MOUSE,2,1,MOVE
1770791412.237227,MOUSE,2,1,MOVE
1770791412.253894,MOUSE,2,1,MOVE
1770791412.270561,MOUSE,2,1,MOVE
1770791412.270561,MOUSE,0,0,LEFT_DOWN
1770791412.280561,MOUSE,0,0,LEFT_UP
1770791412.287227,MOUSE,2,1,MOVE
1770791412.303894,MOUSE,2,1,MOVE
1770791412.320561,MOUSE,2,1,MOVE
1770791412.337227,MOUSE,2,1,MOVE
1770791412.353894,MOUSE,2,1,MOVE
1770791412.370561,MOUSE,2,1,MOVE
1770791412.387227,MOUSE,2,1,MOVE
1770791412.403894,MOUSE,2,1,MOVE
1770791412.420561,MOUSE,2,1,MOVE
1770791412.437227,MOUSE,2,1,MOVE
1770791412.453894,MOUSE,2,1,MOVE
1770791412.453894,MOUSE,0,0,LEFT_DOWN
1770791412.463894,MOUSE,0,0,LEFT_UP
1770791412.470561,MOUSE,2,1,MOVE
1770791412.487227,MOUSE,2,1,MOVE
1770791412.503894,MOUSE,2,1,MOVE
1770791412.520561,MOUSE,2,1,MOVE
1770791412.537227,MOUSE,2,1,MOVE
1770791412.553894,MOUSE,2,1,MOVE
1770791412.570560,MOUSE,2,1,MOVE
1770791412.587227,MOUSE,2,1,MOVE
1770791412.603894,MOUSE,2,1,MOVE
1770791412.620560,MOUSE,2,1,MOVE
1770791412.637227,MOUSE,2,1,MOVE
1770791412.637227,MOUSE,0,0,LEFT_DOWN
1770791412.647227,MOUSE,0,0,LEFT_UP
1770791412.653894,MOUSE,2,1,MOVE
1770791412.670560,MOUSE,2,1,MOVE
1770791412.687227,MOUSE,2,1,MOVE
1770791412.703894,MOUSE,2,1,MOVE
1770791412.720560,MOUSE,2,1,MOVE
1770791412.737227,MOUSE,2,1,MOVE
