1770791364.971968,MOUSE,-4,-1,MOVE
1770791364.988635,MOUSE,-3,-1,MOVE
1770791365.005301,MOUSE,-3,0,MOVE
1770791365.021968,MOUSE,-3,-1,MOVE
1770791365.038635,MOUSE,-3,-1,MOVE
1770791365.055301,MOUSE,-3,-1,MOVE
1770791365.071968,MOUSE,-2,-1,MOVE
1770791365.088635,MOUSE,-3,-1,MOVE
1770791365.105301,MOUSE,-2,-2,MOVE
1770791365.121968,MOUSE,-3,-1,MOVE
1770791365.138635,MOUSE,-2,-2,MOVE
1770791365.155301,MOUSE,-2,-1,MOVE
1770791365.171968,MOUSE,-2,-2,MOVE
1770791365.188635,MOUSE,-2,-1,MOVE
1770791365.205301,MOUSE,-1,-2,MOVE
1770791365.221968,MOUSE,-2,-2,MOVE
1770791365.238635,MOUSE,-1,-2,MOVE
1770791365.255301,MOUSE,-2,-2,MOVE
1770791365.271968,MOUSE,-1,-2,MOVE
1770791365.288635,MOUSE,-1,-2,MOVE
1770791365.305301,MOUSE,-1,-2,MOVE
1770791365.321968,MOUSE,-1,-2,MOVE
1770791365.338634,MOUSE,-1,-2,MOVE
1770791365.355301,MOUSE,0,-3,MOVE
1770791365.371968,MOUSE,-1,-2,MOVE
1770791365.388634,MOUSE,0,-2,MOVE
1770791365.405301,MOUSE,-1,-3,MOVE
1770791365.421968,MOUSE,0,-2,MOVE
1770791365.438634,MOUSE,0,-2,MOVE
1770791365.455301,MOUSE,0,-3,MOVE
1770791365.471968,MOUSE,0,-2,MOVE
1770791365.488634,MOUSE,1,-3,MOVE
1770791365.505301,MOUSE,0,-2,MOVE
1770791365.521968,MOUSE,1,-2,MOVE
1770791365.538634,MOUSE,0,-3,MOVE
1770791365.555301,MOUSE,1,-2,MOVE
1770791365.571968,MOUSE,1,-3,MOVE
1770791365.588634,MOUSE,1,-2,MOVE
1770791365.605301,MOUSE,1,-3,MOVE
1770791365.621968,MOUSE,1,-2,MOVE
1770791365.638634,MOUSE,2,-2,MOVE
1770791365.655301,MOUSE,1,-3,MOVE
1770791365.671968,MOUSE,2,-2,MOVE
1770791365.688634,MOUSE,1,-2,MOVE
1770791365.705301,MOUSE,2,-2,MOVE
1770791365.721967,MOUSE,2,-3,MOVE
1770791365.738634,MOUSE,2,-2,MOVE
1770791365.755301,MOUSE,2,-2,MOVE
1770791365.771967,MOUSE,3,-2,MOVE
1770791365.788634,MOUSE,2,-2,MOVE
1770791365.805301,MOUSE,3,-2,MOVE
1770791365.821967,MOUSE,2,-2,MOVE
1770791365.838634,MOUSE,3,-1,MOVE
1770791365.855301,MOUSE,3,-2,MOVE
1770791365.871967,MOUSE,3,-2,MOVE
1770791365.888634,MOUSE,3,-1,MOVE
1770791365.905301,MOUSE,4,-2,MOVE
1770791365.921967,MOUSE,3,-1,MOVE
1770791365.938634,MOUSE,4,-2,MOVE
1770791365.955301,MOUSE,3,-1,MOVE
1770791365.971967,MOUSE,4,-1,MOVE
1770791365.988634,MOUSE,4,-1,MOVE
1770791366.005301,MOUSE,4,-1,MOVE
1770791366.021967,MOUSE,4,-1,MOVE
1770791366.038634,MOUSE,4,-1,MOVE
1770791366.055300,MOUSE,5,-1,MOVE
1770791366.071967,MOUSE,4,0,MOVE
1770791366.088634,MOUSE,5,-1,MOVE
1770791366.105300,MOUSE,5,0,MOVE
1770791366.121967,MOUSE,5,0,MOVE
1770791366.138634,MOUSE,5,0,MOVE
1770791366.155300,MOUSE,5,0,MOVE
1770791366.171967,MOUSE,5,0,MOVE
1770791366.188634,MOUSE,5,0,MOVE
1770791366.205300,MOUSE,6,1,MOVE
1770791366.221967,MOUSE,6,1,MOVE
1770791366.238634,MOUSE,0,0,LEFT_DOWN
1770791366.281471,MOUSE,0,0,LEFT_UP
1770791366.306791,MOUSE,5,-5,MOVE
1770791366.323458,MOUSE,4,-4,MOVE
1770791366.340124,MOUSE,2,-3,MOVE
1770791366.356791,MOUSE,2,-3,MOVE
1770791366.373458,MOUSE,0,-3,MOVE
1770791366.390124,MOUSE,-1,-2,MOVE
1770791366.406791,MOUSE,-2,-3,MOVE
1770791366.423458,MOUSE,-3,-1,MOVE
1770791366.440124,MOUSE,-4,-2,MOVE
1770791366.456791,MOUSE,-6,-1,MOVE
1770791366.473458,MOUSE,-6,-1,MOVE
1770791366.490124,MOUSE,-7,0,MOVE
1770791366.506791,MOUSE,-8,0,MOVE
1770791366.523458,MOUSE,-8,0,MOVE
1770791366.540124,MOUSE,-10,0,MOVE
1770791366.556791,MOUSE,-10,0,MOVE
1770791366.573457,MOUSE,-11,1,MOVE
1770791366.590124,MOUSE,-11,1,MOVE
1770791366.606791,MOUSE,-12,1,MOVE
1770791366.623457,MOUSE,-13,1,MOVE
1770791366.640124,MOUSE,-13,1,MOVE
1770791366.656791,MOUSE,-14,2,MOVE
1770791366.673457,MOUSE,-14,2,MOVE
1770791366.690124,MOUSE,-14,1,MOVE
1770791366.706791,MOUSE,-15,2,MOVE
1770791366.723457,MOUSE,-15,2,MOVE
1770791366.740124,MOUSE,-15,2,MOVE
1770791366.756791,MOUSE,-16,3,MOVE
1770791366.773457,MOUSE,-16,2,MOVE
1770791366.790124,MOUSE,-15,2,MOVE
1770791366.806791,MOUSE,-16,2,MOVE
1770791366.823457,MOUSE,-16,3,MOVE
1770791366.840124,MOUSE,-16,2,MOVE
1770791366.856791,MOUSE,-16,2,MOVE
1770791366.873457,MOUSE,-16,3,MOVE
1770791366.890124,MOUSE,-16,2,MOVE
1770791366.906790,MOUSE,-15,2,MOVE
1770791366.923457,MOUSE,-15,3,MOVE
1770791366.940124,MOUSE,-15,2,MOVE
1770791366.956790,MOUSE,-15,2,MOVE
1770791366.973457,MOUSE,-15,2,MOVE
1770791366.990124,MOUSE,-14,2,MOVE
1770791367.006790,MOUSE,-13,2,MOVE
1770791367.023457,MOUSE,-13,1,MOVE
1770791367.040124,MOUSE,-13,2,MOVE
1770791367.056790,MOUSE,-12,1,MOVE
1770791367.073457,MOUSE,-11,1,MOVE
1770791367.090124,MOUSE,-11,2,MOVE
1770791367.106790,MOUSE,-10,0,MOVE
1770791367.123457,MOUSE,-9,1,MOVE
1770791367.140124,MOUSE,-9,0,MOVE
1770791367.156790,MOUSE,-8,1,MOVE
1770791367.173457,MOUSE,-6,0,MOVE
1770791367.190124,MOUSE,-6,-1,MOVE
1770791367.206790,MOUSE,-5,0,MOVE
1770791367.223457,MOUSE,-5,-1,MOVE
1770791367.240124,MOUSE,-3,-1,MOVE
1770791367.256790,MOUSE,-1,-2,MOVE
1770791367.273457,MOUSE,-1,-1,MOVE
1770791367.290123,MOUSE,0,-2,MOVE
1770791367.306790,MOUSE,2,-3,MOVE
1770791367.323457,MOUSE,3,-2,MOVE
1770791367.340123,MOUSE,0,0,LEFT_DOWN
1770791367.384191,MOUSE,0,0,LEFT_UP
1770791367.503342,MOUSE,-1,2,MOVE
1770791367.520009,MOUSE,0,2,MOVE
1770791367.536676,MOUSE,0,3,MOVE
1770791367.553342,MOUSE,1,3,MOVE
1770791367.570009,MOUSE,2,2,MOVE
1770791367.586676,MOUSE,2,3,MOVE
1770791367.603342,MOUSE,2,4,MOVE
1770791367.620009,MOUSE,3,3,MOVE
1770791367.636676,MOUSE,4,3,MOVE
1770791367.653342,MOUSE,4,3,MOVE
1770791367.670009,MOUSE,4,4,MOVE
1770791367.686676,MOUSE,5,3,MOVE
1770791367.703342,MOUSE,5,4,MOVE
1770791367.720009,MOUSE,5,3,MOVE
1770791367.736676,MOUSE,6,4,MOVE
1770791367.753342,MOUSE,6,4,MOVE
1770791367.770009,MOUSE,6,3,MOVE
1770791367.786675,MOUSE,6,4,MOVE
1770791367.803342,MOUSE,6,3,MOVE
1770791367.820009,MOUSE,7,4,MOVE
1770791367.836675,MOUSE,7,3,MOVE
1770791367.853342,MOUSE,7,4,MOVE
1770791367.870009,MOUSE,7,3,MOVE
1770791367.886675,MOUSE,6,3,MOVE
1770791367.903342,MOUSE,7,3,MOVE
1770791367.920009,MOUSE,7,3,MOVE
1770791367.936675,MOUSE,7,3,MOVE
1770791367.953342,MOUSE,7,3,MOVE
1770791367.970009,MOUSE,7,3,MOVE
1770791367.986675,MOUSE,7,2,MOVE
1770791368.003342,MOUSE,6,2,MOVE
1770791368.020009,MOUSE,7,2,MOVE
1770791368.036675,MOUSE,6,2,MOVE
1770791368.053342,MOUSE,6,2,MOVE
1770791368.070009,MOUSE,6,1,MOVE
1770791368.086675,MOUSE,5,2,MOVE
1770791368.103342,MOUSE,5,1,MOVE
1770791368.120008,MOUSE,5,0,MOVE
1770791368.136675,MOUSE,5,1,MOVE
1770791368.153342,MOUSE,4,0,MOVE
1770791368.170008,MOUSE,4,0,MOVE
1770791368.186675,MOUSE,3,-1,MOVE
1770791368.203342,MOUSE,3,0,MOVE
1770791368.220008,MOUSE,2,-1,MOVE
1770791368.236675,MOUSE,2,-2,MOVE
1770791368.253342,MOUSE,2,-1,MOVE
1770791368.270008,MOUSE,1,-2,MOVE
1770791368.286675,MOUSE,0,0,LEFT_DOWN
1770791368.327647,MOUSE,0,0,LEFT_UP
1770791368.367310,MOUSE,1,3,MOVE
1770791368.383977,MOUSE,2,4,MOVE
1770791368.400643,MOUSE,2,3,MOVE
1770791368.417310,MOUSE,3,2,MOVE
1770791368.433977,MOUSE,4,2,MOVE
1770791368.450643,MOUSE,4,3,MOVE
1770791368.467310,MOUSE,4,1,MOVE
1770791368.483977,MOUSE,5,2,MOVE
1770791368.500643,MOUSE,6,1,MOVE
1770791368.517310,MOUSE,6,1,MOVE
1770791368.533977,MOUSE,6,1,MOVE
1770791368.550643,MOUSE,6,0,MOVE
1770791368.567310,MOUSE,7,1,MOVE
1770791368.583977,MOUSE,7,0,MOVE
1770791368.600643,MOUSE,8,0,MOVE
1770791368.617310,MOUSE,7,0,MOVE
1770791368.633976,MOUSE,8,0,MOVE
1770791368.650643,MOUSE,8,-1,MOVE
1770791368.667310,MOUSE,8,0,MOVE
1770791368.683976,MOUSE,9,-1,MOVE
1770791368.700643,MOUSE,8,0,MOVE
1770791368.717310,MOUSE,9,-1,MOVE
1770791368.733976,MOUSE,8,-1,MOVE
1770791368.750643,MOUSE,9,-1,MOVE
1770791368.767310,MOUSE,9,0,MOVE
1770791368.783976,MOUSE,8,-1,MOVE
1770791368.800643,MOUSE,9,-1,MOVE
1770791368.817310,MOUSE,8,-1,MOVE
1770791368.833976,MOUSE,9,0,MOVE
1770791368.850643,MOUSE,8,-1,MOVE
1770791368.867310,MOUSE,8,0,MOVE
1770791368.883976,MOUSE,8,-1,MOVE
1770791368.900643,MOUSE,8,0,MOVE
1770791368.917310,MOUSE,7,0,MOVE
1770791368.933976,MOUSE,8,0,MOVE
1770791368.950643,MOUSE,7,0,MOVE
1770791368.967309,MOUSE,6,0,MOVE
1770791368.983976,MOUSE,7,1,MOVE
1770791369.000643,MOUSE,6,0,MOVE
1770791369.017309,MOUSE,5,1,MOVE
1770791369.033976,MOUSE,6,1,MOVE
1770791369.050643,MOUSE,4,2,MOVE
1770791369.067309,MOUSE,5,1,MOVE
1770791369.083976,MOUSE,4,2,MOVE
1770791369.100643,MOUSE,3,3,MOVE
1770791369.117309,MOUSE,3,2,MOVE
1770791369.133976,MOUSE,2,3,MOVE
1770791369.150643,MOUSE,2,3,MOVE
1770791369.167309,MOUSE,1,4,MOVE
1770791369.183976,MOUSE,0,4,MOVE
1770791369.200643,MOUSE,0,4,MOVE
1770791369.217309,MOUSE,-1,5,MOVE
1770791369.233976,MOUSE,-1,5,MOVE
1770791369.250643,MOUSE,-3,5,MOVE
1770791369.267309,MOUSE,-3,6,MOVE
1770791369.283976,MOUSE,-4,7,MOVE
1770791369.300642,MOUSE,-4,7,MOVE
1770791369.317309,MOUSE,0,0,LEFT_DOWN
1770791369.357517,MOUSE,0,0,LEFT_UP
1770791369.448776,MOUSE,2,-3,MOVE
1770791369.465443,MOUSE,1,-2,MOVE
1770791369.482110,MOUSE,0,-1,MOVE
1770791369.498776,MOUSE,-1,-1,MOVE
1770791369.515443,MOUSE,-2,1,MOVE
1770791369.532110,MOUSE,-2,1,MOVE
1770791369.548776,MOUSE,-3,2,MOVE
1770791369.565443,MOUSE,-4,2,MOVE
1770791369.582110,MOUSE,-5,3,MOVE
1770791369.598776,MOUSE,-4,4,MOVE
1770791369.615443,MOUSE,-6,4,MOVE
1770791369.632110,MOUSE,-6,5,MOVE
1770791369.648776,MOUSE,-6,6,MOVE
1770791369.665443,MOUSE,-7,5,MOVE
1770791369.682110,MOUSE,-7,7,MOVE
1770791369.698776,MOUSE,-7,7,MOVE
1770791369.715443,MOUSE,-8,7,MOVE
1770791369.732110,MOUSE,-8,8,MOVE
1770791369.748776,MOUSE,-7,8,MOVE
1770791369.765443,MOUSE,-8,8,MOVE
1770791369.782109,MOUSE,-8,9,MOVE
1770791369.798776,MOUSE,-8,9,MOVE
1770791369.815443,MOUSE,-7,9,MOVE
1770791369.832109,MOUSE,-8,9,MOVE
1770791369.848776,MOUSE,-7,10,MOVE
1770791369.865443,MOUSE,-7,10,MOVE
1770791369.882109,MOUSE,-6,10,MOVE
1770791369.898776,MOUSE,-7,10,MOVE
1770791369.915443,MOUSE,-5,10,MOVE
1770791369.932109,MOUSE,-6,10,MOVE
1770791369.948776,MOUSE,-5,11,MOVE
1770791369.965443,MOUSE,-4,10,MOVE
1770791369.982109,MOUSE,-3,10,MOVE
1770791369.998776,MOUSE,-3,10,MOVE
1770791370.015443,MOUSE,-3,10,MOVE
1770791370.032109,MOUSE,-1,10,MOVE
1770791370.048776,MOUSE,0,10,MOVE
1770791370.065443,MOUSE,0,10,MOVE
1770791370.082109,MOUSE,1,9,MOVE
1770791370.098776,MOUSE,3,10,MOVE
1770791370.115443,MOUSE,0,0,LEFT_DOWN
1770791370.162150,MOUSE,0,0,LEFT_UP
1770791370.252522,MOUSE,0,-4,MOVE
1770791370.269188,MOUSE,2,-3,MOVE
1770791370.285855,MOUSE,2,-3,MOVE
1770791370.302522,MOUSE,4,-3,MOVE
1770791370.319188,MOUSE,4,-3,MOVE
1770791370.335855,MOUSE,4,-2,MOVE
1770791370.352522,MOUSE,6,-2,MOVE
1770791370.369188,MOUSE,6,-2,MOVE
1770791370.385855,MOUSE,6,-2,MOVE
1770791370.402522,MOUSE,8,-1,MOVE
1770791370.419188,MOUSE,7,-2,MOVE
1770791370.435855,MOUSE,9,-1,MOVE
1770791370.452522,MOUSE,9,-1,MOVE
1770791370.469188,MOUSE,9,0,MOVE
1770791370.485855,MOUSE,10,-1,MOVE
1770791370.502522,MOUSE,10,-1,MOVE
1770791370.519188,MOUSE,11,0,MOVE
1770791370.535855,MOUSE,11,0,MOVE
1770791370.552521,MOUSE,12,0,MOVE
1770791370.569188,MOUSE,11,0,MOVE
1770791370.585855,MOUSE,13,0,MOVE
1770791370.602521,MOUSE,12,1,MOVE
1770791370.619188,MOUSE,13,0,MOVE
1770791370.635855,MOUSE,12,1,MOVE
1770791370.652521,MOUSE,14,0,MOVE
1770791370.669188,MOUSE,13,1,MOVE
1770791370.685855,MOUSE,13,1,MOVE
1770791370.702521,MOUSE,14,1,MOVE
1770791370.719188,MOUSE,13,1,MOVE
1770791370.735855,MOUSE,14,2,MOVE
1770791370.752521,MOUSE,13,1,MOVE
1770791370.769188,MOUSE,14,1,MOVE
1770791370.785855,MOUSE,14,2,MOVE
1770791370.802521,MOUSE,13,1,MOVE
1770791370.819188,MOUSE,14,2,MOVE
1770791370.835855,MOUSE,13,1,MOVE
1770791370.852521,MOUSE,13,2,MOVE
1770791370.869188,MOUSE,14,1,MOVE
1770791370.885854,MOUSE,12,2,MOVE
1770791370.902521,MOUSE,13,2,MOVE
1770791370.919188,MOUSE,13,2,MOVE
1770791370.935854,MOUSE,12,1,MOVE
1770791370.952521,MOUSE,12,2,MOVE
1770791370.969188,MOUSE,11,2,MOVE
1770791370.985854,MOUSE,11,2,MOVE
1770791371.002521,MOUSE,11,2,MOVE
1770791371.019188,MOUSE,11,1,MOVE
1770791371.035854,MOUSE,10,2,MOVE
1770791371.052521,MOUSE,9,2,MOVE
1770791371.069188,MOUSE,9,2,MOVE
1770791371.085854,MOUSE,9,1,MOVE
1770791371.102521,MOUSE,8,2,MOVE
1770791371.119188,MOUSE,7,1,MOVE
1770791371.135854,MOUSE,7,2,MOVE
1770791371.152521,MOUSE,6,1,MOVE
1770791371.169188,MOUSE,5,2,MOVE
1770791371.185854,MOUSE,5,1,MOVE
1770791371.202521,MOUSE,4,2,MOVE
1770791371.219187,MOUSE,4,1,MOVE
1770791371.235854,MOUSE,2,1,MOVE
1770791371.252521,MOUSE,2,1,MOVE
1770791371.269187,MOUSE,1,1,MOVE
1770791371.285854,MOUSE,0,1,MOVE
1770791371.302521,MOUSE,0,1,MOVE
1770791371.319187,MOUSE,0,0,LEFT_DOWN
1770791371.361665,MOUSE,0,0,LEFT_UP
1770791371.448577,MOUSE,3,-6,MOVE
1770791371.465244,MOUSE,3,-6,MOVE
1770791371.481910,MOUSE,2,-6,MOVE
1770791371.498577,MOUSE,1,-7,MOVE
1770791371.515244,MOUSE,1,-7,MOVE
1770791371.531910,MOUSE,-1,-8,MOVE
1770791371.548577,MOUSE,0,-8,MOVE
1770791371.565244,MOUSE,-2,-8,MOVE
1770791371.581910,MOUSE,-2,-8,MOVE
1770791371.598577,MOUSE,-3,-9,MOVE
1770791371.615244,MOUSE,-3,-9,MOVE
1770791371.631910,MOUSE,-4,-10,MOVE
1770791371.648577,MOUSE,-4,-10,MOVE
1770791371.665244,MOUSE,-5,-9,MOVE
1770791371.681910,MOUSE,-5,-11,MOVE
1770791371.698577,MOUSE,-6,-10,MOVE
1770791371.715244,MOUSE,-6,-10,MOVE
1770791371.731910,MOUSE,-7,-11,MOVE
1770791371.748577,MOUSE,-6,-11,MOVE
1770791371.765244,MOUSE,-8,-11,MOVE
1770791371.781910,MOUSE,-7,-11,MOVE
1770791371.798577,MOUSE,-8,-11,MOVE
1770791371.815243,MOUSE,-8,-11,MOVE
1770791371.831910,MOUSE,-9,-11,MOVE
1770791371.848577,MOUSE,-9,-11,MOVE
1770791371.865243,MOUSE,-9,-11,MOVE
1770791371.881910,MOUSE,-9,-12,MOVE
1770791371.898577,MOUSE,-9,-11,MOVE
1770791371.915243,MOUSE,-9,-11,MOVE
1770791371.931910,MOUSE,-10,-11,MOVE
1770791371.948577,MOUSE,-9,-11,MOVE
1770791371.965243,MOUSE,-10,-11,MOVE
1770791371.981910,MOUSE,-10,-10,MOVE
1770791371.998577,MOUSE,-9,-11,MOVE
1770791372.015243,MOUSE,-10,-10,MOVE
1770791372.031910,MOUSE,-10,-10,MOVE
1770791372.048577,MOUSE,-9,-10,MOVE
1770791372.065243,MOUSE,-10,-10,MOVE
1770791372.081910,MOUSE,-9,-10,MOVE
1770791372.098577,MOUSE,-9,-9,MOVE
1770791372.115243,MOUSE,-9,-9,MOVE
1770791372.131910,MOUSE,-9,-9,MOVE
1770791372.148576,MOUSE,-9,-8,MOVE
1770791372.165243,MOUSE,-9,-8,MOVE
1770791372.181910,MOUSE,-8,-8,MOVE
1770791372.198576,MOUSE,-8,-7,MOVE
1770791372.215243,MOUSE,-7,-7,MOVE
1770791372.231910,MOUSE,-8,-7,MOVE
1770791372.248576,MOUSE,-7,-6,MOVE
1770791372.265243,MOUSE,-6,-5,MOVE
1770791372.281910,MOUSE,-7,-5,MOVE
1770791372.298576,MOUSE,-5,-5,MOVE
1770791372.315243,MOUSE,-6,-4,MOVE
1770791372.331910,MOUSE,-5,-4,MOVE
1770791372.348576,MOUSE,-4,-3,MOVE
1770791372.365243,MOUSE,-4,-3,MOVE
1770791372.381910,MOUSE,-3,-2,MOVE
1770791372.398576,MOUSE,-3,-1,MOVE
1770791372.415243,MOUSE,-2,-1,MOVE
1770791372.431910,MOUSE,-2,0,MOVE
1770791372.448576,MOUSE,-1,1,MOVE
1770791372.465243,MOUSE,0,1,MOVE
1770791372.481910,MOUSE,0,2,MOVE
1770791372.498576,MOUSE,2,3,MOVE
1770791372.515243,MOUSE,0,0,LEFT_DOWN
1770791372.556128,MOUSE,0,0,LEFT_UP
1770791372.665139,MOUSE,2,0,MOVE
1770791372.681806,MOUSE,3,0,MOVE
1770791372.698472,MOUSE,3,1,MOVE
1770791372.715139,MOUSE,4,2,MOVE
1770791372.731806,MOUSE,4,2,MOVE
1770791372.748472,MOUSE,4,2,MOVE
1770791372.765139,MOUSE,4,3,MOVE
1770791372.781806,MOUSE,5,3,MOVE
1770791372.798472,MOUSE,5,4,MOVE
1770791372.815139,MOUSE,5,3,MOVE
1770791372.831805,MOUSE,5,5,MOVE
1770791372.848472,MOUSE,5,4,MOVE
1770791372.865139,MOUSE,6,5,MOVE
1770791372.881805,MOUSE,6,5,MOVE
1770791372.898472,MOUSE,6,5,MOVE
1770791372.915139,MOUSE,6,5,MOVE
1770791372.931805,MOUSE,6,6,MOVE
1770791372.948472,MOUSE,6,6,MOVE
1770791372.965139,MOUSE,7,6,MOVE
1770791372.981805,MOUSE,6,6,MOVE
1770791372.998472,MOUSE,7,7,MOVE
1770791373.015139,MOUSE,7,6,MOVE
1770791373.031805,MOUSE,7,7,MOVE
1770791373.048472,MOUSE,6,6,MOVE
1770791373.065139,MOUSE,7,7,MOVE
1770791373.081805,MOUSE,7,7,MOVE
1770791373.098472,MOUSE,8,6,MOVE
1770791373.115139,MOUSE,7,7,MOVE
1770791373.131805,MOUSE,7,7,MOVE
1770791373.148472,MOUSE,7,7,MOVE
1770791373.165138,MOUSE,7,6,MOVE
1770791373.181805,MOUSE,7,7,MOVE
1770791373.198472,MOUSE,7,6,MOVE
1770791373.215138,MOUSE,7,7,MOVE
1770791373.231805,MOUSE,7,6,MOVE
1770791373.248472,MOUSE,7,6,MOVE
1770791373.265138,MOUSE,7,6,MOVE
1770791373.281805,MOUSE,6,6,MOVE
1770791373.298472,MOUSE,7,6,MOVE
1770791373.315138,MOUSE,7,5,MOVE
1770791373.331805,MOUSE,6,5,MOVE
1770791373.348472,MOUSE,6,5,MOVE
1770791373.365138,MOUSE,7,5,MOVE
1770791373.381805,MOUSE,6,4,MOVE
1770791373.398472,MOUSE,5,5,MOVE
1770791373.415138,MOUSE,6,3,MOVE
1770791373.431805,MOUSE,6,4,MOVE
1770791373.448472,MOUSE,5,3,MOVE
1770791373.465138,MOUSE,5,3,MOVE
1770791373.481805,MOUSE,5,2,MOVE
1770791373.498471,MOUSE,5,2,MOVE
1770791373.515138,MOUSE,4,1,MOVE
1770791373.531805,MOUSE,4,1,MOVE
1770791373.548471,MOUSE,4,1,MOVE
1770791373.565138,MOUSE,4,0,MOVE
1770791373.581805,MOUSE,4,-1,MOVE
1770791373.598471,MOUSE,3,-1,MOVE
1770791373.615138,MOUSE,3,-1,MOVE
1770791373.631805,MOUSE,2,-2,MOVE
1770791373.648471,MOUSE,2,-3,MOVE
1770791373.665138,MOUSE,2,-3,MOVE
1770791373.681805,MOUSE,2,-4,MOVE
1770791373.698471,MOUSE,1,-5,MOVE
1770791373.715138,MOUSE,1,-5,MOVE
1770791373.731805,MOUSE,1,-5,MOVE
1770791373.748471,MOUSE,0,0,LEFT_DOWN
1770791373.776420,MOUSE,0,0,LEFT_UP
1770791373.822813,MOUSE,-1,-7,MOVE
1770791373.839480,MOUSE,-1,-7,MOVE
1770791373.856147,MOUSE,-2,-7,MOVE
1770791373.872813,MOUSE,-3,-7,MOVE
1770791373.889480,MOUSE,-3,-7,MOVE
1770791373.906147,MOUSE,-5,-8,MOVE
1770791373.922813,MOUSE,-6,-7,MOVE
1770791373.939480,MOUSE,-6,-8,MOVE
1770791373.956146,MOUSE,-7,-7,MOVE
1770791373.972813,MOUSE,-7,-8,MOVE
1770791373.989480,MOUSE,-9,-8,MOVE
1770791374.006146,MOUSE,-9,-8,MOVE
1770791374.022813,MOUSE,-9,-7,MOVE
1770791374.039480,MOUSE,-11,-8,MOVE
1770791374.056146,MOUSE,-10,-8,MOVE
1770791374.072813,MOUSE,-12,-8,MOVE
1770791374.089480,MOUSE,-11,-7,MOVE
1770791374.106146,MOUSE,-12,-8,MOVE
1770791374.122813,MOUSE,-13,-8,MOVE
1770791374.139480,MOUSE,-13,-7,MOVE
1770791374.156146,MOUSE,-13,-7,MOVE
1770791374.172813,MOUSE,-14,-8,MOVE
1770791374.189480,MOUSE,-14,-7,MOVE
1770791374.206146,MOUSE,-14,-7,MOVE
1770791374.222813,MOUSE,-14,-7,MOVE
1770791374.239480,MOUSE,-15,-7,MOVE
1770791374.256146,MOUSE,-15,-7,MOVE
1770791374.272813,MOUSE,-15,-6,MOVE
1770791374.289479,MOUSE,-14,-7,MOVE
1770791374.306146,MOUSE,-15,-6,MOVE
1770791374.322813,MOUSE,-15,-6,MOVE
1770791374.339479,MOUSE,-15,-5,MOVE
1770791374.356146,MOUSE,-15,-6,MOVE
1770791374.372813,MOUSE,-15,-5,MOVE
1770791374.389479,MOUSE,-15,-5,MOVE
1770791374.406146,MOUSE,-15,-5,MOVE
1770791374.422813,MOUSE,-14,-4,MOVE
1770791374.439479,MOUSE,-14,-4,MOVE
1770791374.456146,MOUSE,-14,-4,MOVE
1770791374.472813,MOUSE,-14,-4,MOVE
1770791374.489479,MOUSE,-13,-3,MOVE
1770791374.506146,MOUSE,-13,-3,MOVE
1770791374.522813,MOUSE,-13,-2,MOVE
1770791374.539479,MOUSE,-12,-2,MOVE
1770791374.556146,MOUSE,-12,-2,MOVE
1770791374.572813,MOUSE,-11,-1,MOVE
1770791374.589479,MOUSE,-11,-1,MOVE
1770791374.606146,MOUSE,-10,0,MOVE
1770791374.622813,MOUSE,-10,0,MOVE
1770791374.639479,MOUSE,-9,0,MOVE
1770791374.656146,MOUSE,-9,1,MOVE
1770791374.672812,MOUSE,-7,1,MOVE
1770791374.689479,MOUSE,-7,2,MOVE
1770791374.706146,MOUSE,-7,2,MOVE
1770791374.722812,MOUSE,-5,3,MOVE
1770791374.739479,MOUSE,-5,4,MOVE
1770791374.756146,MOUSE,-4,3,MOVE
1770791374.772812,MOUSE,-3,5,MOVE
1770791374.789479,MOUSE,-2,5,MOVE
1770791374.806146,MOUSE,-1,6,MOVE
1770791374.822812,MOUSE,0,0,LEFT_DOWN
1770791374.845578,MOUSE,0,0,LEFT_UP
1770791374.982748,MOUSE,1,0,MOVE
1770791374.999415,MOUSE,4,0,MOVE
1770791375.016082,MOUSE,5,1,MOVE
1770791375.032748,MOUSE,6,1,MOVE
1770791375.049415,MOUSE,8,2,MOVE
1770791375.066082,MOUSE,10,2,MOVE
1770791375.082748,MOUSE,10,2,MOVE
1770791375.099415,MOUSE,12,3,MOVE
1770791375.116081,MOUSE,14,3,MOVE
1770791375.132748,MOUSE,14,3,MOVE
1770791375.149415,MOUSE,15,4,MOVE
1770791375.166081,MOUSE,17,4,MOVE
1770791375.182748,MOUSE,17,4,MOVE
1770791375.199415,MOUSE,18,4,MOVE
1770791375.216081,MOUSE,20,5,MOVE
1770791375.232748,MOUSE,19,4,MOVE
1770791375.249415,MOUSE,21,5,MOVE
1770791375.266081,MOUSE,21,5,MOVE
1770791375.282748,MOUSE,22,5,MOVE
1770791375.299415,MOUSE,22,5,MOVE
1770791375.316081,MOUSE,23,6,MOVE
1770791375.332748,MOUSE,23,5,MOVE
1770791375.349415,MOUSE,23,6,MOVE
1770791375.366081,MOUSE,24,5,MOVE
1770791375.382748,MOUSE,24,6,MOVE
1770791375.399415,MOUSE,24,6,MOVE
1770791375.416081,MOUSE,24,5,MOVE
1770791375.432748,MOUSE,24,6,MOVE
1770791375.449414,MOUSE,24,6,MOVE
1770791375.466081,MOUSE,23,5,MOVE
1770791375.482748,MOUSE,24,6,MOVE
1770791375.499414,MOUSE,23,6,MOVE
1770791375.516081,MOUSE,23,5,MOVE
1770791375.532748,MOUSE,23,5,MOVE
1770791375.549414,MOUSE,22,6,MOVE
1770791375.566081,MOUSE,22,5,MOVE
1770791375.582748,MOUSE,21,5,MOVE
1770791375.599414,MOUSE,20,4,MOVE
1770791375.616081,MOUSE,20,5,MOVE
1770791375.632748,MOUSE,19,4,MOVE
1770791375.649414,MOUSE,18,5,MOVE
1770791375.666081,MOUSE,17,3,MOVE
1770791375.682748,MOUSE,16,4,MOVE
1770791375.699414,MOUSE,15,4,MOVE
1770791375.716081,MOUSE,14,3,MOVE
1770791375.732748,MOUSE,13,3,MOVE
1770791375.749414,MOUSE,12,2,MOVE
1770791375.766081,MOUSE,11,3,MOVE
1770791375.782748,MOUSE,9,2,MOVE
1770791375.799414,MOUSE,7,1,MOVE
1770791375.816081,MOUSE,6,1,MOVE
1770791375.832747,MOUSE,5,1,MOVE
1770791375.849414,MOUSE,3,1,MOVE
1770791375.866081,MOUSE,2,0,MOVE
1770791375.882747,MOUSE,0,0,LEFT_DOWN
1770791375.912751,MOUSE,0,0,LEFT_UP
1770791376.005379,MOUSE,3,-7,MOVE
1770791376.022045,MOUSE,2,-6,MOVE
1770791376.038712,MOUSE,1,-7,MOVE
1770791376.055379,MOUSE,0,-7,MOVE
1770791376.072045,MOUSE,-1,-7,MOVE
1770791376.088712,MOUSE,-3,-7,MOVE
1770791376.105379,MOUSE,-3,-8,MOVE
1770791376.122045,MOUSE,-5,-7,MOVE
1770791376.138712,MOUSE,-5,-8,MOVE
1770791376.155379,MOUSE,-7,-7,MOVE
1770791376.172045,MOUSE,-7,-8,MOVE
1770791376.188712,MOUSE,-8,-8,MOVE
1770791376.205379,MOUSE,-9,-8,MOVE
1770791376.222045,MOUSE,-10,-8,MOVE
1770791376.238712,MOUSE,-10,-8,MOVE
1770791376.255378,MOUSE,-11,-7,MOVE
1770791376.272045,MOUSE,-11,-8,MOVE
1770791376.288712,MOUSE,-12,-8,MOVE
1770791376.305378,MOUSE,-12,-8,MOVE
1770791376.322045,MOUSE,-13,-8,MOVE
1770791376.338712,MOUSE,-13,-8,MOVE
1770791376.355378,MOUSE,-14,-8,MOVE
1770791376.372045,MOUSE,-13,-8,MOVE
1770791376.388712,MOUSE,-14,-8,MOVE
1770791376.405378,MOUSE,-14,-8,MOVE
1770791376.422045,MOUSE,-14,-7,MOVE
1770791376.438712,MOUSE,-14,-8,MOVE
1770791376.455378,MOUSE,-14,-7,MOVE
1770791376.472045,MOUSE,-14,-7,MOVE
1770791376.488712,MOUSE,-14,-7,MOVE
1770791376.505378,MOUSE,-14,-7,MOVE
1770791376.522045,MOUSE,-14,-7,MOVE
1770791376.538712,MOUSE,-13,-7,MOVE
1770791376.555378,MOUSE,-13,-6,MOVE
1770791376.572045,MOUSE,-13,-7,MOVE
1770791376.588712,MOUSE,-12,-6,MOVE
1770791376.605378,MOUSE,-12,-6,MOVE
1770791376.622045,MOUSE,-11,-5,MOVE
1770791376.638711,MOUSE,-10,-6,MOVE
1770791376.655378,MOUSE,-10,-5,MOVE
1770791376.672045,MOUSE,-10,-5,MOVE
1770791376.688711,MOUSE,-8,-4,MOVE
1770791376.705378,MOUSE,-8,-5,MOVE
1770791376.722045,MOUSE,-7,-4,MOVE
1770791376.738711,MOUSE,-6,-3,MOVE
1770791376.755378,MOUSE,-6,-4,MOVE
1770791376.772045,MOUSE,-4,-3,MOVE
1770791376.788711,MOUSE,-3,-3,MOVE
1770791376.805378,MOUSE,-2,-2,MOVE
1770791376.822045,MOUSE,-1,-2,MOVE
1770791376.838711,MOUSE,0,-1,MOVE
1770791376.855378,MOUSE,1,-2,MOVE
1770791376.872045,MOUSE,3,-1,MOVE
1770791376.888711,MOUSE,4,0,MOVE
1770791376.905378,MOUSE,6,0,MOVE
1770791376.922045,MOUSE,7,1,MOVE
1770791376.938711,MOUSE,0,0,LEFT_DOWN
1770791376.980252,MOUSE,0,0,LEFT_UP
1770791377.085484,MOUSE,2,4,MOVE
1770791377.102150,MOUSE,2,5,MOVE
1770791377.118817,MOUSE,1,4,MOVE
1770791377.135484,MOUSE,1,5,MOVE
1770791377.152150,MOUSE,1,4,MOVE
1770791377.168817,MOUSE,0,4,MOVE
1770791377.185483,MOUSE,0,4,MOVE
1770791377.202150,MOUSE,-1,4,MOVE
1770791377.218817,MOUSE,-1,4,MOVE
1770791377.235483,MOUSE,-1,4,MOVE
1770791377.252150,MOUSE,-2,3,MOVE
1770791377.268817,MOUSE,-2,4,MOVE
1770791377.285483,MOUSE,-2,3,MOVE
1770791377.302150,MOUSE,-3,4,MOVE
1770791377.318817,MOUSE,-3,3,MOVE
1770791377.335483,MOUSE,-3,3,MOVE
1770791377.352150,MOUSE,-3,3,MOVE
1770791377.368817,MOUSE,-4,3,MOVE
1770791377.385483,MOUSE,-4,3,MOVE
1770791377.402150,MOUSE,-5,3,MOVE
1770791377.418817,MOUSE,-4,3,MOVE
1770791377.435483,MOUSE,-5,3,MOVE
1770791377.452150,MOUSE,-5,3,MOVE
1770791377.468817,MOUSE,-6,3,MOVE
1770791377.485483,MOUSE,-5,2,MOVE
1770791377.502150,MOUSE,-6,3,MOVE
1770791377.518816,MOUSE,-6,2,MOVE
1770791377.535483,MOUSE,-6,3,MOVE
1770791377.552150,MOUSE,-6,2,MOVE
1770791377.568816,MOUSE,-7,3,MOVE
1770791377.585483,MOUSE,-7,2,MOVE
1770791377.602150,MOUSE,-6,2,MOVE
1770791377.618816,MOUSE,-7,3,MOVE
1770791377.635483,MOUSE,-8,2,MOVE
1770791377.652150,MOUSE,-7,2,MOVE
1770791377.668816,MOUSE,-7,2,MOVE
1770791377.685483,MOUSE,-8,2,MOVE
1770791377.702150,MOUSE,-7,3,MOVE
1770791377.718816,MOUSE,-8,2,MOVE
1770791377.735483,MOUSE,-7,2,MOVE
1770791377.752150,MOUSE,-8,2,MOVE
1770791377.768816,MOUSE,-8,2,MOVE
1770791377.785483,MOUSE,-8,2,MOVE
1770791377.802150,MOUSE,-8,2,MOVE
1770791377.818816,MOUSE,-8,2,MOVE
1770791377.835483,MOUSE,-8,2,MOVE
1770791377.852149,MOUSE,-8,2,MOVE
1770791377.868816,MOUSE,-8,2,MOVE
1770791377.885483,MOUSE,-8,2,MOVE
1770791377.902149,MOUSE,-8,2,MOVE
1770791377.918816,MOUSE,-8,2,MOVE
1770791377.935483,MOUSE,-7,2,MOVE
1770791377.952149,MOUSE,-8,2,MOVE
1770791377.968816,MOUSE,-8,2,MOVE
1770791377.985483,MOUSE,-8,2,MOVE
1770791378.002149,MOUSE,-8,2,MOVE
1770791378.018816,MOUSE,-7,2,MOVE
1770791378.035483,MOUSE,-8,3,MOVE
1770791378.052149,MOUSE,-7,2,MOVE
1770791378.068816,MOUSE,-7,2,MOVE
1770791378.085483,MOUSE,-8,2,MOVE
1770791378.102149,MOUSE,-7,2,MOVE
1770791378.118816,MOUSE,-6,3,MOVE
1770791378.135483,MOUSE,-7,2,MOVE
1770791378.152149,MOUSE,-7,3,MOVE
1770791378.168816,MOUSE,-6,2,MOVE
1770791378.185483,MOUSE,-7,2,MOVE
1770791378.202149,MOUSE,-6,3,MOVE
1770791378.218816,MOUSE,-5,3,MOVE
1770791378.235482,MOUSE,0,0,LEFT_DOWN
1770791378.257189,MOUSE,0,0,LEFT_UP
1770791378.392367,MOUSE,5,5,MOVE
1770791378.409033,MOUSE,6,7,MOVE
1770791378.425700,MOUSE,8,7,MOVE
1770791378.442367,MOUSE,9,7,MOVE
1770791378.459033,MOUSE,10,7,MOVE
1770791378.475700,MOUSE,12,8,MOVE
1770791378.492367,MOUSE,13,9,MOVE
1770791378.509033,MOUSE,13,8,MOVE
1770791378.525700,MOUSE,15,9,MOVE
1770791378.542367,MOUSE,16,10,MOVE
1770791378.559033,MOUSE,16,9,MOVE
1770791378.575700,MOUSE,18,10,MOVE
1770791378.592366,MOUSE,18,10,MOVE
1770791378.609033,MOUSE,18,11,MOVE
1770791378.625700,MOUSE,20,10,MOVE
1770791378.642366,MOUSE,20,11,MOVE
1770791378.659033,MOUSE,20,11,MOVE
1770791378.675700,MOUSE,21,11,MOVE
1770791378.692366,MOUSE,22,11,MOVE
1770791378.709033,MOUSE,22,11,MOVE
1770791378.725700,MOUSE,22,11,MOVE
1770791378.742366,MOUSE,22,12,MOVE
1770791378.759033,MOUSE,22,11,MOVE
1770791378.775700,MOUSE,23,12,MOVE
1770791378.792366,MOUSE,23,11,MOVE
1770791378.809033,MOUSE,22,11,MOVE
1770791378.825700,MOUSE,23,12,MOVE
1770791378.842366,MOUSE,22,11,MOVE
1770791378.859033,MOUSE,23,11,MOVE
1770791378.875700,MOUSE,22,11,MOVE
1770791378.892366,MOUSE,22,11,MOVE
1770791378.909033,MOUSE,21,10,MOVE
1770791378.925699,MOUSE,21,11,MOVE
1770791378.942366,MOUSE,21,10,MOVE
1770791378.959033,MOUSE,20,10,MOVE
1770791378.975699,MOUSE,19,10,MOVE
1770791378.992366,MOUSE,19,10,MOVE
1770791379.009033,MOUSE,18,9,MOVE
1770791379.025699,MOUSE,17,9,MOVE
1770791379.042366,MOUSE,17,9,MOVE
1770791379.059033,MOUSE,15,8,MOVE
1770791379.075699,MOUSE,15,8,MOVE
1770791379.092366,MOUSE,14,8,MOVE
1770791379.109033,MOUSE,12,7,MOVE
1770791379.125699,MOUSE,12,7,MOVE
1770791379.142366,MOUSE,10,6,MOVE
1770791379.159033,MOUSE,9,6,MOVE
1770791379.175699,MOUSE,8,6,MOVE
1770791379.192366,MOUSE,6,4,MOVE
1770791379.209033,MOUSE,5,5,MOVE
1770791379.225699,MOUSE,4,4,MOVE
1770791379.242366,MOUSE,2,3,MOVE
1770791379.259032,MOUSE,1,2,MOVE
1770791379.275699,MOUSE,-2,2,MOVE
1770791379.292366,MOUSE,-2,2,MOVE
1770791379.309032,MOUSE,-5,0,MOVE
1770791379.325699,MOUSE,-6,1,MOVE
1770791379.342366,MOUSE,0,0,LEFT_DOWN
1770791379.373605,MOUSE,0,0,LEFT_UP
1770791379.464567,MOUSE,-6,-5,MOVE
1770791379.481233,MOUSE,-6,-4,MOVE
1770791379.497900,MOUSE,-8,-5,MOVE
1770791379.514567,MOUSE,-8,-5,MOVE
1770791379.531233,MOUSE,-10,-5,MOVE
1770791379.547900,MOUSE,-11,-5,MOVE
1770791379.564567,MOUSE,-11,-6,MOVE
1770791379.581233,MOUSE,-13,-6,MOVE
1770791379.597900,MOUSE,-13,-6,MOVE
1770791379.614567,MOUSE,-15,-7,MOVE
1770791379.631233,MOUSE,-15,-6,MOVE
1770791379.647900,MOUSE,-16,-7,MOVE
1770791379.664567,MOUSE,-16,-7,MOVE
1770791379.681233,MOUSE,-18,-7,MOVE
1770791379.697900,MOUSE,-18,-8,MOVE
1770791379.714566,MOUSE,-19,-7,MOVE
1770791379.731233,MOUSE,-19,-8,MOVE
1770791379.747900,MOUSE,-20,-8,MOVE
1770791379.764566,MOUSE,-20,-8,MOVE
1770791379.781233,MOUSE,-22,-8,MOVE
1770791379.797900,MOUSE,-21,-9,MOVE
1770791379.814566,MOUSE,-22,-8,MOVE
1770791379.831233,MOUSE,-23,-9,MOVE
1770791379.847900,MOUSE,-23,-8,MOVE
1770791379.864566,MOUSE,-23,-9,MOVE
1770791379.881233,MOUSE,-23,-9,MOVE
1770791379.897900,MOUSE,-24,-9,MOVE
1770791379.914566,MOUSE,-24,-9,MOVE
1770791379.931233,MOUSE,-25,-9,MOVE
1770791379.947900,MOUSE,-24,-9,MOVE
1770791379.964566,MOUSE,-25,-9,MOVE
1770791379.981233,MOUSE,-25,-9,MOVE
1770791379.997900,MOUSE,-25,-10,MOVE
1770791380.014566,MOUSE,-25,-9,MOVE
1770791380.031233,MOUSE,-25,-9,MOVE
1770791380.047899,MOUSE,-25,-9,MOVE
1770791380.064566,MOUSE,-25,-10,MOVE
1770791380.081233,MOUSE,-25,-9,MOVE
1770791380.097899,MOUSE,-24,-9,MOVE
1770791380.114566,MOUSE,-25,-10,MOVE
1770791380.131233,MOUSE,-25,-9,MOVE
1770791380.147899,MOUSE,-24,-9,MOVE
1770791380.164566,MOUSE,-24,-9,MOVE
1770791380.181233,MOUSE,-24,-9,MOVE
1770791380.197899,MOUSE,-23,-9,MOVE
1770791380.214566,MOUSE,-23,-9,MOVE
1770791380.231233,MOUSE,-23,-9,MOVE
1770791380.247899,MOUSE,-22,-9,MOVE
1770791380.264566,MOUSE,-22,-8,MOVE
1770791380.281233,MOUSE,-22,-9,MOVE
1770791380.297899,MOUSE,-21,-8,MOVE
1770791380.314566,MOUSE,-20,-9,MOVE
1770791380.331233,MOUSE,-20,-8,MOVE
1770791380.347899,MOUSE,-19,-8,MOVE
1770791380.364566,MOUSE,-18,-8,MOVE
1770791380.381233,MOUSE,-18,-7,MOVE
1770791380.397899,MOUSE,-17,-8,MOVE
1770791380.414566,MOUSE,-17,-7,MOVE
1770791380.431232,MOUSE,-15,-7,MOVE
1770791380.447899,MOUSE,-15,-7,MOVE
1770791380.464566,MOUSE,-14,-7,MOVE
1770791380.481232,MOUSE,-13,-7,MOVE
1770791380.497899,MOUSE,-13,-6,MOVE
1770791380.514566,MOUSE,-11,-6,MOVE
1770791380.531232,MOUSE,-10,-6,MOVE
1770791380.547899,MOUSE,-9,-6,MOVE
1770791380.564566,MOUSE,-9,-5,MOVE
1770791380.581232,MOUSE,-7,-6,MOVE
1770791380.597899,MOUSE,-6,-5,MOVE
1770791380.614566,MOUSE,-5,-4,MOVE
1770791380.631232,MOUSE,-3,-4,MOVE
1770791380.647899,MOUSE,0,0,LEFT_DOWN
1770791380.695494,MOUSE,0,0,LEFT_UP
1770791380.723799,MOUSE,4,4,MOVE
1770791380.740466,MOUSE,3,3,MOVE
1770791380.757133,MOUSE,3,2,MOVE
1770791380.773799,MOUSE,2,1,MOVE
1770791380.790466,MOUSE,1,1,MOVE
1770791380.807133,MOUSE,0,-1,MOVE
1770791380.823799,MOUSE,0,-1,MOVE
1770791380.840466,MOUSE,0,-2,MOVE
1770791380.857133,MOUSE,-2,-3,MOVE
1770791380.873799,MOUSE,-2,-4,MOVE
1770791380.890466,MOUSE,-2,-4,MOVE
1770791380.907133,MOUSE,-2,-4,MOVE
1770791380.923799,MOUSE,-3,-5,MOVE
1770791380.940466,MOUSE,-4,-6,MOVE
1770791380.957133,MOUSE,-3,-6,MOVE
1770791380.973799,MOUSE,-4,-6,MOVE
1770791380.990466,MOUSE,-4,-7,MOVE
1770791381.007133,MOUSE,-4,-7,MOVE
1770791381.023799,MOUSE,-4,-7,MOVE
1770791381.040466,MOUSE,-4,-8,MOVE
1770791381.057132,MOUSE,-4,-7,MOVE
1770791381.073799,MOUSE,-4,-8,MOVE
1770791381.090466,MOUSE,-3,-8,MOVE
1770791381.107132,MOUSE,-4,-8,MOVE
1770791381.123799,MOUSE,-3,-7,MOVE
1770791381.140466,MOUSE,-3,-8,MOVE
1770791381.157132,MOUSE,-3,-7,MOVE
1770791381.173799,MOUSE,-2,-8,MOVE
1770791381.190466,MOUSE,-2,-7,MOVE
1770791381.207132,MOUSE,-1,-7,MOVE
1770791381.223799,MOUSE,-1,-6,MOVE
1770791381.240466,MOUSE,0,-6,MOVE
1770791381.257132,MOUSE,0,-6,MOVE
1770791381.273799,MOUSE,1,-5,MOVE
1770791381.290466,MOUSE,2,-5,MOVE
1770791381.307132,MOUSE,3,-4,MOVE
1770791381.323799,MOUSE,3,-3,MOVE
1770791381.340466,MOUSE,5,-3,MOVE
1770791381.357132,MOUSE,5,-3,MOVE
1770791381.373799,MOUSE,6,-1,MOVE
1770791381.390465,MOUSE,8,-1,MOVE
1770791381.407132,MOUSE,8,0,MOVE
1770791381.423799,MOUSE,10,2,MOVE
1770791381.440465,MOUSE,0,0,LEFT_DOWN
1770791381.482272,MOUSE,0,0,LEFT_UP
1770791381.607095,MOUSE,-1,3,MOVE
1770791381.623761,MOUSE,1,4,MOVE
1770791381.640428,MOUSE,1,4,MOVE
1770791381.657094,MOUSE,2,5,MOVE
1770791381.673761,MOUSE,3,4,MOVE
1770791381.690428,MOUSE,3,5,MOVE
1770791381.707094,MOUSE,4,5,MOVE
1770791381.723761,MOUSE,4,6,MOVE
1770791381.740428,MOUSE,5,5,MOVE
1770791381.757094,MOUSE,6,6,MOVE
1770791381.773761,MOUSE,6,5,MOVE
1770791381.790428,MOUSE,7,6,MOVE
1770791381.807094,MOUSE,7,6,MOVE
1770791381.823761,MOUSE,7,6,MOVE
1770791381.840428,MOUSE,8,7,MOVE
1770791381.857094,MOUSE,8,6,MOVE
1770791381.873761,MOUSE,9,7,MOVE
1770791381.890428,MOUSE,9,6,MOVE
1770791381.907094,MOUSE,10,7,MOVE
1770791381.923761,MOUSE,10,7,MOVE
1770791381.940428,MOUSE,10,7,MOVE
1770791381.957094,MOUSE,10,7,MOVE
1770791381.973761,MOUSE,11,7,MOVE
1770791381.990427,MOUSE,11,7,MOVE
1770791382.007094,MOUSE,11,7,MOVE
1770791382.023761,MOUSE,11,7,MOVE
1770791382.040427,MOUSE,11,7,MOVE
1770791382.057094,MOUSE,12,7,MOVE
1770791382.073761,MOUSE,12,7,MOVE
1770791382.090427,MOUSE,12,7,MOVE
1770791382.107094,MOUSE,12,8,MOVE
1770791382.123761,MOUSE,12,7,MOVE
1770791382.140427,MOUSE,12,7,MOVE
1770791382.157094,MOUSE,12,7,MOVE
1770791382.173761,MOUSE,12,7,MOVE
1770791382.190427,MOUSE,12,7,MOVE
1770791382.207094,MOUSE,12,7,MOVE
1770791382.223761,MOUSE,12,7,MOVE
1770791382.240427,MOUSE,12,6,MOVE
1770791382.257094,MOUSE,11,7,MOVE
1770791382.273761,MOUSE,12,7,MOVE
1770791382.290427,MOUSE,11,6,MOVE
1770791382.307094,MOUSE,12,6,MOVE
1770791382.323761,MOUSE,11,7,MOVE
1770791382.340427,MOUSE,11,6,MOVE
1770791382.357094,MOUSE,10,6,MOVE
1770791382.373760,MOUSE,11,5,MOVE
1770791382.390427,MOUSE,10,6,MOVE
1770791382.407094,MOUSE,10,6,MOVE
1770791382.423760,MOUSE,9,5,MOVE
1770791382.440427,MOUSE,9,5,MOVE
1770791382.457094,MOUSE,9,5,MOVE
1770791382.473760,MOUSE,8,5,MOVE
1770791382.490427,MOUSE,8,4,MOVE
1770791382.507094,MOUSE,8,5,MOVE
1770791382.523760,MOUSE,7,4,MOVE
1770791382.540427,MOUSE,6,4,MOVE
1770791382.557094,MOUSE,6,3,MOVE
1770791382.573760,MOUSE,6,4,MOVE
1770791382.590427,MOUSE,5,3,MOVE
1770791382.607094,MOUSE,4,3,MOVE
1770791382.623760,MOUSE,4,2,MOVE
1770791382.640427,MOUSE,3,2,MOVE
1770791382.657094,MOUSE,3,2,MOVE
1770791382.673760,MOUSE,1,2,MOVE
1770791382.690427,MOUSE,2,2,MOVE
1770791382.707093,MOUSE,0,1,MOVE
1770791382.740427,MOUSE,-1,1,MOVE
1770791382.757093,MOUSE,-2,0,MOVE
1770791382.773760,MOUSE,-2,0,MOVE
1770791382.790427,MOUSE,-3,-1,MOVE
1770791382.807093,MOUSE,-5,-1,MOVE
1770791382.823760,MOUSE,-4,-1,MOVE
1770791382.840427,MOUSE,0,0,LEFT_DOWN
1770791382.871472,MOUSE,0,0,LEFT_UP
1770791382.995781,MOUSE,0,2,MOVE
1770791383.012447,MOUSE,0,3,MOVE
1770791383.029114,MOUSE,0,4,MOVE
1770791383.045781,MOUSE,-1,4,MOVE
1770791383.062447,MOUSE,-1,5,MOVE
1770791383.079114,MOUSE,-2,6,MOVE
1770791383.095781,MOUSE,-3,6,MOVE
1770791383.112447,MOUSE,-3,7,MOVE
1770791383.129114,MOUSE,-3,7,MOVE
1770791383.145781,MOUSE,-3,8,MOVE
1770791383.162447,MOUSE,-4,8,MOVE
1770791383.179114,MOUSE,-5,8,MOVE
1770791383.195781,MOUSE,-5,9,MOVE
1770791383.212447,MOUSE,-5,9,MOVE
1770791383.229114,MOUSE,-5,10,MOVE
1770791383.245780,MOUSE,-6,9,MOVE
1770791383.262447,MOUSE,-7,10,MOVE
1770791383.279114,MOUSE,-6,10,MOVE
1770791383.295780,MOUSE,-7,11,MOVE
1770791383.312447,MOUSE,-7,10,MOVE
1770791383.329114,MOUSE,-7,10,MOVE
1770791383.345780,MOUSE,-8,10,MOVE
1770791383.362447,MOUSE,-8,11,MOVE
1770791383.379114,MOUSE,-8,10,MOVE
1770791383.395780,MOUSE,-8,10,MOVE
1770791383.412447,MOUSE,-9,10,MOVE
1770791383.429114,MOUSE,-8,10,MOVE
1770791383.445780,MOUSE,-9,10,MOVE
1770791383.462447,MOUSE,-9,9,MOVE
1770791383.479114,MOUSE,-9,10,MOVE
1770791383.495780,MOUSE,-9,9,MOVE
1770791383.512447,MOUSE,-10,8,MOVE
1770791383.529114,MOUSE,-9,8,MOVE
1770791383.545780,MOUSE,-9,8,MOVE
1770791383.562447,MOUSE,-10,7,MOVE
1770791383.579113,MOUSE,-10,7,MOVE
1770791383.595780,MOUSE,-9,7,MOVE
1770791383.612447,MOUSE,-10,5,MOVE
1770791383.629113,MOUSE,-10,6,MOVE
1770791383.645780,MOUSE,-9,4,MOVE
1770791383.662447,MOUSE,-10,4,MOVE
1770791383.679113,MOUSE,-9,3,MOVE
1770791383.695780,MOUSE,-10,3,MOVE
1770791383.712447,MOUSE,-10,1,MOVE
1770791383.729113,MOUSE,-9,1,MOVE
1770791383.745780,MOUSE,-9,0,MOVE
1770791383.762447,MOUSE,-10,0,MOVE
1770791383.779113,MOUSE,-9,-2,MOVE
1770791383.795780,MOUSE,-9,-3,MOVE
1770791383.812447,MOUSE,-8,-3,MOVE
1770791383.829113,MOUSE,0,0,LEFT_DOWN
1770791383.871228,MOUSE,0,0,LEFT_UP
1770791383.958623,MOUSE,-5,-2,MOVE
1770791383.975290,MOUSE,-4,-1,MOVE
1770791383.991956,MOUSE,-3,-1,MOVE
1770791384.008623,MOUSE,-2,-1,MOVE
1770791384.025290,MOUSE,-2,-1,MOVE
1770791384.041956,MOUSE,0,-1,MOVE
1770791384.058623,MOUSE,0,-1,MOVE
1770791384.075289,MOUSE,1,-1,MOVE
1770791384.091956,MOUSE,2,-2,MOVE
1770791384.108623,MOUSE,2,-1,MOVE
1770791384.125289,MOUSE,3,-1,MOVE
1770791384.141956,MOUSE,3,-2,MOVE
1770791384.158623,MOUSE,5,-1,MOVE
1770791384.175289,MOUSE,4,-2,MOVE
1770791384.191956,MOUSE,6,-1,MOVE
1770791384.208623,MOUSE,5,-2,MOVE
1770791384.225289,MOUSE,7,-2,MOVE
1770791384.241956,MOUSE,7,-1,MOVE
1770791384.258623,MOUSE,7,-2,MOVE
1770791384.275289,MOUSE,7,-2,MOVE
1770791384.291956,MOUSE,8,-2,MOVE
1770791384.308623,MOUSE,9,-2,MOVE
1770791384.325289,MOUSE,8,-2,MOVE
1770791384.341956,MOUSE,9,-2,MOVE
1770791384.358623,MOUSE,10,-2,MOVE
1770791384.375289,MOUSE,9,-2,MOVE
1770791384.391956,MOUSE,10,-2,MOVE
1770791384.408623,MOUSE,10,-3,MOVE
1770791384.425289,MOUSE,10,-2,MOVE
1770791384.441956,MOUSE,10,-3,MOVE
1770791384.458622,MOUSE,11,-2,MOVE
1770791384.475289,MOUSE,10,-3,MOVE
1770791384.491956,MOUSE,11,-3,MOVE
1770791384.508622,MOUSE,11,-3,MOVE
1770791384.525289,MOUSE,10,-2,MOVE
1770791384.541956,MOUSE,11,-3,MOVE
1770791384.558622,MOUSE,10,-3,MOVE
1770791384.575289,MOUSE,11,-4,MOVE
1770791384.591956,MOUSE,10,-3,MOVE
1770791384.608622,MOUSE,11,-3,MOVE
1770791384.625289,MOUSE,10,-4,MOVE
1770791384.641956,MOUSE,10,-3,MOVE
1770791384.658622,MOUSE,10,-4,MOVE
1770791384.675289,MOUSE,9,-4,MOVE
1770791384.691956,MOUSE,9,-3,MOVE
1770791384.708622,MOUSE,10,-4,MOVE
1770791384.725289,MOUSE,8,-4,MOVE
1770791384.741956,MOUSE,9,-4,MOVE
1770791384.758622,MOUSE,8,-5,MOVE
1770791384.775289,MOUSE,7,-4,MOVE
1770791384.791955,MOUSE,8,-5,MOVE
1770791384.808622,MOUSE,6,-4,MOVE
1770791384.825289,MOUSE,7,-5,MOVE
1770791384.841955,MOUSE,6,-5,MOVE
1770791384.858622,MOUSE,5,-5,MOVE
1770791384.875289,MOUSE,5,-5,MOVE
1770791384.891955,MOUSE,4,-5,MOVE
1770791384.908622,MOUSE,4,-5,MOVE
1770791384.925289,MOUSE,3,-5,MOVE
1770791384.941955,MOUSE,2,-6,MOVE
1770791384.958622,MOUSE,2,-6,MOVE
1770791384.975289,MOUSE,1,-5,MOVE
1770791384.991955,MOUSE,0,-6,MOVE
1770791385.008622,MOUSE,0,-6,MOVE
1770791385.025289,MOUSE,-2,-7,MOVE
1770791385.041955,MOUSE,-2,-6,MOVE
1770791385.058622,MOUSE,-2,-6,MOVE
1770791385.075289,MOUSE,0,0,LEFT_DOWN
1770791385.105395,MOUSE,0,0,LEFT_UP
1770791385.206616,MOUSE,-5,-8,MOVE
1770791385.223283,MOUSE,-3,-8,MOVE
1770791385.239949,MOUSE,-4,-9,MOVE
1770791385.256616,MOUSE,-3,-9,MOVE
1770791385.273283,MOUSE,-3,-10,MOVE
1770791385.289949,MOUSE,-2,-11,MOVE
1770791385.306616,MOUSE,-2,-12,MOVE
1770791385.323282,MOUSE,-2,-12,MOVE
1770791385.339949,MOUSE,-1,-12,MOVE
1770791385.356616,MOUSE,-1,-13,MOVE
1770791385.373282,MOUSE,-1,-14,MOVE
1770791385.389949,MOUSE,-1,-13,MOVE
1770791385.406616,MOUSE,0,-14,MOVE
1770791385.423282,MOUSE,0,-14,MOVE
1770791385.439949,MOUSE,1,-14,MOVE
1770791385.456616,MOUSE,0,-15,MOVE
1770791385.473282,MOUSE,2,-14,MOVE
1770791385.489949,MOUSE,1,-15,MOVE
1770791385.506616,MOUSE,2,-14,MOVE
1770791385.523282,MOUSE,2,-14,MOVE
1770791385.539949,MOUSE,2,-14,MOVE
1770791385.556616,MOUSE,3,-14,MOVE
1770791385.573282,MOUSE,2,-14,MOVE
1770791385.589949,MOUSE,4,-13,MOVE
1770791385.606616,MOUSE,3,-13,MOVE
1770791385.623282,MOUSE,4,-13,MOVE
1770791385.639949,MOUSE,4,-12,MOVE
1770791385.656615,MOUSE,4,-12,MOVE
1770791385.673282,MOUSE,5,-11,MOVE
1770791385.689949,MOUSE,5,-10,MOVE
1770791385.706615,MOUSE,5,-10,MOVE
1770791385.723282,MOUSE,6,-9,MOVE
1770791385.739949,MOUSE,5,-8,MOVE
1770791385.756615,MOUSE,6,-7,MOVE
1770791385.773282,MOUSE,7,-7,MOVE
1770791385.789949,MOUSE,6,-5,MOVE
1770791385.806615,MOUSE,7,-5,MOVE
1770791385.823282,MOUSE,7,-3,MOVE
1770791385.839949,MOUSE,8,-2,MOVE
1770791385.856615,MOUSE,7,-2,MOVE
1770791385.873282,MOUSE,8,0,MOVE
1770791385.889949,MOUSE,8,2,MOVE
1770791385.906615,MOUSE,9,2,MOVE
1770791385.923282,MOUSE,9,4,MOVE
1770791385.939949,MOUSE,9,6,MOVE
1770791385.956615,MOUSE,0,0,LEFT_DOWN
1770791385.977511,MOUSE,0,0,LEFT_UP
1770791386.065427,MOUSE,-6,-1,MOVE
1770791386.082093,MOUSE,-5,-1,MOVE
1770791386.098760,MOUSE,-5,0,MOVE
1770791386.115427,MOUSE,-4,1,MOVE
1770791386.132093,MOUSE,-4,0,MOVE
1770791386.148760,MOUSE,-4,1,MOVE
1770791386.165427,MOUSE,-3,1,MOVE
1770791386.182093,MOUSE,-2,1,MOVE
1770791386.198760,MOUSE,-2,2,MOVE
1770791386.215427,MOUSE,-2,1,MOVE
1770791386.232093,MOUSE,-1,2,MOVE
1770791386.248760,MOUSE,-1,3,MOVE
1770791386.265427,MOUSE,-1,2,MOVE
1770791386.282093,MOUSE,-1,3,MOVE
1770791386.298760,MOUSE,0,2,MOVE
1770791386.315427,MOUSE,1,3,MOVE
1770791386.332093,MOUSE,0,3,MOVE
1770791386.348760,MOUSE,1,4,MOVE
1770791386.365427,MOUSE,1,3,MOVE
1770791386.382093,MOUSE,1,4,MOVE
1770791386.398760,MOUSE,1,4,MOVE
1770791386.415426,MOUSE,2,4,MOVE
1770791386.432093,MOUSE,2,4,MOVE
1770791386.448760,MOUSE,1,4,MOVE
1770791386.465426,MOUSE,3,4,MOVE
1770791386.482093,MOUSE,2,4,MOVE
1770791386.498760,MOUSE,2,5,MOVE
1770791386.515426,MOUSE,2,4,MOVE
1770791386.532093,MOUSE,3,5,MOVE
1770791386.548760,MOUSE,3,5,MOVE
1770791386.565426,MOUSE,2,4,MOVE
1770791386.582093,MOUSE,3,5,MOVE
1770791386.598760,MOUSE,3,5,MOVE
1770791386.615426,MOUSE,2,5,MOVE
1770791386.632093,MOUSE,3,5,MOVE
1770791386.648760,MOUSE,3,5,MOVE
1770791386.665426,MOUSE,2,5,MOVE
1770791386.682093,MOUSE,3,4,MOVE
1770791386.698760,MOUSE,2,5,MOVE
1770791386.715426,MOUSE,3,5,MOVE
1770791386.732093,MOUSE,2,5,MOVE
1770791386.748760,MOUSE,2,5,MOVE
1770791386.765426,MOUSE,2,5,MOVE
1770791386.782093,MOUSE,2,4,MOVE
1770791386.798759,MOUSE,2,5,MOVE
1770791386.815426,MOUSE,2,5,MOVE
1770791386.832093,MOUSE,1,4,MOVE
1770791386.848759,MOUSE,1,5,MOVE
1770791386.865426,MOUSE,1,4,MOVE
1770791386.882093,MOUSE,1,4,MOVE
1770791386.898759,MOUSE,0,4,MOVE
1770791386.915426,MOUSE,0,4,MOVE
1770791386.932093,MOUSE,0,4,MOVE
1770791386.948759,MOUSE,0,4,MOVE
1770791386.965426,MOUSE,-1,4,MOVE
1770791386.982093,MOUSE,-1,3,MOVE
1770791386.998759,MOUSE,-1,3,MOVE
1770791387.015426,MOUSE,-2,4,MOVE
1770791387.032093,MOUSE,-2,3,MOVE
1770791387.048759,MOUSE,-2,2,MOVE
1770791387.065426,MOUSE,-3,3,MOVE
1770791387.082093,MOUSE,-4,2,MOVE
1770791387.098759,MOUSE,-3,3,MOVE
1770791387.115426,MOUSE,0,0,LEFT_DOWN
1770791387.153053,MOUSE,0,0,LEFT_UP
1770791387.239802,MOUSE,3,-2,MOVE
1770791387.256469,MOUSE,5,-1,MOVE
1770791387.273135,MOUSE,6,-2,MOVE
1770791387.289802,MOUSE,7,0,MOVE
1770791387.306468,MOUSE,8,-1,MOVE
1770791387.323135,MOUSE,9,-1,MOVE
1770791387.339802,MOUSE,10,0,MOVE
1770791387.356468,MOUSE,10,0,MOVE
1770791387.373135,MOUSE,12,0,MOVE
1770791387.389802,MOUSE,12,0,MOVE
1770791387.406468,MOUSE,13,1,MOVE
1770791387.423135,MOUSE,13,0,MOVE
1770791387.439802,MOUSE,14,1,MOVE
1770791387.456468,MOUSE,15,0,MOVE
1770791387.473135,MOUSE,15,1,MOVE
1770791387.489802,MOUSE,15,0,MOVE
1770791387.506468,MOUSE,16,1,MOVE
1770791387.523135,MOUSE,16,1,MOVE
1770791387.539802,MOUSE,16,0,MOVE
1770791387.556468,MOUSE,16,1,MOVE
1770791387.573135,MOUSE,16,0,MOVE
1770791387.589802,MOUSE,17,1,MOVE
1770791387.606468,MOUSE,16,0,MOVE
1770791387.623135,MOUSE,16,1,MOVE
1770791387.639802,MOUSE,16,0,MOVE
1770791387.656468,MOUSE,16,0,MOVE
1770791387.673135,MOUSE,15,0,MOVE
1770791387.689801,MOUSE,15,-1,MOVE
1770791387.706468,MOUSE,15,0,MOVE
1770791387.723135,MOUSE,14,-1,MOVE
1770791387.739801,MOUSE,14,-1,MOVE
1770791387.756468,MOUSE,13,-1,MOVE
1770791387.773135,MOUSE,12,-1,MOVE
1770791387.789801,MOUSE,12,-2,MOVE
1770791387.806468,MOUSE,11,-2,MOVE
1770791387.823135,MOUSE,10,-2,MOVE
1770791387.839801,MOUSE,10,-3,MOVE
1770791387.856468,MOUSE,8,-2,MOVE
1770791387.873135,MOUSE,8,-4,MOVE
1770791387.889801,MOUSE,6,-3,MOVE
1770791387.906468,MOUSE,5,-4,MOVE
1770791387.923135,MOUSE,4,-5,MOVE
1770791387.939801,MOUSE,3,-5,MOVE
1770791387.956468,MOUSE,2,-5,MOVE
1770791387.973135,MOUSE,0,-5,MOVE
1770791387.989801,MOUSE,-2,-7,MOVE
1770791388.006468,MOUSE,-2,-6,MOVE
1770791388.023134,MOUSE,-4,-7,MOVE
1770791388.039801,MOUSE,0,0,LEFT_DOWN
1770791388.070683,MOUSE,0,0,LEFT_UP
1770791388.199275,MOUSE,3,0,MOVE
1770791388.215942,MOUSE,2,0,MOVE
1770791388.232609,MOUSE,3,0,MOVE
1770791388.249275,MOUSE,2,-1,MOVE
1770791388.265942,MOUSE,1,-2,MOVE
1770791388.282609,MOUSE,1,-1,MOVE
1770791388.299275,MOUSE,1,-2,MOVE
1770791388.315942,MOUSE,0,-3,MOVE
1770791388.332608,MOUSE,0,-3,MOVE
1770791388.349275,MOUSE,0,-3,MOVE
1770791388.365942,MOUSE,-1,-3,MOVE
1770791388.382608,MOUSE,-1,-4,MOVE
1770791388.399275,MOUSE,-1,-3,MOVE
1770791388.415942,MOUSE,-1,-5,MOVE
1770791388.432608,MOUSE,-2,-4,MOVE
1770791388.449275,MOUSE,-2,-4,MOVE
1770791388.465942,MOUSE,-2,-5,MOVE
1770791388.482608,MOUSE,-2,-5,MOVE
1770791388.499275,MOUSE,-3,-5,MOVE
1770791388.515942,MOUSE,-3,-5,MOVE
1770791388.532608,MOUSE,-2,-5,MOVE
1770791388.549275,MOUSE,-3,-5,MOVE
1770791388.565942,MOUSE,-4,-5,MOVE
1770791388.582608,MOUSE,-3,-5,MOVE
1770791388.599275,MOUSE,-3,-6,MOVE
1770791388.615942,MOUSE,-3,-5,MOVE
1770791388.632608,MOUSE,-4,-5,MOVE
1770791388.649275,MOUSE,-3,-5,MOVE
1770791388.665941,MOUSE,-4,-5,MOVE
1770791388.682608,MOUSE,-3,-5,MOVE
1770791388.699275,MOUSE,-4,-5,MOVE
1770791388.715941,MOUSE,-3,-5,MOVE
1770791388.732608,MOUSE,-4,-4,MOVE
1770791388.749275,MOUSE,-3,-5,MOVE
1770791388.765941,MOUSE,-4,-4,MOVE
1770791388.782608,MOUSE,-3,-4,MOVE
1770791388.799275,MOUSE,-3,-3,MOVE
1770791388.815941,MOUSE,-3,-4,MOVE
1770791388.832608,MOUSE,-3,-3,MOVE
1770791388.849275,MOUSE,-3,-3,MOVE
1770791388.865941,MOUSE,-2,-2,MOVE
1770791388.882608,MOUSE,-3,-3,MOVE
1770791388.899275,MOUSE,-2,-1,MOVE
1770791388.915941,MOUSE,-2,-2,MOVE
1770791388.932608,MOUSE,-2,-1,MOVE
1770791388.949275,MOUSE,-1,0,MOVE
1770791388.965941,MOUSE,0,0,LEFT_DOWN
1770791389.000036,MOUSE,0,0,LEFT_UP
1770791389.086289,MOUSE,3,-3,MOVE
1770791389.102956,MOUSE,3,-1,MOVE
1770791389.119623,MOUSE,3,-2,MOVE
1770791389.136289,MOUSE,3,0,MOVE
1770791389.152956,MOUSE,3,-1,MOVE
1770791389.169623,MOUSE,3,0,MOVE
1770791389.186289,MOUSE,2,1,MOVE
1770791389.202956,MOUSE,3,0,MOVE
1770791389.219623,MOUSE,2,1,MOVE
1770791389.236289,MOUSE,3,2,MOVE
1770791389.252956,MOUSE,2,2,MOVE
1770791389.269623,MOUSE,2,2,MOVE
1770791389.286289,MOUSE,2,2,MOVE
1770791389.302956,MOUSE,2,3,MOVE
1770791389.319623,MOUSE,3,2,MOVE
1770791389.336289,MOUSE,2,3,MOVE
1770791389.352956,MOUSE,2,3,MOVE
1770791389.369622,MOUSE,2,4,MOVE
1770791389.386289,MOUSE,2,3,MOVE
1770791389.402956,MOUSE,2,4,MOVE
1770791389.419622,MOUSE,2,3,MOVE
1770791389.436289,MOUSE,2,4,MOVE
1770791389.452956,MOUSE,2,4,MOVE
1770791389.469622,MOUSE,2,4,MOVE
1770791389.486289,MOUSE,2,4,MOVE
1770791389.502956,MOUSE,2,4,MOVE
1770791389.519622,MOUSE,2,4,MOVE
1770791389.536289,MOUSE,3,3,MOVE
1770791389.552956,MOUSE,2,4,MOVE
1770791389.569622,MOUSE,2,4,MOVE
1770791389.586289,MOUSE,3,3,MOVE
1770791389.602956,MOUSE,2,4,MOVE
1770791389.619622,MOUSE,3,3,MOVE
1770791389.636289,MOUSE,3,3,MOVE
1770791389.652956,MOUSE,3,3,MOVE
1770791389.669622,MOUSE,3,3,MOVE
1770791389.686289,MOUSE,3,3,MOVE
1770791389.702955,MOUSE,3,2,MOVE
1770791389.719622,MOUSE,3,2,MOVE
1770791389.736289,MOUSE,4,2,MOVE
1770791389.752955,MOUSE,4,1,MOVE
1770791389.769622,MOUSE,4,2,MOVE
1770791389.786289,MOUSE,4,0,MOVE
1770791389.802955,MOUSE,4,1,MOVE
1770791389.819622,MOUSE,4,0,MOVE
1770791389.836289,MOUSE,5,0,MOVE
1770791389.852955,MOUSE,5,-1,MOVE
1770791389.869622,MOUSE,5,-1,MOVE
1770791389.886289,MOUSE,5,-2,MOVE
1770791389.902955,MOUSE,5,-2,MOVE
1770791389.919622,MOUSE,6,-3,MOVE
1770791389.936289,MOUSE,6,-3,MOVE
1770791389.952955,MOUSE,6,-4,MOVE
1770791389.969622,MOUSE,7,-4,MOVE
1770791389.986289,MOUSE,6,-5,MOVE
1770791390.002955,MOUSE,7,-5,MOVE
1770791390.019622,MOUSE,8,-6,MOVE
1770791390.036288,MOUSE,0,0,LEFT_DOWN
1770791390.057598,MOUSE,0,0,LEFT_UP
1770791390.180679,MOUSE,1,-6,MOVE
1770791390.197345,MOUSE,-1,-4,MOVE
1770791390.214012,MOUSE,-3,-2,MOVE
1770791390.230679,MOUSE,-6,-2,MOVE
1770791390.247345,MOUSE,-9,-1,MOVE
1770791390.264012,MOUSE,-10,1,MOVE
1770791390.280679,MOUSE,-13,1,MOVE
1770791390.297345,MOUSE,-15,3,MOVE
1770791390.314012,MOUSE,-17,3,MOVE
1770791390.330679,MOUSE,-19,4,MOVE
1770791390.347345,MOUSE,-20,6,MOVE
1770791390.364012,MOUSE,-22,5,MOVE
1770791390.380679,MOUSE,-24,7,MOVE
1770791390.397345,MOUSE,-26,7,MOVE
1770791390.414012,MOUSE,-27,8,MOVE
1770791390.430679,MOUSE,-28,9,MOVE
1770791390.447345,MOUSE,-29,9,MOVE
1770791390.464012,MOUSE,-31,10,MOVE
1770791390.480679,MOUSE,-32,10,MOVE
1770791390.497345,MOUSE,-33,11,MOVE
1770791390.514012,MOUSE,-33,11,MOVE
1770791390.530679,MOUSE,-34,11,MOVE
1770791390.547345,MOUSE,-35,12,MOVE
1770791390.564012,MOUSE,-36,12,MOVE
1770791390.580678,MOUSE,-36,12,MOVE
1770791390.597345,MOUSE,-37,12,MOVE
1770791390.614012,MOUSE,-37,13,MOVE
1770791390.630678,MOUSE,-37,13,MOVE
1770791390.647345,MOUSE,-37,12,MOVE
1770791390.664012,MOUSE,-37,13,MOVE
1770791390.680678,MOUSE,-37,13,MOVE
1770791390.697345,MOUSE,-37,13,MOVE
1770791390.714012,MOUSE,-37,12,MOVE
1770791390.730678,MOUSE,-36,13,MOVE
1770791390.747345,MOUSE,-36,12,MOVE
1770791390.764012,MOUSE,-36,12,MOVE
1770791390.780678,MOUSE,-35,12,MOVE
1770791390.797345,MOUSE,-34,11,MOVE
1770791390.814012,MOUSE,-33,11,MOVE
1770791390.830678,MOUSE,-33,11,MOVE
1770791390.847345,MOUSE,-31,10,MOVE
1770791390.864012,MOUSE,-31,10,MOVE
1770791390.880678,MOUSE,-29,9,MOVE
1770791390.897345,MOUSE,-28,8,MOVE
1770791390.914011,MOUSE,-27,8,MOVE
1770791390.930678,MOUSE,-25,8,MOVE
1770791390.947345,MOUSE,-23,6,MOVE
1770791390.964011,MOUSE,-22,6,MOVE
1770791390.980678,MOUSE,-20,5,MOVE
1770791390.997345,MOUSE,-19,5,MOVE
1770791391.014011,MOUSE,-16,3,MOVE
1770791391.030678,MOUSE,-15,2,MOVE
1770791391.047345,MOUSE,-12,2,MOVE
1770791391.064011,MOUSE,-10,0,MOVE
1770791391.080678,MOUSE,-8,0,MOVE
1770791391.097345,MOUSE,-5,-2,MOVE
1770791391.114011,MOUSE,-3,-2,MOVE
1770791391.130678,MOUSE,-1,-4,MOVE
1770791391.147345,MOUSE,3,-5,MOVE
1770791391.164011,MOUSE,0,0,LEFT_DOWN
1770791391.205049,MOUSE,0,0,LEFT_UP
1770791391.301866,MOUSE,-2,5,MOVE
1770791391.318532,MOUSE,1,5,MOVE
1770791391.335199,MOUSE,2,4,MOVE
1770791391.351866,MOUSE,5,5,MOVE
1770791391.368532,MOUSE,7,5,MOVE
1770791391.385199,MOUSE,9,4,MOVE
1770791391.401866,MOUSE,10,4,MOVE
1770791391.418532,MOUSE,12,4,MOVE
1770791391.435199,MOUSE,14,3,MOVE
1770791391.451866,MOUSE,15,4,MOVE
1770791391.468532,MOUSE,17,4,MOVE
1770791391.485199,MOUSE,19,3,MOVE
1770791391.501866,MOUSE,20,3,MOVE
1770791391.518532,MOUSE,21,3,MOVE
1770791391.535199,MOUSE,22,3,MOVE
1770791391.551866,MOUSE,23,3,MOVE
1770791391.568532,MOUSE,25,3,MOVE
1770791391.585199,MOUSE,25,2,MOVE
1770791391.601866,MOUSE,27,3,MOVE
1770791391.618532,MOUSE,27,2,MOVE
1770791391.635199,MOUSE,28,2,MOVE
1770791391.651865,MOUSE,29,3,MOVE
1770791391.668532,MOUSE,29,2,MOVE
1770791391.685199,MOUSE,30,2,MOVE
1770791391.701865,MOUSE,30,2,MOVE
1770791391.718532,MOUSE,31,2,MOVE
1770791391.735199,MOUSE,31,2,MOVE
1770791391.751865,MOUSE,32,2,MOVE
1770791391.768532,MOUSE,32,2,MOVE
1770791391.785199,MOUSE,31,1,MOVE
1770791391.801865,MOUSE,32,2,MOVE
1770791391.818532,MOUSE,32,2,MOVE
1770791391.835199,MOUSE,32,2,MOVE
1770791391.851865,MOUSE,31,1,MOVE
1770791391.868532,MOUSE,32,2,MOVE
1770791391.885199,MOUSE,31,2,MOVE
1770791391.901865,MOUSE,30,2,MOVE
1770791391.918532,MOUSE,30,2,MOVE
1770791391.935199,MOUSE,30,1,MOVE
1770791391.951865,MOUSE,29,2,MOVE
1770791391.968532,MOUSE,28,2,MOVE
1770791391.985198,MOUSE,28,2,MOVE
1770791392.001865,MOUSE,27,2,MOVE
1770791392.018532,MOUSE,26,2,MOVE
1770791392.035198,MOUSE,24,2,MOVE
1770791392.051865,MOUSE,24,2,MOVE
1770791392.068532,MOUSE,23,2,MOVE
1770791392.085198,MOUSE,22,3,MOVE
1770791392.101865,MOUSE,20,2,MOVE
1770791392.118532,MOUSE,19,3,MOVE
1770791392.135198,MOUSE,17,2,MOVE
1770791392.151865,MOUSE,16,3,MOVE
1770791392.168532,MOUSE,15,3,MOVE
1770791392.185198,MOUSE,13,2,MOVE
1770791392.201865,MOUSE,11,3,MOVE
1770791392.218532,MOUSE,9,4,MOVE
1770791392.235198,MOUSE,8,3,MOVE
1770791392.251865,MOUSE,5,3,MOVE
1770791392.268532,MOUSE,4,4,MOVE
1770791392.285198,MOUSE,2,4,MOVE
1770791392.301865,MOUSE,0,0,LEFT_DOWN
1770791392.322672,MOUSE,0,0,LEFT_UP
1770791392.441535,MOUSE,0,2,MOVE
1770791392.458202,MOUSE,-1,1,MOVE
1770791392.491535,MOUSE,-1,-1,MOVE
1770791392.508202,MOUSE,-1,-2,MOVE
1770791392.524869,MOUSE,-2,-3,MOVE
1770791392.541535,MOUSE,-1,-5,MOVE
1770791392.558202,MOUSE,-2,-5,MOVE
1770791392.574869,MOUSE,-2,-6,MOVE
1770791392.591535,MOUSE,-3,-7,MOVE
1770791392.608202,MOUSE,-2,-7,MOVE
1770791392.624869,MOUSE,-3,-9,MOVE
1770791392.641535,MOUSE,-3,-9,MOVE
1770791392.658202,MOUSE,-4,-10,MOVE
1770791392.674869,MOUSE,-3,-11,MOVE
1770791392.691535,MOUSE,-4,-11,MOVE
1770791392.708202,MOUSE,-4,-12,MOVE
1770791392.724869,MOUSE,-4,-13,MOVE
1770791392.741535,MOUSE,-4,-13,MOVE
1770791392.758202,MOUSE,-4,-14,MOVE
1770791392.774868,MOUSE,-5,-14,MOVE
1770791392.791535,MOUSE,-4,-14,MOVE
1770791392.808202,MOUSE,-5,-15,MOVE
1770791392.824868,MOUSE,-5,-15,MOVE
1770791392.841535,MOUSE,-5,-15,MOVE
1770791392.858202,MOUSE,-5,-16,MOVE
1770791392.874868,MOUSE,-5,-16,MOVE
1770791392.891535,MOUSE,-5,-16,MOVE
1770791392.908202,MOUSE,-6,-16,MOVE
1770791392.924868,MOUSE,-5,-17,MOVE
1770791392.941535,MOUSE,-6,-16,MOVE
1770791392.958202,MOUSE,-5,-16,MOVE
1770791392.974868,MOUSE,-6,-17,MOVE
1770791392.991535,MOUSE,-6,-16,MOVE
1770791393.008202,MOUSE,-5,-16,MOVE
1770791393.024868,MOUSE,-6,-16,MOVE
1770791393.041535,MOUSE,-6,-16,MOVE
1770791393.058202,MOUSE,-5,-16,MOVE
1770791393.074868,MOUSE,-6,-16,MOVE
1770791393.091535,MOUSE,-6,-15,MOVE
1770791393.108202,MOUSE,-6,-15,MOVE
1770791393.124868,MOUSE,-5,-14,MOVE
1770791393.141535,MOUSE,-6,-14,MOVE
1770791393.158201,MOUSE,-6,-14,MOVE
1770791393.174868,MOUSE,-5,-13,MOVE
1770791393.191535,MOUSE,-6,-13,MOVE
1770791393.208201,MOUSE,-5,-12,MOVE
1770791393.224868,MOUSE,-6,-12,MOVE
1770791393.241535,MOUSE,-5,-11,MOVE
1770791393.258201,MOUSE,-5,-10,MOVE
1770791393.274868,MOUSE,-5,-9,MOVE
1770791393.291535,MOUSE,-5,-9,MOVE
1770791393.308201,MOUSE,-5,-8,MOVE
1770791393.324868,MOUSE,-5,-7,MOVE
1770791393.341535,MOUSE,-5,-7,MOVE
1770791393.358201,MOUSE,-4,-5,MOVE
1770791393.374868,MOUSE,-4,-4,MOVE
1770791393.391535,MOUSE,0,0,LEFT_DOWN
1770791393.429926,MOUSE,0,0,LEFT_UP
1770791393.486903,MOUSE,1,1,MOVE
1770791393.503569,MOUSE,1,2,MOVE
1770791393.520236,MOUSE,3,2,MOVE
1770791393.536903,MOUSE,2,1,MOVE
1770791393.553569,MOUSE,3,2,MOVE
1770791393.570236,MOUSE,4,2,MOVE
1770791393.586903,MOUSE,3,1,MOVE
1770791393.603569,MOUSE,4,2,MOVE
1770791393.620236,MOUSE,5,1,MOVE
1770791393.636903,MOUSE,5,2,MOVE
1770791393.653569,MOUSE,5,1,MOVE
1770791393.670236,MOUSE,5,1,MOVE
1770791393.686903,MOUSE,6,2,MOVE
1770791393.703569,MOUSE,6,1,MOVE
1770791393.720236,MOUSE,7,1,MOVE
1770791393.736902,MOUSE,6,1,MOVE
1770791393.753569,MOUSE,7,2,MOVE
1770791393.770236,MOUSE,7,1,MOVE
1770791393.786902,MOUSE,7,1,MOVE
1770791393.803569,MOUSE,7,1,MOVE
1770791393.820236,MOUSE,8,1,MOVE
1770791393.836902,MOUSE,8,1,MOVE
1770791393.853569,MOUSE,8,1,MOVE
1770791393.870236,MOUSE,8,1,MOVE
1770791393.886902,MOUSE,8,1,MOVE
1770791393.903569,MOUSE,8,1,MOVE
1770791393.920236,MOUSE,8,1,MOVE
1770791393.936902,MOUSE,9,0,MOVE
1770791393.953569,MOUSE,8,1,MOVE
1770791393.970236,MOUSE,8,1,MOVE
1770791393.986902,MOUSE,9,1,MOVE
1770791394.003569,MOUSE,8,0,MOVE
1770791394.020236,MOUSE,9,1,MOVE
1770791394.036902,MOUSE,8,0,MOVE
1770791394.053569,MOUSE,9,1,MOVE
1770791394.070235,MOUSE,8,0,MOVE
1770791394.086902,MOUSE,8,1,MOVE
1770791394.103569,MOUSE,9,0,MOVE
1770791394.120235,MOUSE,8,1,MOVE
1770791394.136902,MOUSE,8,0,MOVE
1770791394.153569,MOUSE,8,1,MOVE
1770791394.170235,MOUSE,7,0,MOVE
1770791394.186902,MOUSE,8,0,MOVE
1770791394.203569,MOUSE,7,0,MOVE
1770791394.220235,MOUSE,8,0,MOVE
1770791394.236902,MOUSE,7,1,MOVE
1770791394.253569,MOUSE,6,0,MOVE
1770791394.270235,MOUSE,7,0,MOVE
1770791394.286902,MOUSE,6,0,MOVE
1770791394.303569,MOUSE,6,0,MOVE
1770791394.320235,MOUSE,6,0,MOVE
1770791394.336902,MOUSE,6,0,MOVE
1770791394.353569,MOUSE,5,0,MOVE
1770791394.370235,MOUSE,5,0,MOVE
1770791394.386902,MOUSE,4,-1,MOVE
1770791394.403569,MOUSE,4,0,MOVE
1770791394.420235,MOUSE,4,0,MOVE
1770791394.436902,MOUSE,3,0,MOVE
1770791394.453568,MOUSE,3,0,MOVE
1770791394.470235,MOUSE,3,-1,MOVE
1770791394.486902,MOUSE,2,0,MOVE
1770791394.503568,MOUSE,2,-1,MOVE
1770791394.520235,MOUSE,1,0,MOVE
1770791394.536902,MOUSE,1,0,MOVE
1770791394.553568,MOUSE,0,-1,MOVE
1770791394.570235,MOUSE,0,-1,MOVE
1770791394.586902,MOUSE,-1,0,MOVE
1770791394.603568,MOUSE,-1,-1,MOVE
1770791394.620235,MOUSE,-2,0,MOVE
1770791394.636902,MOUSE,-2,-1,MOVE
1770791394.653568,MOUSE,-3,-1,MOVE
1770791394.670235,MOUSE,-3,0,MOVE
1770791394.686902,MOUSE,0,0,LEFT_DOWN
1770791394.715919,MOUSE,0,0,LEFT_UP
1770791394.829532,MOUSE,3,-1,MOVE
1770791394.862865,MOUSE,-3,-1,MOVE
1770791394.879532,MOUSE,-6,-1,MOVE
1770791394.896198,MOUSE,-8,-1,MOVE
1770791394.912865,MOUSE,-12,-1,MOVE
1770791394.929532,MOUSE,-13,-2,MOVE
1770791394.946198,MOUSE,-17,-1,MOVE
1770791394.962865,MOUSE,-18,-2,MOVE
1770791394.979532,MOUSE,-21,-2,MOVE
1770791394.996198,MOUSE,-23,-1,MOVE
1770791395.012865,MOUSE,-25,-2,MOVE
1770791395.029531,MOUSE,-27,-2,MOVE
1770791395.046198,MOUSE,-28,-2,MOVE
1770791395.062865,MOUSE,-30,-2,MOVE
1770791395.079531,MOUSE,-31,-2,MOVE
1770791395.096198,MOUSE,-33,-3,MOVE
1770791395.112865,MOUSE,-34,-2,MOVE
1770791395.129531,MOUSE,-35,-2,MOVE
1770791395.146198,MOUSE,-36,-2,MOVE
1770791395.162865,MOUSE,-37,-2,MOVE
1770791395.179531,MOUSE,-37,-1,MOVE
1770791395.196198,MOUSE,-39,-2,MOVE
1770791395.212865,MOUSE,-38,-2,MOVE
1770791395.229531,MOUSE,-39,-2,MOVE
1770791395.246198,MOUSE,-40,-1,MOVE
1770791395.262865,MOUSE,-39,-1,MOVE
1770791395.279531,MOUSE,-39,-1,MOVE
1770791395.296198,MOUSE,-40,-1,MOVE
1770791395.312865,MOUSE,-38,-1,MOVE
1770791395.329531,MOUSE,-39,-1,MOVE
1770791395.346198,MOUSE,-38,0,MOVE
1770791395.362864,MOUSE,-38,-1,MOVE
1770791395.379531,MOUSE,-36,0,MOVE
1770791395.396198,MOUSE,-36,1,MOVE
1770791395.412864,MOUSE,-35,0,MOVE
1770791395.429531,MOUSE,-34,1,MOVE
1770791395.446198,MOUSE,-32,1,MOVE
1770791395.462864,MOUSE,-31,2,MOVE
1770791395.479531,MOUSE,-30,1,MOVE
1770791395.496198,MOUSE,-28,2,MOVE
1770791395.512864,MOUSE,-27,3,MOVE
1770791395.529531,MOUSE,-24,3,MOVE
1770791395.546198,MOUSE,-23,3,MOVE
1770791395.562864,MOUSE,-20,3,MOVE
1770791395.579531,MOUSE,-18,4,MOVE
1770791395.596198,MOUSE,-16,5,MOVE
1770791395.612864,MOUSE,-14,5,MOVE
1770791395.629531,MOUSE,-10,5,MOVE
1770791395.646198,MOUSE,-8,6,MOVE
1770791395.662864,MOUSE,-6,6,MOVE
1770791395.679531,MOUSE,-2,7,MOVE
1770791395.696198,MOUSE,1,7,MOVE
1770791395.712864,MOUSE,4,8,MOVE
1770791395.729531,MOUSE,0,0,LEFT_DOWN
1770791395.773906,MOUSE,0,0,LEFT_UP
1770791395.807362,MOUSE,7,10,MOVE
1770791395.824029,MOUSE,7,11,MOVE
1770791395.840696,MOUSE,8,12,MOVE
1770791395.857362,MOUSE,8,14,MOVE
1770791395.874029,MOUSE,8,14,MOVE
1770791395.890696,MOUSE,8,15,MOVE
1770791395.907362,MOUSE,8,15,MOVE
1770791395.924029,MOUSE,8,17,MOVE
1770791395.940696,MOUSE,8,17,MOVE
1770791395.957362,MOUSE,8,17,MOVE
1770791395.974029,MOUSE,9,18,MOVE
1770791395.990695,MOUSE,8,18,MOVE
1770791396.007362,MOUSE,8,18,MOVE
1770791396.024029,MOUSE,8,18,MOVE
1770791396.040695,MOUSE,7,19,MOVE
1770791396.057362,MOUSE,8,18,MOVE
1770791396.074029,MOUSE,7,18,MOVE
1770791396.090695,MOUSE,8,19,MOVE
1770791396.107362,MOUSE,7,18,MOVE
1770791396.124029,MOUSE,7,17,MOVE
1770791396.140695,MOUSE,6,17,MOVE
1770791396.157362,MOUSE,6,17,MOVE
1770791396.174029,MOUSE,6,17,MOVE
1770791396.190695,MOUSE,6,15,MOVE
1770791396.207362,MOUSE,5,15,MOVE
1770791396.224029,MOUSE,5,14,MOVE
1770791396.240695,MOUSE,5,13,MOVE
1770791396.257362,MOUSE,4,13,MOVE
1770791396.274029,MOUSE,3,11,MOVE
1770791396.290695,MOUSE,4,10,MOVE
1770791396.307362,MOUSE,2,9,MOVE
1770791396.324028,MOUSE,2,8,MOVE
1770791396.340695,MOUSE,2,6,MOVE
1770791396.357362,MOUSE,1,5,MOVE
1770791396.374028,MOUSE,1,3,MOVE
1770791396.390695,MOUSE,-1,2,MOVE
1770791396.407362,MOUSE,0,1,MOVE
1770791396.424028,MOUSE,-2,-2,MOVE
1770791396.440695,MOUSE,-2,-3,MOVE
1770791396.457362,MOUSE,-2,-5,MOVE
1770791396.474028,MOUSE,0,0,LEFT_DOWN
1770791396.512913,MOUSE,0,0,LEFT_UP
1770791396.621858,MOUSE,2,3,MOVE
1770791396.638525,MOUSE,3,3,MOVE
1770791396.655191,MOUSE,2,2,MOVE
1770791396.671858,MOUSE,3,2,MOVE
1770791396.688525,MOUSE,2,2,MOVE
1770791396.705191,MOUSE,3,0,MOVE
1770791396.721858,MOUSE,2,1,MOVE
1770791396.738525,MOUSE,2,0,MOVE
1770791396.755191,MOUSE,2,0,MOVE
1770791396.771858,MOUSE,2,-1,MOVE
1770791396.788525,MOUSE,2,-1,MOVE
1770791396.805191,MOUSE,2,-2,MOVE
1770791396.821858,MOUSE,1,-2,MOVE
1770791396.838525,MOUSE,2,-2,MOVE
1770791396.855191,MOUSE,2,-3,MOVE
1770791396.871858,MOUSE,1,-3,MOVE
1770791396.888525,MOUSE,2,-3,MOVE
1770791396.905191,MOUSE,1,-3,MOVE
1770791396.921858,MOUSE,1,-4,MOVE
1770791396.938524,MOUSE,1,-4,MOVE
1770791396.955191,MOUSE,1,-5,MOVE
1770791396.971858,MOUSE,1,-4,MOVE
1770791396.988524,MOUSE,1,-5,MOVE
1770791397.005191,MOUSE,1,-5,MOVE
1770791397.021858,MOUSE,1,-6,MOVE
1770791397.038524,MOUSE,1,-5,MOVE
1770791397.055191,MOUSE,1,-6,MOVE
1770791397.071858,MOUSE,0,-6,MOVE
1770791397.088524,MOUSE,1,-6,MOVE
1770791397.105191,MOUSE,0,-6,MOVE
1770791397.121858,MOUSE,1,-6,MOVE
1770791397.138524,MOUSE,0,-6,MOVE
1770791397.155191,MOUSE,1,-7,MOVE
1770791397.171858,MOUSE,0,-6,MOVE
1770791397.188524,MOUSE,0,-7,MOVE
1770791397.205191,MOUSE,0,-6,MOVE
1770791397.221858,MOUSE,0,-7,MOVE
1770791397.238524,MOUSE,0,-7,MOVE
1770791397.255191,MOUSE,0,-7,MOVE
1770791397.271858,MOUSE,0,-6,MOVE
1770791397.288524,MOUSE,0,-7,MOVE
1770791397.305191,MOUSE,0,-7,MOVE
1770791397.321857,MOUSE,0,-6,MOVE
1770791397.338524,MOUSE,-1,-7,MOVE
1770791397.355191,MOUSE,0,-6,MOVE
1770791397.371857,MOUSE,-1,-7,MOVE
1770791397.388524,MOUSE,0,-6,MOVE
1770791397.405191,MOUSE,0,-6,MOVE
1770791397.421857,MOUSE,-1,-6,MOVE
1770791397.438524,MOUSE,-1,-6,MOVE
1770791397.455191,MOUSE,0,-6,MOVE
1770791397.471857,MOUSE,-1,-6,MOVE
1770791397.488524,MOUSE,-1,-5,MOVE
1770791397.505191,MOUSE,-1,-6,MOVE
1770791397.521857,MOUSE,0,-5,MOVE
1770791397.538524,MOUSE,-1,-4,MOVE
1770791397.555191,MOUSE,-1,-5,MOVE
1770791397.571857,MOUSE,-1,-4,MOVE
1770791397.588524,MOUSE,-1,-4,MOVE
1770791397.605191,MOUSE,-1,-4,MOVE
1770791397.621857,MOUSE,-1,-4,MOVE
1770791397.638524,MOUSE,-1,-3,MOVE
1770791397.655190,MOUSE,-1,-3,MOVE
1770791397.671857,MOUSE,-2,-3,MOVE
1770791397.688524,MOUSE,-1,-2,MOVE
1770791397.705190,MOUSE,-1,-2,MOVE
1770791397.721857,MOUSE,-1,-1,MOVE
1770791397.738524,MOUSE,-2,-1,MOVE
1770791397.755190,MOUSE,-1,-1,MOVE
1770791397.771857,MOUSE,-1,0,MOVE
1770791397.788524,MOUSE,-2,0,MOVE
1770791397.805190,MOUSE,-1,0,MOVE
1770791397.821857,MOUSE,-2,1,MOVE
1770791397.838524,MOUSE,-1,2,MOVE
1770791397.855190,MOUSE,-2,2,MOVE
1770791397.871857,MOUSE,-1,2,MOVE
1770791397.888524,MOUSE,-2,3,MOVE
1770791397.905190,MOUSE,-1,4,MOVE
1770791397.921857,MOUSE,0,0,LEFT_DOWN
1770791397.969347,MOUSE,0,0,LEFT_UP
1770791398.070189,MOUSE,1,-5,MOVE
1770791398.086856,MOUSE,1,-4,MOVE
1770791398.103522,MOUSE,2,-4,MOVE
1770791398.120189,MOUSE,1,-3,MOVE
1770791398.136856,MOUSE,2,-4,MOVE
1770791398.153522,MOUSE,1,-4,MOVE
1770791398.170189,MOUSE,2,-3,MOVE
1770791398.186856,MOUSE,1,-3,MOVE
1770791398.203522,MOUSE,2,-3,MOVE
1770791398.220189,MOUSE,2,-3,MOVE
1770791398.236856,MOUSE,1,-3,MOVE
1770791398.253522,MOUSE,2,-2,MOVE
1770791398.270189,MOUSE,2,-3,MOVE
1770791398.286855,MOUSE,2,-2,MOVE
1770791398.303522,MOUSE,1,-3,MOVE
1770791398.320189,MOUSE,2,-2,MOVE
1770791398.336855,MOUSE,2,-2,MOVE
1770791398.353522,MOUSE,1,-1,MOVE
1770791398.370189,MOUSE,2,-2,MOVE
1770791398.386855,MOUSE,2,-2,MOVE
1770791398.403522,MOUSE,2,-1,MOVE
1770791398.420189,MOUSE,1,-1,MOVE
1770791398.436855,MOUSE,2,-1,MOVE
1770791398.453522,MOUSE,1,-1,MOVE
1770791398.470189,MOUSE,2,-1,MOVE
1770791398.486855,MOUSE,1,-1,MOVE
1770791398.503522,MOUSE,2,-1,MOVE
1770791398.520189,MOUSE,1,0,MOVE
1770791398.536855,MOUSE,2,-1,MOVE
1770791398.553522,MOUSE,1,0,MOVE
1770791398.570189,MOUSE,1,0,MOVE
1770791398.586855,MOUSE,2,0,MOVE
1770791398.603522,MOUSE,1,0,MOVE
1770791398.620188,MOUSE,1,1,MOVE
1770791398.636855,MOUSE,1,0,MOVE
1770791398.653522,MOUSE,1,1,MOVE
1770791398.670188,MOUSE,1,0,MOVE
1770791398.686855,MOUSE,0,1,MOVE
1770791398.703522,MOUSE,1,1,MOVE
1770791398.720188,MOUSE,1,1,MOVE
1770791398.736855,MOUSE,0,1,MOVE
1770791398.753522,MOUSE,1,2,MOVE
1770791398.770188,MOUSE,0,1,MOVE
1770791398.786855,MOUSE,0,2,MOVE
1770791398.803522,MOUSE,0,1,MOVE
1770791398.820188,MOUSE,0,2,MOVE
1770791398.836855,MOUSE,0,2,MOVE
1770791398.853522,MOUSE,0,2,MOVE
1770791398.870188,MOUSE,-1,2,MOVE
1770791398.886855,MOUSE,0,3,MOVE
1770791398.903522,MOUSE,-1,2,MOVE
1770791398.920188,MOUSE,-1,3,MOVE
1770791398.936855,MOUSE,-1,2,MOVE
1770791398.953521,MOUSE,-1,3,MOVE
1770791398.970188,MOUSE,-1,3,MOVE
1770791398.986855,MOUSE,-2,3,MOVE
1770791399.003521,MOUSE,-1,3,MOVE
1770791399.020188,MOUSE,-2,4,MOVE
1770791399.036855,MOUSE,-2,3,MOVE
1770791399.053521,MOUSE,-2,3,MOVE
1770791399.070188,MOUSE,-2,4,MOVE
1770791399.086855,MOUSE,-2,4,MOVE
1770791399.103521,MOUSE,-3,4,MOVE
1770791399.120188,MOUSE,-3,4,MOVE
1770791399.136855,MOUSE,-3,4,MOVE
1770791399.153521,MOUSE,-3,4,MOVE
1770791399.170188,MOUSE,-3,4,MOVE
1770791399.186855,MOUSE,-4,5,MOVE
1770791399.203521,MOUSE,-4,4,MOVE
1770791399.220188,MOUSE,-4,5,MOVE
1770791399.236855,MOUSE,-4,5,MOVE
1770791399.253521,MOUSE,-4,4,MOVE
1770791399.270188,MOUSE,-5,5,MOVE
1770791399.286855,MOUSE,-4,6,MOVE
1770791399.303521,MOUSE,0,0,LEFT_DOWN
1770791399.346020,MOUSE,0,0,LEFT_UP
1770791399.411860,MOUSE,-6,-3,MOVE
1770791399.428526,MOUSE,-6,-2,MOVE
1770791399.445193,MOUSE,-6,-3,MOVE
1770791399.461859,MOUSE,-6,-2,MOVE
1770791399.478526,MOUSE,-6,-3,MOVE
1770791399.495193,MOUSE,-6,-3,MOVE
1770791399.511859,MOUSE,-6,-3,MOVE
1770791399.528526,MOUSE,-6,-3,MOVE
1770791399.545193,MOUSE,-6,-3,MOVE
1770791399.561859,MOUSE,-6,-3,MOVE
1770791399.578526,MOUSE,-6,-3,MOVE
1770791399.595193,MOUSE,-5,-3,MOVE
1770791399.611859,MOUSE,-6,-4,MOVE
1770791399.628526,MOUSE,-6,-3,MOVE
1770791399.645193,MOUSE,-5,-4,MOVE
1770791399.661859,MOUSE,-6,-3,MOVE
1770791399.678526,MOUSE,-5,-4,MOVE
1770791399.695193,MOUSE,-6,-3,MOVE
1770791399.711859,MOUSE,-5,-4,MOVE
1770791399.728526,MOUSE,-5,-4,MOVE
1770791399.745193,MOUSE,-6,-4,MOVE
1770791399.761859,MOUSE,-5,-3,MOVE
1770791399.778526,MOUSE,-5,-4,MOVE
1770791399.795192,MOUSE,-4,-4,MOVE
1770791399.811859,MOUSE,-5,-4,MOVE
1770791399.828526,MOUSE,-5,-4,MOVE
1770791399.845192,MOUSE,-4,-4,MOVE
1770791399.861859,MOUSE,-5,-4,MOVE
1770791399.878526,MOUSE,-4,-4,MOVE
1770791399.895192,MOUSE,-4,-4,MOVE
1770791399.911859,MOUSE,-4,-4,MOVE
1770791399.928526,MOUSE,-4,-4,MOVE
1770791399.945192,MOUSE,-4,-5,MOVE
1770791399.961859,MOUSE,-4,-4,MOVE
1770791399.978526,MOUSE,-3,-4,MOVE
1770791399.995192,MOUSE,-3,-4,MOVE
1770791400.011859,MOUSE,-3,-4,MOVE
1770791400.028526,MOUSE,-3,-4,MOVE
1770791400.045192,MOUSE,-3,-4,MOVE
1770791400.061859,MOUSE,-3,-4,MOVE
1770791400.078526,MOUSE,-2,-4,MOVE
1770791400.095192,MOUSE,-2,-4,MOVE
1770791400.111859,MOUSE,-2,-5,MOVE
1770791400.128525,MOUSE,-2,-4,MOVE
1770791400.145192,MOUSE,-2,-4,MOVE
1770791400.161859,MOUSE,-1,-3,MOVE
1770791400.178525,MOUSE,-2,-4,MOVE
1770791400.195192,MOUSE,-1,-4,MOVE
1770791400.211859,MOUSE,0,-4,MOVE
1770791400.228525,MOUSE,-1,-4,MOVE
1770791400.245192,MOUSE,0,-4,MOVE
1770791400.261859,MOUSE,0,-3,MOVE
1770791400.278525,MOUSE,0,-4,MOVE
1770791400.295192,MOUSE,0,-4,MOVE
1770791400.311859,MOUSE,1,-3,MOVE
1770791400.328525,MOUSE,1,-4,MOVE
1770791400.345192,MOUSE,1,-3,MOVE
1770791400.361859,MOUSE,1,-3,MOVE
1770791400.378525,MOUSE,2,-4,MOVE
1770791400.395192,MOUSE,2,-3,MOVE
1770791400.411859,MOUSE,2,-3,MOVE
1770791400.428525,MOUSE,3,-3,MOVE
1770791400.445192,MOUSE,2,-3,MOVE
1770791400.461859,MOUSE,4,-3,MOVE
1770791400.478525,MOUSE,3,-3,MOVE
1770791400.495192,MOUSE,4,-2,MOVE
1770791400.511858,MOUSE,4,-3,MOVE
1770791400.528525,MOUSE,4,-3,MOVE
1770791400.545192,MOUSE,5,-2,MOVE
1770791400.561858,MOUSE,5,-2,MOVE
1770791400.578525,MOUSE,5,-2,MOVE
1770791400.595192,MOUSE,6,-2,MOVE
1770791400.611858,MOUSE,0,0,LEFT_DOWN
1770791400.635995,MOUSE,0,0,LEFT_UP
1770791400.732036,MOUSE,-10,7,MOVE
1770791400.748703,MOUSE,-8,6,MOVE
1770791400.765369,MOUSE,-7,5,MOVE
1770791400.782036,MOUSE,-5,4,MOVE
1770791400.798703,MOUSE,-3,3,MOVE
1770791400.815369,MOUSE,-2,1,MOVE
1770791400.848703,MOUSE,1,0,MOVE
1770791400.865369,MOUSE,2,-2,MOVE
1770791400.882036,MOUSE,3,-3,MOVE
1770791400.898703,MOUSE,5,-3,MOVE
1770791400.915369,MOUSE,5,-4,MOVE
1770791400.932036,MOUSE,6,-4,MOVE
1770791400.948703,MOUSE,7,-6,MOVE
1770791400.965369,MOUSE,8,-5,MOVE
1770791400.982036,MOUSE,8,-7,MOVE
1770791400.998703,MOUSE,9,-6,MOVE
1770791401.015369,MOUSE,9,-7,MOVE
1770791401.032036,MOUSE,10,-7,MOVE
1770791401.048702,MOUSE,10,-8,MOVE
1770791401.065369,MOUSE,10,-7,MOVE
1770791401.082036,MOUSE,10,-8,MOVE
1770791401.098702,MOUSE,11,-7,MOVE
1770791401.115369,MOUSE,10,-7,MOVE
1770791401.132036,MOUSE,11,-8,MOVE
1770791401.148702,MOUSE,10,-6,MOVE
1770791401.165369,MOUSE,10,-7,MOVE
1770791401.182036,MOUSE,10,-6,MOVE
1770791401.198702,MOUSE,9,-6,MOVE
1770791401.215369,MOUSE,8,-6,MOVE
1770791401.232036,MOUSE,9,-5,MOVE
1770791401.248702,MOUSE,7,-4,MOVE
1770791401.265369,MOUSE,7,-3,MOVE
1770791401.282036,MOUSE,6,-3,MOVE
1770791401.298702,MOUSE,4,-2,MOVE
1770791401.315369,MOUSE,4,-1,MOVE
1770791401.332036,MOUSE,3,0,MOVE
1770791401.348702,MOUSE,2,1,MOVE
1770791401.365369,MOUSE,1,3,MOVE
1770791401.382035,MOUSE,0,0,LEFT_DOWN
1770791401.409515,MOUSE,0,0,LEFT_UP
1770791401.472761,MOUSE,-1,0,MOVE
1770791401.489428,MOUSE,0,2,MOVE
1770791401.506094,MOUSE,-1,4,MOVE
1770791401.522761,MOUSE,-1,6,MOVE
1770791401.539428,MOUSE,-1,6,MOVE
1770791401.556094,MOUSE,-2,8,MOVE
1770791401.572761,MOUSE,-1,9,MOVE
1770791401.589428,MOUSE,-2,11,MOVE
1770791401.606094,MOUSE,-2,11,MOVE
1770791401.622761,MOUSE,-2,13,MOVE
1770791401.639428,MOUSE,-2,14,MOVE
1770791401.656094,MOUSE,-2,14,MOVE
1770791401.672761,MOUSE,-2,15,MOVE
1770791401.689428,MOUSE,-2,16,MOVE
1770791401.706094,MOUSE,-2,17,MOVE
1770791401.722761,MOUSE,-3,17,MOVE
1770791401.739428,MOUSE,-2,18,MOVE
1770791401.756094,MOUSE,-2,18,MOVE
1770791401.772761,MOUSE,-2,19,MOVE
1770791401.789428,MOUSE,-2,19,MOVE
1770791401.806094,MOUSE,-2,19,MOVE
1770791401.822761,MOUSE,-2,20,MOVE
1770791401.839427,MOUSE,-2,19,MOVE
1770791401.856094,MOUSE,-1,20,MOVE
1770791401.872761,MOUSE,-2,19,MOVE
1770791401.889427,MOUSE,-1,20,MOVE
1770791401.906094,MOUSE,-1,19,MOVE
1770791401.922761,MOUSE,-1,19,MOVE
1770791401.939427,MOUSE,-1,19,MOVE
1770791401.956094,MOUSE,0,18,MOVE
1770791401.972761,MOUSE,-1,18,MOVE
1770791401.989427,MOUSE,0,17,MOVE
1770791402.006094,MOUSE,1,17,MOVE
1770791402.022761,MOUSE,0,16,MOVE
1770791402.039427,MOUSE,1,16,MOVE
1770791402.056094,MOUSE,1,14,MOVE
1770791402.072761,MOUSE,2,14,MOVE
1770791402.089427,MOUSE,2,12,MOVE
1770791402.106094,MOUSE,2,12,MOVE
1770791402.122761,MOUSE,3,11,MOVE
1770791402.139427,MOUSE,4,9,MOVE
1770791402.156094,MOUSE,3,8,MOVE
1770791402.172760,MOUSE,4,7,MOVE
1770791402.189427,MOUSE,5,5,MOVE
1770791402.206094,MOUSE,5,4,MOVE
1770791402.222760,MOUSE,5,3,MOVE
1770791402.239427,MOUSE,7,1,MOVE
1770791402.256094,MOUSE,6,-1,MOVE
1770791402.272760,MOUSE,7,-3,MOVE
1770791402.289427,MOUSE,8,-4,MOVE
1770791402.306094,MOUSE,9,-6,MOVE
1770791402.322760,MOUSE,0,0,LEFT_DOWN
1770791402.348664,MOUSE,0,0,LEFT_UP
1770791402.451251,MOUSE,-2,2,MOVE
1770791402.467917,MOUSE,0,3,MOVE
1770791402.484584,MOUSE,2,2,MOVE
1770791402.501251,MOUSE,2,2,MOVE
1770791402.517917,MOUSE,4,2,MOVE
1770791402.534584,MOUSE,5,2,MOVE
1770791402.551251,MOUSE,6,1,MOVE
1770791402.567917,MOUSE,7,1,MOVE
1770791402.584584,MOUSE,8,2,MOVE
1770791402.601251,MOUSE,9,0,MOVE
1770791402.617917,MOUSE,9,1,MOVE
1770791402.634584,MOUSE,11,0,MOVE
1770791402.651251,MOUSE,12,1,MOVE
1770791402.667917,MOUSE,12,0,MOVE
1770791402.684584,MOUSE,13,-1,MOVE
1770791402.701251,MOUSE,14,0,MOVE
1770791402.717917,MOUSE,14,0,MOVE
1770791402.734584,MOUSE,16,-1,MOVE
1770791402.751251,MOUSE,15,-1,MOVE
1770791402.767917,MOUSE,17,-1,MOVE
1770791402.784584,MOUSE,17,-1,MOVE
1770791402.801250,MOUSE,17,-2,MOVE
1770791402.817917,MOUSE,18,-1,MOVE
1770791402.834584,MOUSE,18,-2,MOVE
1770791402.851250,MOUSE,19,-2,MOVE
1770791402.867917,MOUSE,18,-2,MOVE
1770791402.884584,MOUSE,20,-2,MOVE
1770791402.901250,MOUSE,19,-2,MOVE
1770791402.917917,MOUSE,20,-3,MOVE
1770791402.934584,MOUSE,20,-2,MOVE
1770791402.951250,MOUSE,19,-3,MOVE
1770791402.967917,MOUSE,20,-3,MOVE
1770791402.984584,MOUSE,21,-3,MOVE
1770791403.001250,MOUSE,20,-3,MOVE
1770791403.017917,MOUSE,20,-3,MOVE
1770791403.034584,MOUSE,20,-4,MOVE
1770791403.051250,MOUSE,20,-3,MOVE
1770791403.067917,MOUSE,19,-4,MOVE
1770791403.084584,MOUSE,20,-3,MOVE
1770791403.101250,MOUSE,19,-4,MOVE
1770791403.117917,MOUSE,19,-4,MOVE
1770791403.134583,MOUSE,19,-4,MOVE
1770791403.151250,MOUSE,18,-4,MOVE
1770791403.167917,MOUSE,18,-4,MOVE
1770791403.184583,MOUSE,18,-5,MOVE
1770791403.201250,MOUSE,17,-4,MOVE
1770791403.217917,MOUSE,17,-5,MOVE
1770791403.234583,MOUSE,16,-4,MOVE
1770791403.251250,MOUSE,15,-5,MOVE
1770791403.267917,MOUSE,15,-4,MOVE
1770791403.284583,MOUSE,14,-5,MOVE
1770791403.301250,MOUSE,14,-5,MOVE
1770791403.317917,MOUSE,13,-5,MOVE
1770791403.334583,MOUSE,12,-5,MOVE
1770791403.351250,MOUSE,11,-5,MOVE
1770791403.367917,MOUSE,10,-5,MOVE
1770791403.384583,MOUSE,9,-5,MOVE
1770791403.401250,MOUSE,9,-5,MOVE
1770791403.417917,MOUSE,7,-5,MOVE
1770791403.434583,MOUSE,7,-5,MOVE
1770791403.451250,MOUSE,5,-6,MOVE
1770791403.467916,MOUSE,4,-5,MOVE
1770791403.484583,MOUSE,3,-5,MOVE
1770791403.501250,MOUSE,2,-6,MOVE
1770791403.517916,MOUSE,1,-5,MOVE
1770791403.534583,MOUSE,0,-5,MOVE
1770791403.551250,MOUSE,0,0,LEFT_DOWN
1770791403.579468,MOUSE,0,0,LEFT_UP
1770791403.703849,MOUSE,3,0,MOVE
1770791403.720516,MOUSE,3,0,MOVE
1770791403.737183,MOUSE,2,-1,MOVE
1770791403.753849,MOUSE,1,-1,MOVE
1770791403.770516,MOUSE,0,-1,MOVE
1770791403.787183,MOUSE,0,-2,MOVE
1770791403.803849,MOUSE,-2,-1,MOVE
1770791403.820516,MOUSE,-2,-3,MOVE
1770791403.837183,MOUSE,-2,-2,MOVE
1770791403.853849,MOUSE,-3,-3,MOVE
1770791403.870516,MOUSE,-4,-3,MOVE
1770791403.887182,MOUSE,-5,-4,MOVE
1770791403.903849,MOUSE,-5,-4,MOVE
1770791403.920516,MOUSE,-6,-4,MOVE
1770791403.937182,MOUSE,-6,-4,MOVE
1770791403.953849,MOUSE,-7,-5,MOVE
1770791403.970516,MOUSE,-7,-5,MOVE
1770791403.987182,MOUSE,-7,-5,MOVE
1770791404.003849,MOUSE,-8,-5,MOVE
1770791404.020516,MOUSE,-9,-6,MOVE
1770791404.037182,MOUSE,-9,-6,MOVE
1770791404.053849,MOUSE,-9,-6,MOVE
1770791404.070516,MOUSE,-9,-6,MOVE
1770791404.087182,MOUSE,-10,-6,MOVE
1770791404.103849,MOUSE,-10,-7,MOVE
1770791404.120516,MOUSE,-10,-7,MOVE
1770791404.137182,MOUSE,-10,-7,MOVE
1770791404.153849,MOUSE,-10,-7,MOVE
1770791404.170516,MOUSE,-11,-7,MOVE
1770791404.187182,MOUSE,-11,-7,MOVE
1770791404.203849,MOUSE,-10,-8,MOVE
1770791404.220515,MOUSE,-11,-7,MOVE
1770791404.237182,MOUSE,-11,-8,MOVE
1770791404.253849,MOUSE,-11,-8,MOVE
1770791404.270515,MOUSE,-11,-8,MOVE
1770791404.287182,MOUSE,-10,-8,MOVE
1770791404.303849,MOUSE,-11,-8,MOVE
1770791404.320515,MOUSE,-10,-8,MOVE
1770791404.337182,MOUSE,-11,-8,MOVE
1770791404.353849,MOUSE,-10,-8,MOVE
1770791404.370515,MOUSE,-10,-8,MOVE
1770791404.387182,MOUSE,-10,-9,MOVE
1770791404.403849,MOUSE,-9,-8,MOVE
1770791404.420515,MOUSE,-9,-8,MOVE
1770791404.437182,MOUSE,-9,-8,MOVE
1770791404.453849,MOUSE,-9,-9,MOVE
1770791404.470515,MOUSE,-8,-8,MOVE
1770791404.487182,MOUSE,-8,-8,MOVE
1770791404.503849,MOUSE,-7,-8,MOVE
1770791404.520515,MOUSE,-7,-8,MOVE
1770791404.537182,MOUSE,-6,-8,MOVE
1770791404.553849,MOUSE,-6,-8,MOVE
1770791404.570515,MOUSE,-6,-8,MOVE
1770791404.587182,MOUSE,-4,-8,MOVE
1770791404.603848,MOUSE,-5,-8,MOVE
1770791404.620515,MOUSE,-3,-7,MOVE
1770791404.637182,MOUSE,-3,-8,MOVE
1770791404.653848,MOUSE,-2,-7,MOVE
1770791404.670515,MOUSE,-2,-7,MOVE
1770791404.687182,MOUSE,-1,-7,MOVE
1770791404.703848,MOUSE,0,-7,MOVE
1770791404.720515,MOUSE,1,-7,MOVE
1770791404.737182,MOUSE,2,-6,MOVE
1770791404.753848,MOUSE,0,0,LEFT_DOWN
1770791404.787488,MOUSE,0,0,LEFT_UP
1770791404.888192,MOUSE,-1,-1,MOVE
1770791404.904859,MOUSE,-3,1,MOVE
1770791404.921525,MOUSE,-7,3,MOVE
1770791404.938192,MOUSE,-9,5,MOVE
1770791404.954859,MOUSE,-11,6,MOVE
1770791404.971525,MOUSE,-14,8,MOVE
1770791404.988192,MOUSE,-16,9,MOVE
1770791405.004859,MOUSE,-17,11,MOVE
1770791405.021525,MOUSE,-20,11,MOVE
1770791405.038192,MOUSE,-21,13,MOVE
1770791405.054859,MOUSE,-23,13,MOVE
1770791405.071525,MOUSE,-24,15,MOVE
1770791405.088192,MOUSE,-26,15,MOVE
1770791405.104859,MOUSE,-26,16,MOVE
1770791405.121525,MOUSE,-27,16,MOVE
1770791405.138192,MOUSE,-28,17,MOVE
1770791405.154859,MOUSE,-28,17,MOVE
1770791405.171525,MOUSE,-28,17,MOVE
1770791405.188192,MOUSE,-29,17,MOVE
1770791405.204859,MOUSE,-28,18,MOVE
1770791405.221525,MOUSE,-29,17,MOVE
1770791405.238192,MOUSE,-28,18,MOVE
1770791405.254858,MOUSE,-27,17,MOVE
1770791405.271525,MOUSE,-27,16,MOVE
1770791405.288192,MOUSE,-26,16,MOVE
1770791405.304858,MOUSE,-25,16,MOVE
1770791405.321525,MOUSE,-23,15,MOVE
1770791405.338192,MOUSE,-23,14,MOVE
1770791405.354858,MOUSE,-20,13,MOVE
1770791405.371525,MOUSE,-20,12,MOVE
1770791405.388192,MOUSE,-17,11,MOVE
1770791405.404858,MOUSE,-15,10,MOVE
1770791405.421525,MOUSE,-13,9,MOVE
1770791405.438192,MOUSE,-10,7,MOVE
1770791405.454858,MOUSE,-8,6,MOVE
1770791405.471525,MOUSE,-6,4,MOVE
1770791405.488192,MOUSE,-2,2,MOVE
1770791405.504858,MOUSE,1,1,MOVE
1770791405.521525,MOUSE,4,-1,MOVE
1770791405.538192,MOUSE,0,0,LEFT_DOWN
1770791405.585780,MOUSE,0,0,LEFT_UP
1770791405.619702,MOUSE,-8,-1,MOVE
1770791405.636369,MOUSE,-5,-2,MOVE
1770791405.653035,MOUSE,-1,-4,MOVE
1770791405.669702,MOUSE,1,-4,MOVE
1770791405.686369,MOUSE,5,-6,MOVE
1770791405.703035,MOUSE,7,-6,MOVE
1770791405.719702,MOUSE,9,-8,MOVE
1770791405.736369,MOUSE,12,-9,MOVE
1770791405.753035,MOUSE,14,-9,MOVE
1770791405.769702,MOUSE,17,-11,MOVE
1770791405.786369,MOUSE,18,-11,MOVE
1770791405.803035,MOUSE,20,-11,MOVE
1770791405.819702,MOUSE,22,-12,MOVE
1770791405.836369,MOUSE,24,-13,MOVE
1770791405.853035,MOUSE,25,-13,MOVE
1770791405.869702,MOUSE,26,-13,MOVE
1770791405.886369,MOUSE,28,-14,MOVE
1770791405.903035,MOUSE,29,-13,MOVE
1770791405.919702,MOUSE,29,-14,MOVE
1770791405.936368,MOUSE,31,-14,MOVE
1770791405.953035,MOUSE,31,-14,MOVE
1770791405.969702,MOUSE,31,-14,MOVE
1770791405.986368,MOUSE,32,-13,MOVE
1770791406.003035,MOUSE,32,-13,MOVE
1770791406.019702,MOUSE,32,-13,MOVE
1770791406.036368,MOUSE,32,-13,MOVE
1770791406.053035,MOUSE,32,-12,MOVE
1770791406.069702,MOUSE,32,-11,MOVE
1770791406.086368,MOUSE,31,-11,MOVE
1770791406.103035,MOUSE,31,-10,MOVE
1770791406.119702,MOUSE,30,-10,MOVE
1770791406.136368,MOUSE,29,-8,MOVE
1770791406.153035,MOUSE,28,-8,MOVE
1770791406.169702,MOUSE,28,-6,MOVE
1770791406.186368,MOUSE,25,-5,MOVE
1770791406.203035,MOUSE,25,-5,MOVE
1770791406.219702,MOUSE,23,-3,MOVE
1770791406.236368,MOUSE,21,-2,MOVE
1770791406.253035,MOUSE,19,0,MOVE
1770791406.269701,MOUSE,18,1,MOVE
1770791406.286368,MOUSE,15,3,MOVE
1770791406.303035,MOUSE,13,4,MOVE
1770791406.319701,MOUSE,11,6,MOVE
1770791406.336368,MOUSE,9,8,MOVE
1770791406.353035,MOUSE,0,0,LEFT_DOWN
1770791406.393186,MOUSE,0,0,LEFT_UP
1770791406.500771,MOUSE,0,-6,MOVE
1770791406.517438,MOUSE,0,-6,MOVE
1770791406.534105,MOUSE,-1,-5,MOVE
1770791406.550771,MOUSE,-2,-5,MOVE
1770791406.567438,MOUSE,-2,-4,MOVE
1770791406.584105,MOUSE,-4,-4,MOVE
1770791406.600771,MOUSE,-3,-4,MOVE
1770791406.617438,MOUSE,-5,-3,MOVE
1770791406.634104,MOUSE,-6,-3,MOVE
1770791406.650771,MOUSE,-6,-2,MOVE
1770791406.667438,MOUSE,-6,-2,MOVE
1770791406.684104,MOUSE,-7,-2,MOVE
1770791406.700771,MOUSE,-8,-2,MOVE
1770791406.717438,MOUSE,-8,-1,MOVE
1770791406.734104,MOUSE,-9,-1,MOVE
1770791406.750771,MOUSE,-9,0,MOVE
1770791406.767438,MOUSE,-10,0,MOVE
1770791406.784104,MOUSE,-10,0,MOVE
1770791406.800771,MOUSE,-11,0,MOVE
1770791406.817438,MOUSE,-11,1,MOVE
1770791406.834104,MOUSE,-11,0,MOVE
1770791406.850771,MOUSE,-12,2,MOVE
1770791406.867438,MOUSE,-12,1,MOVE
1770791406.884104,MOUSE,-13,2,MOVE
1770791406.900771,MOUSE,-12,1,MOVE
1770791406.917438,MOUSE,-13,3,MOVE
1770791406.934104,MOUSE,-13,2,MOVE
1770791406.950771,MOUSE,-13,2,MOVE
1770791406.967438,MOUSE,-14,3,MOVE
1770791406.984104,MOUSE,-13,3,MOVE
1770791407.000771,MOUSE,-14,3,MOVE
1770791407.017437,MOUSE,-14,3,MOVE
1770791407.034104,MOUSE,-13,4,MOVE
1770791407.050771,MOUSE,-14,3,MOVE
1770791407.067437,MOUSE,-14,4,MOVE
1770791407.084104,MOUSE,-14,4,MOVE
1770791407.100771,MOUSE,-14,4,MOVE
1770791407.117437,MOUSE,-13,4,MOVE
1770791407.134104,MOUSE,-14,5,MOVE
1770791407.150771,MOUSE,-13,4,MOVE
1770791407.167437,MOUSE,-14,5,MOVE
1770791407.184104,MOUSE,-13,4,MOVE
1770791407.200771,MOUSE,-13,5,MOVE
1770791407.217437,MOUSE,-13,5,MOVE
1770791407.234104,MOUSE,-12,5,MOVE
1770791407.250771,MOUSE,-13,5,MOVE
1770791407.267437,MOUSE,-12,5,MOVE
1770791407.284104,MOUSE,-12,5,MOVE
1770791407.300771,MOUSE,-11,5,MOVE
1770791407.317437,MOUSE,-11,5,MOVE
1770791407.334104,MOUSE,-11,5,MOVE
1770791407.350770,MOUSE,-10,5,MOVE
1770791407.367437,MOUSE,-9,6,MOVE
1770791407.384104,MOUSE,-10,5,MOVE
1770791407.400770,MOUSE,-9,5,MOVE
1770791407.417437,MOUSE,-8,5,MOVE
1770791407.434104,MOUSE,-8,5,MOVE
1770791407.450770,MOUSE,-7,6,MOVE
1770791407.467437,MOUSE,-6,5,MOVE
1770791407.484104,MOUSE,-6,5,MOVE
1770791407.500770,MOUSE,-6,5,MOVE
1770791407.517437,MOUSE,-4,5,MOVE
1770791407.534104,MOUSE,-4,5,MOVE
1770791407.550770,MOUSE,-4,5,MOVE
1770791407.567437,MOUSE,-2,4,MOVE
1770791407.584104,MOUSE,-2,5,MOVE
1770791407.600770,MOUSE,-1,5,MOVE
1770791407.617437,MOUSE,0,4,MOVE
1770791407.634104,MOUSE,1,4,MOVE
1770791407.650770,MOUSE,1,5,MOVE
1770791407.667437,MOUSE,3,4,MOVE
1770791407.684103,MOUSE,3,4,MOVE
1770791407.700770,MOUSE,5,4,MOVE
1770791407.717437,MOUSE,0,0,LEFT_DOWN
1770791407.743248,MOUSE,0,0,LEFT_UP
1770791407.844417,MOUSE,3,-5,MOVE
1770791407.861084,MOUSE,4,-4,MOVE
1770791407.877750,MOUSE,5,-3,MOVE
1770791407.894417,MOUSE,4,-4,MOVE
1770791407.911084,MOUSE,5,-3,MOVE
1770791407.927750,MOUSE,6,-3,MOVE
1770791407.944417,MOUSE,5,-3,MOVE
1770791407.961084,MOUSE,6,-2,MOVE
1770791407.977750,MOUSE,6,-2,MOVE
1770791407.994417,MOUSE,7,-2,MOVE
1770791408.011084,MOUSE,6,-2,MOVE
1770791408.027750,MOUSE,7,-2,MOVE
1770791408.044417,MOUSE,7,-1,MOVE
1770791408.061084,MOUSE,8,-1,MOVE
1770791408.077750,MOUSE,7,-1,MOVE
1770791408.094417,MOUSE,8,-1,MOVE
1770791408.111084,MOUSE,8,-1,MOVE
1770791408.127750,MOUSE,8,0,MOVE
1770791408.144417,MOUSE,8,0,MOVE
1770791408.161083,MOUSE,8,0,MOVE
1770791408.177750,MOUSE,9,0,MOVE
1770791408.194417,MOUSE,8,0,MOVE
1770791408.211083,MOUSE,9,1,MOVE
1770791408.227750,MOUSE,9,0,MOVE
1770791408.244417,MOUSE,9,1,MOVE
1770791408.261083,MOUSE,8,1,MOVE
1770791408.277750,MOUSE,9,1,MOVE
1770791408.294417,MOUSE,9,1,MOVE
1770791408.311083,MOUSE,9,2,MOVE
1770791408.327750,MOUSE,9,1,MOVE
1770791408.344417,MOUSE,9,2,MOVE
1770791408.361083,MOUSE,9,1,MOVE
1770791408.377750,MOUSE,9,2,MOVE
1770791408.394417,MOUSE,9,2,MOVE
1770791408.411083,MOUSE,9,2,MOVE
1770791408.427750,MOUSE,9,2,MOVE
1770791408.444417,MOUSE,9,2,MOVE
1770791408.461083,MOUSE,8,2,MOVE
1770791408.477750,MOUSE,9,3,MOVE
1770791408.494416,MOUSE,9,2,MOVE
1770791408.511083,MOUSE,8,3,MOVE
1770791408.527750,MOUSE,8,2,MOVE
1770791408.544416,MOUSE,8,3,MOVE
1770791408.561083,MOUSE,8,3,MOVE
1770791408.577750,MOUSE,8,2,MOVE
1770791408.594416,MOUSE,8,3,MOVE
1770791408.611083,MOUSE,7,3,MOVE
1770791408.627750,MOUSE,7,3,MOVE
1770791408.644416,MOUSE,7,3,MOVE
1770791408.661083,MOUSE,7,3,MOVE
1770791408.677750,MOUSE,7,2,MOVE
1770791408.694416,MOUSE,6,3,MOVE
1770791408.711083,MOUSE,6,3,MOVE
1770791408.727750,MOUSE,6,3,MOVE
1770791408.744416,MOUSE,5,3,MOVE
1770791408.761083,MOUSE,6,3,MOVE
1770791408.777750,MOUSE,5,3,MOVE
1770791408.794416,MOUSE,4,3,MOVE
1770791408.811083,MOUSE,4,3,MOVE
1770791408.827749,MOUSE,4,3,MOVE
1770791408.844416,MOUSE,4,3,MOVE
1770791408.861083,MOUSE,3,2,MOVE
1770791408.877749,MOUSE,3,3,MOVE
1770791408.894416,MOUSE,2,3,MOVE
1770791408.911083,MOUSE,2,3,MOVE
1770791408.927749,MOUSE,2,2,MOVE
1770791408.944416,MOUSE,1,3,MOVE
1770791408.961083,MOUSE,1,2,MOVE
1770791408.977749,MOUSE,0,3,MOVE
1770791408.994416,MOUSE,0,2,MOVE
1770791409.011083,MOUSE,-1,2,MOVE
1770791409.027749,MOUSE,-1,2,MOVE
1770791409.044416,MOUSE,-1,3,MOVE
1770791409.061083,MOUSE,0,0,LEFT_DOWN
1770791409.093755,MOUSE,0,0,LEFT_UP
1770791409.221790,MOUSE,-3,-1,MOVE
1770791409.238456,MOUSE,-2,-1,MOVE
1770791409.255123,MOUSE,-2,-3,MOVE
1770791409.271790,MOUSE,-2,-4,MOVE
1770791409.288456,MOUSE,-2,-5,MOVE
1770791409.305123,MOUSE,-2,-7,MOVE
1770791409.321790,MOUSE,-1,-7,MOVE
1770791409.338456,MOUSE,-1,-8,MOVE
1770791409.355123,MOUSE,-1,-10,MOVE
1770791409.371789,MOUSE,-1,-10,MOVE
1770791409.388456,MOUSE,-1,-11,MOVE
1770791409.405123,MOUSE,0,-12,MOVE
1770791409.421789,MOUSE,-1,-13,MOVE
1770791409.438456,MOUSE,0,-13,MOVE
1770791409.455123,MOUSE,0,-14,MOVE
1770791409.471789,MOUSE,1,-14,MOVE
1770791409.488456,MOUSE,0,-14,MOVE
1770791409.505123,MOUSE,1,-15,MOVE
1770791409.521789,MOUSE,1,-16,MOVE
1770791409.538456,MOUSE,1,-15,MOVE
1770791409.555123,MOUSE,1,-16,MOVE
1770791409.571789,MOUSE,1,-16,MOVE
1770791409.588456,MOUSE,2,-16,MOVE
1770791409.605123,MOUSE,2,-16,MOVE
1770791409.621789,MOUSE,2,-15,MOVE
1770791409.638456,MOUSE,2,-16,MOVE
1770791409.655123,MOUSE,2,-16,MOVE
1770791409.671789,MOUSE,3,-15,MOVE
1770791409.688456,MOUSE,3,-15,MOVE
1770791409.705122,MOUSE,2,-14,MOVE
1770791409.721789,MOUSE,4,-14,MOVE
1770791409.738456,MOUSE,3,-13,MOVE
1770791409.755122,MOUSE,3,-13,MOVE
1770791409.771789,MOUSE,4,-12,MOVE
1770791409.788456,MOUSE,4,-12,MOVE
1770791409.805122,MOUSE,4,-11,MOVE
1770791409.821789,MOUSE,4,-9,MOVE
1770791409.838456,MOUSE,5,-9,MOVE
1770791409.855122,MOUSE,4,-8,MOVE
1770791409.871789,MOUSE,5,-7,MOVE
1770791409.888456,MOUSE,5,-6,MOVE
1770791409.905122,MOUSE,5,-5,MOVE
1770791409.921789,MOUSE,6,-3,MOVE
1770791409.938456,MOUSE,5,-2,MOVE
1770791409.955122,MOUSE,6,-1,MOVE
1770791409.971789,MOUSE,6,1,MOVE
1770791409.988456,MOUSE,6,2,MOVE
1770791410.005122,MOUSE,7,4,MOVE
1770791410.021789,MOUSE,0,0,LEFT_DOWN
1770791410.059497,MOUSE,0,0,LEFT_UP
1770791410.157016,MOUSE,1,2,MOVE
1770791410.173682,MOUSE,1,3,MOVE
1770791410.190349,MOUSE,1,3,MOVE
1770791410.207016,MOUSE,0,3,MOVE
1770791410.223682,MOUSE,0,3,MOVE
1770791410.240349,MOUSE,-1,3,MOVE
1770791410.257015,MOUSE,-1,3,MOVE
1770791410.273682,MOUSE,-1,3,MOVE
1770791410.290349,MOUSE,-2,3,MOVE
1770791410.307015,MOUSE,-2,3,MOVE
1770791410.323682,MOUSE,-2,3,MOVE
1770791410.340349,MOUSE,-2,3,MOVE
1770791410.357015,MOUSE,-3,3,MOVE
1770791410.373682,MOUSE,-3,3,MOVE
1770791410.390349,MOUSE,-3,4,MOVE
1770791410.407015,MOUSE,-3,3,MOVE
1770791410.423682,MOUSE,-4,3,MOVE
1770791410.440349,MOUSE,-3,3,MOVE
1770791410.457015,MOUSE,-4,3,MOVE
1770791410.473682,MOUSE,-4,4,MOVE
1770791410.490349,MOUSE,-4,3,MOVE
1770791410.507015,MOUSE,-5,3,MOVE
1770791410.523682,MOUSE,-4,3,MOVE
1770791410.540349,MOUSE,-4,4,MOVE
1770791410.557015,MOUSE,-5,3,MOVE
1770791410.573682,MOUSE,-4,3,MOVE
1770791410.590348,MOUSE,-5,3,MOVE
1770791410.607015,MOUSE,-4,3,MOVE
1770791410.623682,MOUSE,-5,3,MOVE
1770791410.640348,MOUSE,-4,3,MOVE
1770791410.657015,MOUSE,-5,3,MOVE
1770791410.673682,MOUSE,-4,3,MOVE
1770791410.690348,MOUSE,-4,3,MOVE
1770791410.707015,MOUSE,-4,3,MOVE
1770791410.723682,MOUSE,-4,3,MOVE
1770791410.740348,MOUSE,-4,3,MOVE
1770791410.757015,MOUSE,-4,3,MOVE
1770791410.773682,MOUSE,-4,2,MOVE
1770791410.790348,MOUSE,-3,3,MOVE
1770791410.807015,MOUSE,-4,3,MOVE
1770791410.823682,MOUSE,-3,2,MOVE
1770791410.840348,MOUSE,-2,3,MOVE
1770791410.857015,MOUSE,-3,2,MOVE
1770791410.873682,MOUSE,-2,2,MOVE
1770791410.890348,MOUSE,-2,3,MOVE
1770791410.907015,MOUSE,-2,2,MOVE
1770791410.923681,MOUSE,-2,2,MOVE
1770791410.940348,MOUSE,-1,2,MOVE
1770791410.957015,MOUSE,0,2,MOVE
1770791410.973681,MOUSE,-1,2,MOVE
1770791410.990348,MOUSE,0,2,MOVE
1770791411.007015,MOUSE,0,1,MOVE
1770791411.023681,MOUSE,1,2,MOVE
1770791411.040348,MOUSE,1,2,MOVE
1770791411.057015,MOUSE,2,1,MOVE
1770791411.073681,MOUSE,2,1,MOVE
1770791411.090348,MOUSE,3,2,MOVE
1770791411.107015,MOUSE,3,1,MOVE
1770791411.123681,MOUSE,3,1,MOVE
1770791411.140348,MOUSE,5,1,MOVE
1770791411.157015,MOUSE,0,0,LEFT_DOWN
1770791411.204349,MOUSE,0,0,LEFT_UP
1770791411.233466,MOUSE,2,4,MOVE
1770791411.250132,MOUSE,2,4,MOVE
1770791411.266799,MOUSE,0,3,MOVE
1770791411.283466,MOUSE,0,4,MOVE
1770791411.300132,MOUSE,-2,3,MOVE
1770791411.316799,MOUSE,-3,3,MOVE
1770791411.333466,MOUSE,-4,2,MOVE
1770791411.350132,MOUSE,-5,3,MOVE
1770791411.366799,MOUSE,-6,2,MOVE
1770791411.383466,MOUSE,-7,2,MOVE
1770791411.400132,MOUSE,-8,1,MOVE
1770791411.416799,MOUSE,-8,2,MOVE
1770791411.433465,MOUSE,-10,1,MOVE
1770791411.450132,MOUSE,-10,1,MOVE
1770791411.466799,MOUSE,-11,0,MOVE
1770791411.483465,MOUSE,-12,1,MOVE
1770791411.500132,MOUSE,-12,0,MOVE
1770791411.516799,MOUSE,-13,0,MOVE
1770791411.533465,MOUSE,-13,0,MOVE
1770791411.550132,MOUSE,-14,0,MOVE
1770791411.566799,MOUSE,-15,-1,MOVE
1770791411.583465,MOUSE,-15,0,MOVE
1770791411.600132,MOUSE,-15,-1,MOVE
1770791411.616799,MOUSE,-16,-1,MOVE
1770791411.633465,MOUSE,-16,-1,MOVE
1770791411.650132,MOUSE,-17,-1,MOVE
1770791411.666799,MOUSE,-17,-1,MOVE
1770791411.683465,MOUSE,-17,-2,MOVE
1770791411.700132,MOUSE,-17,-1,MOVE
1770791411.716799,MOUSE,-17,-2,MOVE
1770791411.733465,MOUSE,-18,-2,MOVE
1770791411.750132,MOUSE,-17,-2,MOVE
1770791411.766798,MOUSE,-18,-1,MOVE
1770791411.783465,MOUSE,-17,-2,MOVE
1770791411.800132,MOUSE,-18,-3,MOVE
1770791411.816798,MOUSE,-17,-2,MOVE
1770791411.833465,MOUSE,-18,-2,MOVE
1770791411.850132,MOUSE,-17,-2,MOVE
1770791411.866798,MOUSE,-17,-2,MOVE
1770791411.883465,MOUSE,-16,-3,MOVE
1770791411.900132,MOUSE,-17,-2,MOVE
1770791411.916798,MOUSE,-16,-2,MOVE
1770791411.933465,MOUSE,-16,-3,MOVE
1770791411.950132,MOUSE,-15,-2,MOVE
1770791411.966798,MOUSE,-15,-3,MOVE
1770791411.983465,MOUSE,-15,-2,MOVE
1770791412.000132,MOUSE,-14,-2,MOVE
1770791412.016798,MOUSE,-13,-3,MOVE
1770791412.033465,MOUSE,-13,-2,MOVE
1770791412.050132,MOUSE,-13,-3,MOVE
1770791412.066798,MOUSE,-11,-2,MOVE
1770791412.083465,MOUSE,-11,-2,MOVE
1770791412.100132,MOUSE,-10,-2,MOVE
1770791412.116798,MOUSE,-10,-2,MOVE
1770791412.133465,MOUSE,-8,-2,MOVE
1770791412.150131,MOUSE,-8,-2,MOVE
1770791412.166798,MOUSE,-7,-2,MOVE
1770791412.183465,MOUSE,-6,-2,MOVE
1770791412.200131,MOUSE,-5,-2,MOVE
1770791412.216798,MOUSE,-4,-2,MOVE
1770791412.233465,MOUSE,-3,-1,MOVE
1770791412.250131,MOUSE,-1,-1,MOVE
1770791412.266798,MOUSE,0,0,LEFT_DOWN
1770791412.307824,MOUSE,0,0,LEFT_UP
1770791412.335001,MOUSE,-3,1,MOVE
1770791412.351668,MOUSE,1,3,MOVE
1770791412.368335,MOUSE,4,5,MOVE
1770791412.385001,MOUSE,8,6,MOVE
1770791412.401668,MOUSE,11,8,MOVE
1770791412.418334,MOUSE,14,10,MOVE
1770791412.435001,MOUSE,17,10,MOVE
1770791412.451668,MOUSE,20,12,MOVE
1770791412.468334,MOUSE,22,13,MOVE
1770791412.485001,MOUSE,25,14,MOVE
1770791412.501668,MOUSE,26,15,MOVE
1770791412.518334,MOUSE,29,16,MOVE
1770791412.535001,MOUSE,31,17,MOVE
1770791412.551668,MOUSE,32,17,MOVE
1770791412.568334,MOUSE,33,18,MOVE
1770791412.585001,MOUSE,35,19,MOVE
1770791412.601668,MOUSE,37,19,MOVE
1770791412.618334,MOUSE,37,19,MOVE
1770791412.635001,MOUSE,38,20,MOVE
1770791412.651668,MOUSE,38,20,MOVE
1770791412.668334,MOUSE,39,20,MOVE
1770791412.685001,MOUSE,39,20,MOVE
1770791412.701668,MOUSE,39,20,MOVE
1770791412.718334,MOUSE,40,19,MOVE
1770791412.735001,MOUSE,39,20,MOVE
1770791412.751667,MOUSE,38,19,MOVE
1770791412.768334,MOUSE,38,18,MOVE
1770791412.785001,MOUSE,37,19,MOVE
1770791412.801667,MOUSE,37,17,MOVE
1770791412.818334,MOUSE,35,17,MOVE
1770791412.835001,MOUSE,33,16,MOVE
1770791412.851667,MOUSE,33,15,MOVE
1770791412.868334,MOUSE,31,14,MOVE
1770791412.885001,MOUSE,28,14,MOVE
1770791412.901667,MOUSE,27,12,MOVE
1770791412.918334,MOUSE,25,11,MOVE
1770791412.935001,MOUSE,23,9,MOVE
1770791412.951667,MOUSE,20,8,MOVE
1770791412.968334,MOUSE,17,7,MOVE
1770791412.985001,MOUSE,14,5,MOVE
1770791413.001667,MOUSE,12,3,MOVE
1770791413.018334,MOUSE,8,2,MOVE
1770791413.035001,MOUSE,5,0,MOVE
1770791413.051667,MOUSE,1,-2,MOVE
1770791413.068334,MOUSE,-2,-4,MOVE
1770791413.085001,MOUSE,-6,-6,MOVE
1770791413.101667,MOUSE,0,0,LEFT_DOWN
1770791413.146297,MOUSE,0,0,LEFT_UP
1770791413.222214,MOUSE,-8,-3,MOVE
1770791413.238880,MOUSE,-9,-4,MOVE
1770791413.255547,MOUSE,-10,-4,MOVE
1770791413.272214,MOUSE,-11,-5,MOVE
1770791413.288880,MOUSE,-12,-6,MOVE
1770791413.305547,MOUSE,-13,-7,MOVE
1770791413.322214,MOUSE,-13,-8,MOVE
1770791413.338880,MOUSE,-14,-8,MOVE
1770791413.355547,MOUSE,-15,-9,MOVE
1770791413.372214,MOUSE,-16,-10,MOVE
1770791413.388880,MOUSE,-16,-10,MOVE
1770791413.405547,MOUSE,-17,-11,MOVE
1770791413.422214,MOUSE,-17,-11,MOVE
1770791413.438880,MOUSE,-17,-12,MOVE
1770791413.455547,MOUSE,-19,-13,MOVE
1770791413.472214,MOUSE,-18,-12,MOVE
1770791413.488880,MOUSE,-19,-13,MOVE
1770791413.505547,MOUSE,-19,-14,MOVE
1770791413.522213,MOUSE,-20,-13,MOVE
1770791413.538880,MOUSE,-19,-14,MOVE
1770791413.555547,MOUSE,-20,-15,MOVE
1770791413.572213,MOUSE,-20,-14,MOVE
1770791413.588880,MOUSE,-20,-14,MOVE
1770791413.605547,MOUSE,-20,-15,MOVE
1770791413.622213,MOUSE,-20,-15,MOVE
1770791413.638880,MOUSE,-20,-15,MOVE
1770791413.655547,MOUSE,-20,-14,MOVE
1770791413.672213,MOUSE,-19,-15,MOVE
1770791413.688880,MOUSE,-20,-15,MOVE
1770791413.705547,MOUSE,-19,-14,MOVE
1770791413.722213,MOUSE,-19,-15,MOVE
1770791413.738880,MOUSE,-19,-14,MOVE
1770791413.755547,MOUSE,-18,-14,MOVE
1770791413.772213,MOUSE,-18,-13,MOVE
1770791413.788880,MOUSE,-17,-14,MOVE
1770791413.805547,MOUSE,-17,-13,MOVE
1770791413.822213,MOUSE,-17,-12,MOVE
1770791413.838880,MOUSE,-15,-13,MOVE
1770791413.855546,MOUSE,-15,-11,MOVE
1770791413.872213,MOUSE,-15,-12,MOVE
1770791413.888880,MOUSE,-13,-10,MOVE
1770791413.905546,MOUSE,-13,-11,MOVE
1770791413.922213,MOUSE,-12,-9,MOVE
1770791413.938880,MOUSE,-12,-9,MOVE
1770791413.955546,MOUSE,-10,-8,MOVE
1770791413.972213,MOUSE,-9,-8,MOVE
1770791413.988880,MOUSE,-9,-7,MOVE
1770791414.005546,MOUSE,-7,-6,MOVE
1770791414.022213,MOUSE,-6,-5,MOVE
1770791414.038880,MOUSE,-5,-4,MOVE
1770791414.055546,MOUSE,-4,-3,MOVE
1770791414.072213,MOUSE,-3,-3,MOVE
1770791414.088880,MOUSE,-1,-1,MOVE
1770791414.105546,MOUSE,0,-1,MOVE
1770791414.122213,MOUSE,1,1,MOVE
1770791414.138880,MOUSE,3,2,MOVE
1770791414.155546,MOUSE,0,0,LEFT_DOWN
1770791414.193091,MOUSE,0,0,LEFT_UP
1770791414.225784,MOUSE,0,-4,MOVE
1770791414.242451,MOUSE,2,-1,MOVE
1770791414.259117,MOUSE,4,0,MOVE
1770791414.275784,MOUSE,5,3,MOVE
1770791414.292451,MOUSE,6,4,MOVE
1770791414.309117,MOUSE,8,6,MOVE
1770791414.325784,MOUSE,9,7,MOVE
1770791414.342451,MOUSE,10,9,MOVE
1770791414.359117,MOUSE,12,10,MOVE
1770791414.375784,MOUSE,12,12,MOVE
1770791414.392451,MOUSE,13,12,MOVE
1770791414.409117,MOUSE,14,14,MOVE
1770791414.425784,MOUSE,15,15,MOVE
1770791414.442451,MOUSE,16,16,MOVE
1770791414.459117,MOUSE,17,17,MOVE
1770791414.475784,MOUSE,16,17,MOVE
1770791414.492450,MOUSE,18,19,MOVE
1770791414.509117,MOUSE,18,18,MOVE
1770791414.525784,MOUSE,18,20,MOVE
1770791414.542450,MOUSE,18,19,MOVE
1770791414.559117,MOUSE,19,20,MOVE
1770791414.575784,MOUSE,18,20,MOVE
1770791414.592450,MOUSE,19,21,MOVE
1770791414.609117,MOUSE,19,20,MOVE
1770791414.625784,MOUSE,18,20,MOVE
1770791414.642450,MOUSE,19,21,MOVE
1770791414.659117,MOUSE,18,19,MOVE
1770791414.675784,MOUSE,18,20,MOVE
1770791414.692450,MOUSE,17,19,MOVE
1770791414.709117,MOUSE,17,19,MOVE
1770791414.725784,MOUSE,16,18,MOVE
1770791414.742450,MOUSE,16,17,MOVE
1770791414.759117,MOUSE,15,17,MOVE
1770791414.775784,MOUSE,14,15,MOVE
1770791414.792450,MOUSE,13,15,MOVE
1770791414.809117,MOUSE,12,14,MOVE
1770791414.825783,MOUSE,11,12,MOVE
1770791414.842450,MOUSE,10,12,MOVE
1770791414.859117,MOUSE,9,10,MOVE
1770791414.875783,MOUSE,8,8,MOVE
1770791414.892450,MOUSE,6,7,MOVE
1770791414.909117,MOUSE,5,6,MOVE
1770791414.925783,MOUSE,3,3,MOVE
1770791414.942450,MOUSE,2,2,MOVE
1770791414.959117,MOUSE,1,1,MOVE
1770791414.975783,MOUSE,0,0,LEFT_DOWN
1770791415.018342,MOUSE,0,0,LEFT_UP
1770791415.043113,MOUSE,2,4,MOVE
1770791415.059780,MOUSE,3,5,MOVE
1770791415.076447,MOUSE,2,4,MOVE
1770791415.093113,MOUSE,2,5,MOVE
1770791415.109780,MOUSE,1,4,MOVE
1770791415.126447,MOUSE,1,4,MOVE
1770791415.143113,MOUSE,1,4,MOVE
1770791415.159780,MOUSE,1,4,MOVE
1770791415.176447,MOUSE,0,4,MOVE
1770791415.193113,MOUSE,0,4,MOVE
1770791415.209780,MOUSE,0,3,MOVE
1770791415.226447,MOUSE,0,4,MOVE
1770791415.243113,MOUSE,-1,4,MOVE
1770791415.259780,MOUSE,-1,3,MOVE
1770791415.276447,MOUSE,-1,3,MOVE
1770791415.293113,MOUSE,-1,3,MOVE
1770791415.309780,MOUSE,-1,3,MOVE
1770791415.326447,MOUSE,-2,3,MOVE
1770791415.343113,MOUSE,-2,3,MOVE
1770791415.359780,MOUSE,-2,3,MOVE
1770791415.376446,MOUSE,-2,3,MOVE
1770791415.393113,MOUSE,-2,2,MOVE
1770791415.409780,MOUSE,-3,3,MOVE
1770791415.426446,MOUSE,-2,2,MOVE
1770791415.443113,MOUSE,-3,2,MOVE
1770791415.459780,MOUSE,-3,2,MOVE
1770791415.476446,MOUSE,-3,2,MOVE
1770791415.493113,MOUSE,-3,2,MOVE
1770791415.509780,MOUSE,-3,2,MOVE
1770791415.526446,MOUSE,-4,2,MOVE
1770791415.543113,MOUSE,-3,1,MOVE
1770791415.559780,MOUSE,-4,2,MOVE
1770791415.576446,MOUSE,-3,1,MOVE
1770791415.593113,MOUSE,-4,2,MOVE
1770791415.609780,MOUSE,-3,1,MOVE
1770791415.626446,MOUSE,-4,1,MOVE
1770791415.643113,MOUSE,-4,1,MOVE
1770791415.659780,MOUSE,-4,0,MOVE
1770791415.676446,MOUSE,-3,1,MOVE
1770791415.693113,MOUSE,-4,1,MOVE
1770791415.709780,MOUSE,-4,0,MOVE
1770791415.726446,MOUSE,-4,1,MOVE
1770791415.743113,MOUSE,-3,0,MOVE
1770791415.759779,MOUSE,-4,0,MOVE
1770791415.776446,MOUSE,-4,0,MOVE
1770791415.793113,MOUSE,-4,0,MOVE
1770791415.809779,MOUSE,-3,0,MOVE
1770791415.826446,MOUSE,-4,-1,MOVE
1770791415.843113,MOUSE,-3,0,MOVE
1770791415.859779,MOUSE,-4,-1,MOVE
1770791415.876446,MOUSE,-3,-1,MOVE
1770791415.893113,MOUSE,-3,0,MOVE
1770791415.909779,MOUSE,-4,-1,MOVE
1770791415.926446,MOUSE,-3,-1,MOVE
1770791415.943113,MOUSE,-3,-2,MOVE
1770791415.959779,MOUSE,-3,-1,MOVE
1770791415.976446,MOUSE,-2,-1,MOVE
1770791415.993113,MOUSE,-3,-2,MOVE
1770791416.009779,MOUSE,-2,-2,MOVE
1770791416.026446,MOUSE,-3,-1,MOVE
1770791416.043113,MOUSE,-2,-2,MOVE
1770791416.059779,MOUSE,-2,-2,MOVE
1770791416.076446,MOUSE,-2,-2,MOVE
1770791416.093112,MOUSE,-1,-3,MOVE
1770791416.109779,MOUSE,-2,-2,MOVE
1770791416.126446,MOUSE,-1,-3,MOVE
1770791416.143112,MOUSE,-1,-2,MOVE
1770791416.159779,MOUSE,-1,-3,MOVE
1770791416.176446,MOUSE,0,-3,MOVE
1770791416.193112,MOUSE,-1,-3,MOVE
1770791416.209779,MOUSE,0,-3,MOVE
1770791416.226446,MOUSE,0,-4,MOVE
1770791416.243112,MOUSE,1,-3,MOVE
1770791416.259779,MOUSE,1,-3,MOVE
1770791416.276446,MOUSE,0,0,LEFT_DOWN
1770791416.313705,MOUSE,0,0,LEFT_UP
1770791416.372727,MOUSE,9,3,MOVE
1770791416.389394,MOUSE,8,2,MOVE
1770791416.406060,MOUSE,6,0,MOVE
1770791416.422727,MOUSE,5,-1,MOVE
1770791416.439394,MOUSE,3,-2,MOVE
1770791416.456060,MOUSE,2,-3,MOVE
1770791416.472727,MOUSE,0,-4,MOVE
1770791416.489393,MOUSE,-1,-6,MOVE
1770791416.506060,MOUSE,-2,-6,MOVE
1770791416.522727,MOUSE,-3,-8,MOVE
1770791416.539393,MOUSE,-5,-8,MOVE
1770791416.556060,MOUSE,-5,-10,MOVE
1770791416.572727,MOUSE,-7,-10,MOVE
1770791416.589393,MOUSE,-7,-10,MOVE
1770791416.606060,MOUSE,-8,-12,MOVE
1770791416.622727,MOUSE,-9,-12,MOVE
1770791416.639393,MOUSE,-10,-13,MOVE
1770791416.656060,MOUSE,-10,-13,MOVE
1770791416.672727,MOUSE,-11,-13,MOVE
1770791416.689393,MOUSE,-11,-14,MOVE
1770791416.706060,MOUSE,-12,-15,MOVE
1770791416.722727,MOUSE,-12,-14,MOVE
1770791416.739393,MOUSE,-13,-15,MOVE
1770791416.756060,MOUSE,-12,-15,MOVE
1770791416.772727,MOUSE,-13,-15,MOVE
1770791416.789393,MOUSE,-13,-15,MOVE
1770791416.806060,MOUSE,-13,-15,MOVE
1770791416.822726,MOUSE,-13,-15,MOVE
1770791416.839393,MOUSE,-13,-15,MOVE
1770791416.856060,MOUSE,-13,-15,MOVE
1770791416.872726,MOUSE,-13,-14,MOVE
1770791416.889393,MOUSE,-12,-15,MOVE
1770791416.906060,MOUSE,-12,-14,MOVE
1770791416.922726,MOUSE,-12,-13,MOVE
1770791416.939393,MOUSE,-11,-13,MOVE
1770791416.956060,MOUSE,-10,-12,MOVE
1770791416.972726,MOUSE,-10,-12,MOVE
1770791416.989393,MOUSE,-9,-11,MOVE
1770791417.006060,MOUSE,-9,-11,MOVE
1770791417.022726,MOUSE,-7,-9,MOVE
1770791417.039393,MOUSE,0,0,LEFT_DOWN
1770791417.069526,MOUSE,0,0,LEFT_UP
1770791417.133006,MOUSE,-3,-2,MOVE
1770791417.149673,MOUSE,-1,-2,MOVE
1770791417.166340,MOUSE,-1,-2,MOVE
1770791417.183006,MOUSE,1,-1,MOVE
1770791417.199673,MOUSE,1,-1,MOVE
1770791417.216340,MOUSE,2,-1,MOVE
1770791417.233006,MOUSE,2,0,MOVE
1770791417.249673,MOUSE,4,0,MOVE
1770791417.266340,MOUSE,4,0,MOVE
1770791417.283006,MOUSE,4,0,MOVE
1770791417.299673,MOUSE,6,1,MOVE
1770791417.316339,MOUSE,5,0,MOVE
1770791417.333006,MOUSE,7,1,MOVE
1770791417.349673,MOUSE,7,1,MOVE
1770791417.366339,MOUSE,8,1,MOVE
1770791417.383006,MOUSE,8,2,MOVE
1770791417.399673,MOUSE,8,2,MOVE
1770791417.416339,MOUSE,9,1,MOVE
1770791417.433006,MOUSE,10,3,MOVE
1770791417.449673,MOUSE,9,2,MOVE
1770791417.466339,MOUSE,11,2,MOVE
1770791417.483006,MOUSE,10,3,MOVE
1770791417.499673,MOUSE,11,2,MOVE
1770791417.516339,MOUSE,11,3,MOVE
1770791417.533006,MOUSE,11,3,MOVE
1770791417.549673,MOUSE,12,3,MOVE
1770791417.566339,MOUSE,12,3,MOVE
1770791417.583006,MOUSE,12,4,MOVE
1770791417.599673,MOUSE,12,3,MOVE
1770791417.616339,MOUSE,12,4,MOVE
1770791417.633006,MOUSE,12,4,MOVE
1770791417.649673,MOUSE,12,4,MOVE
1770791417.666339,MOUSE,13,3,MOVE
1770791417.683006,MOUSE,12,5,MOVE
1770791417.699672,MOUSE,13,4,MOVE
1770791417.716339,MOUSE,12,4,MOVE
1770791417.733006,MOUSE,12,4,MOVE
1770791417.749672,MOUSE,12,4,MOVE
1770791417.766339,MOUSE,12,5,MOVE
1770791417.783006,MOUSE,12,4,MOVE
1770791417.799672,MOUSE,12,5,MOVE
1770791417.816339,MOUSE,11,5,MOVE
1770791417.833006,MOUSE,12,4,MOVE
1770791417.849672,MOUSE,11,5,MOVE
1770791417.866339,MOUSE,10,5,MOVE
1770791417.883006,MOUSE,11,4,MOVE
1770791417.899672,MOUSE,10,5,MOVE
1770791417.916339,MOUSE,9,5,MOVE
1770791417.933006,MOUSE,10,5,MOVE
1770791417.949672,MOUSE,9,5,MOVE
1770791417.966339,MOUSE,0,0,LEFT_DOWN
1770791417.987187,MOUSE,0,0,LEFT_UP
1770791418.071516,MOUSE,-1,-5,MOVE
1770791418.088183,MOUSE,-2,-5,MOVE
1770791418.104850,MOUSE,-3,-4,MOVE
1770791418.121516,MOUSE,-3,-4,MOVE
1770791418.138183,MOUSE,-5,-4,MOVE
1770791418.154850,MOUSE,-6,-4,MOVE
1770791418.171516,MOUSE,-7,-3,MOVE
1770791418.188183,MOUSE,-7,-3,MOVE
1770791418.204849,MOUSE,-8,-3,MOVE
1770791418.221516,MOUSE,-9,-3,MOVE
1770791418.238183,MOUSE,-10,-3,MOVE
1770791418.254849,MOUSE,-11,-2,MOVE
1770791418.271516,MOUSE,-11,-3,MOVE
1770791418.288183,MOUSE,-12,-2,MOVE
1770791418.304849,MOUSE,-13,-2,MOVE
1770791418.321516,MOUSE,-13,-1,MOVE
1770791418.338183,MOUSE,-14,-2,MOVE
1770791418.354849,MOUSE,-14,-1,MOVE
1770791418.371516,MOUSE,-15,-1,MOVE
1770791418.388183,MOUSE,-15,-1,MOVE
1770791418.404849,MOUSE,-15,-1,MOVE
1770791418.421516,MOUSE,-16,-1,MOVE
1770791418.438183,MOUSE,-17,0,MOVE
1770791418.454849,MOUSE,-16,0,MOVE
1770791418.471516,MOUSE,-17,-1,MOVE
1770791418.488183,MOUSE,-17,1,MOVE
1770791418.504849,MOUSE,-18,0,MOVE
1770791418.521516,MOUSE,-17,0,MOVE
1770791418.538182,MOUSE,-18,1,MOVE
1770791418.554849,MOUSE,-17,0,MOVE
1770791418.571516,MOUSE,-18,1,MOVE
1770791418.588182,MOUSE,-18,1,MOVE
1770791418.604849,MOUSE,-17,2,MOVE
1770791418.621516,MOUSE,-18,1,MOVE
1770791418.638182,MOUSE,-18,2,MOVE
1770791418.654849,MOUSE,-17,1,MOVE
1770791418.671516,MOUSE,-17,2,MOVE
1770791418.688182,MOUSE,-17,2,MOVE
1770791418.704849,MOUSE,-17,2,MOVE
1770791418.721516,MOUSE,-17,2,MOVE
1770791418.738182,MOUSE,-16,3,MOVE
1770791418.754849,MOUSE,-16,2,MOVE
1770791418.771516,MOUSE,-16,3,MOVE
1770791418.788182,MOUSE,-15,3,MOVE
1770791418.804849,MOUSE,-14,3,MOVE
1770791418.821516,MOUSE,-15,3,MOVE
1770791418.838182,MOUSE,-13,3,MOVE
1770791418.854849,MOUSE,-14,3,MOVE
1770791418.871516,MOUSE,-12,4,MOVE
1770791418.888182,MOUSE,-12,3,MOVE
1770791418.904849,MOUSE,-11,4,MOVE
1770791418.921515,MOUSE,-11,4,MOVE
1770791418.938182,MOUSE,-10,4,MOVE
1770791418.954849,MOUSE,-9,4,MOVE
1770791418.971515,MOUSE,-8,4,MOVE
1770791418.988182,MOUSE,-8,4,MOVE
1770791419.004849,MOUSE,-6,4,MOVE
1770791419.021515,MOUSE,-6,5,MOVE
1770791419.038182,MOUSE,-5,5,MOVE
1770791419.054849,MOUSE,-4,4,MOVE
1770791419.071515,MOUSE,-2,5,MOVE
1770791419.088182,MOUSE,-2,5,MOVE
1770791419.104849,MOUSE,-1,5,MOVE
1770791419.121515,MOUSE,1,5,MOVE
1770791419.138182,MOUSE,2,5,MOVE
1770791419.154849,MOUSE,3,6,MOVE
1770791419.171515,MOUSE,0,0,LEFT_DOWN
1770791419.215029,MOUSE,0,0,LEFT_UP
1770791419.277726,MOUSE,6,5,MOVE
1770791419.294393,MOUSE,5,4,MOVE
1770791419.311060,MOUSE,5,5,MOVE
1770791419.327726,MOUSE,3,4,MOVE
1770791419.344393,MOUSE,4,5,MOVE
1770791419.361060,MOUSE,2,4,MOVE
1770791419.377726,MOUSE,2,3,MOVE
1770791419.394393,MOUSE,1,4,MOVE
1770791419.411060,MOUSE,1,3,MOVE
1770791419.427726,MOUSE,0,3,MOVE
1770791419.444393,MOUSE,0,3,MOVE
1770791419.461060,MOUSE,-1,3,MOVE
1770791419.477726,MOUSE,-2,3,MOVE
1770791419.494393,MOUSE,-2,2,MOVE
1770791419.511060,MOUSE,-2,2,MOVE
1770791419.527726,MOUSE,-3,2,MOVE
1770791419.544393,MOUSE,-4,2,MOVE
1770791419.561059,MOUSE,-4,2,MOVE
1770791419.577726,MOUSE,-4,1,MOVE
1770791419.594393,MOUSE,-4,1,MOVE
1770791419.611059,MOUSE,-5,1,MOVE
1770791419.627726,MOUSE,-6,1,MOVE
1770791419.644393,MOUSE,-5,1,MOVE
1770791419.661059,MOUSE,-6,0,MOVE
1770791419.677726,MOUSE,-6,1,MOVE
1770791419.694393,MOUSE,-7,0,MOVE
1770791419.711059,MOUSE,-6,0,MOVE
1770791419.727726,MOUSE,-7,0,MOVE
1770791419.744393,MOUSE,-7,0,MOVE
1770791419.761059,MOUSE,-8,-1,MOVE
1770791419.777726,MOUSE,-7,0,MOVE
1770791419.794393,MOUSE,-7,-1,MOVE
1770791419.811059,MOUSE,-8,-1,MOVE
1770791419.827726,MOUSE,-8,-1,MOVE
1770791419.844393,MOUSE,-7,-1,MOVE
1770791419.861059,MOUSE,-8,-2,MOVE
1770791419.877726,MOUSE,-8,-1,MOVE
1770791419.894392,MOUSE,-8,-2,MOVE
1770791419.911059,MOUSE,-8,-2,MOVE
1770791419.927726,MOUSE,-7,-2,MOVE
1770791419.944392,MOUSE,-8,-2,MOVE
1770791419.961059,MOUSE,-8,-2,MOVE
1770791419.977726,MOUSE,-7,-2,MOVE
1770791419.994392,MOUSE,-7,-3,MOVE
1770791420.011059,MOUSE,-8,-2,MOVE
1770791420.027726,MOUSE,-7,-3,MOVE
1770791420.044392,MOUSE,-7,-3,MOVE
1770791420.061059,MOUSE,-6,-3,MOVE
1770791420.077726,MOUSE,-7,-3,MOVE
1770791420.094392,MOUSE,-6,-3,MOVE
1770791420.111059,MOUSE,-6,-3,MOVE
1770791420.127726,MOUSE,-5,-4,MOVE
1770791420.144392,MOUSE,-6,-3,MOVE
1770791420.161059,MOUSE,-5,-4,MOVE
1770791420.177726,MOUSE,-4,-3,MOVE
1770791420.194392,MOUSE,-5,-4,MOVE
1770791420.211059,MOUSE,-3,-4,MOVE
1770791420.227726,MOUSE,-4,-4,MOVE
1770791420.244392,MOUSE,-3,-4,MOVE
1770791420.261059,MOUSE,-2,-5,MOVE
1770791420.277725,MOUSE,-2,-4,MOVE
1770791420.294392,MOUSE,-2,-4,MOVE
1770791420.311059,MOUSE,-1,-5,MOVE
1770791420.327725,MOUSE,0,-4,MOVE
1770791420.344392,MOUSE,0,0,LEFT_DOWN
1770791420.380416,MOUSE,0,0,LEFT_UP
1770791420.428940,MOUSE,-2,-3,MOVE
1770791420.445606,MOUSE,-1,-3,MOVE
1770791420.462273,MOUSE,0,-2,MOVE
1770791420.478940,MOUSE,1,-2,MOVE
1770791420.495606,MOUSE,1,-3,MOVE
1770791420.512273,MOUSE,2,-2,MOVE
1770791420.528940,MOUSE,2,-2,MOVE
1770791420.545606,MOUSE,3,-2,MOVE
1770791420.562273,MOUSE,3,-2,MOVE
1770791420.578940,MOUSE,4,-2,MOVE
1770791420.595606,MOUSE,5,-1,MOVE
1770791420.612273,MOUSE,4,-2,MOVE
1770791420.628940,MOUSE,6,-2,MOVE
1770791420.645606,MOUSE,6,-1,MOVE
1770791420.662273,MOUSE,6,-2,MOVE
1770791420.678940,MOUSE,7,-2,MOVE
1770791420.695606,MOUSE,7,-1,MOVE
1770791420.712273,MOUSE,7,-1,MOVE
1770791420.728940,MOUSE,8,-2,MOVE
1770791420.745606,MOUSE,9,-1,MOVE
1770791420.762273,MOUSE,8,-1,MOVE
1770791420.778939,MOUSE,9,-1,MOVE
1770791420.795606,MOUSE,9,-2,MOVE
1770791420.812273,MOUSE,10,-1,MOVE
1770791420.828939,MOUSE,9,-1,MOVE
1770791420.845606,MOUSE,10,-1,MOVE
1770791420.862273,MOUSE,11,-1,MOVE
1770791420.878939,MOUSE,10,-1,MOVE
1770791420.895606,MOUSE,11,-1,MOVE
1770791420.912273,MOUSE,10,-1,MOVE
1770791420.928939,MOUSE,11,0,MOVE
1770791420.945606,MOUSE,12,-1,MOVE
1770791420.962273,MOUSE,11,-1,MOVE
1770791420.978939,MOUSE,11,-1,MOVE
1770791420.995606,MOUSE,11,-1,MOVE
1770791421.012273,MOUSE,12,0,MOVE
1770791421.028939,MOUSE,11,-1,MOVE
1770791421.045606,MOUSE,12,-1,MOVE
1770791421.062273,MOUSE,12,-1,MOVE
1770791421.078939,MOUSE,11,0,MOVE
1770791421.095606,MOUSE,12,-1,MOVE
1770791421.112273,MOUSE,11,-1,MOVE
1770791421.128939,MOUSE,12,0,MOVE
1770791421.145606,MOUSE,11,-1,MOVE
1770791421.162272,MOUSE,11,-1,MOVE
1770791421.178939,MOUSE,11,0,MOVE
1770791421.195606,MOUSE,11,-1,MOVE
1770791421.212272,MOUSE,11,-1,MOVE
1770791421.228939,MOUSE,11,0,MOVE
1770791421.245606,MOUSE,11,-1,MOVE
1770791421.262272,MOUSE,10,-1,MOVE
1770791421.278939,MOUSE,10,0,MOVE
1770791421.295606,MOUSE,10,-1,MOVE
1770791421.312272,MOUSE,10,-1,MOVE
1770791421.328939,MOUSE,9,-1,MOVE
1770791421.345606,MOUSE,9,-1,MOVE
1770791421.362272,MOUSE,9,0,MOVE
1770791421.378939,MOUSE,9,-1,MOVE
1770791421.395606,MOUSE,8,-1,MOVE
1770791421.412272,MOUSE,8,-1,MOVE
1770791421.428939,MOUSE,7,-1,MOVE
1770791421.445606,MOUSE,7,-1,MOVE
1770791421.462272,MOUSE,7,-1,MOVE
1770791421.478939,MOUSE,6,-1,MOVE
1770791421.495605,MOUSE,6,-1,MOVE
1770791421.512272,MOUSE,5,-1,MOVE
1770791421.528939,MOUSE,5,-1,MOVE
1770791421.545605,MOUSE,4,-1,MOVE
1770791421.562272,MOUSE,4,-2,MOVE
1770791421.578939,MOUSE,4,-1,MOVE
1770791421.595605,MOUSE,2,-1,MOVE
1770791421.612272,MOUSE,3,-1,MOVE
1770791421.628939,MOUSE,0,0,LEFT_DOWN
1770791421.678755,MOUSE,0,0,LEFT_UP
1770791421.767783,MOUSE,3,0,MOVE
1770791421.784449,MOUSE,2,1,MOVE
1770791421.801116,MOUSE,2,3,MOVE
1770791421.817783,MOUSE,1,4,MOVE
1770791421.834449,MOUSE,0,5,MOVE
1770791421.851116,MOUSE,0,5,MOVE
1770791421.867783,MOUSE,-1,7,MOVE
1770791421.884449,MOUSE,-2,7,MOVE
1770791421.901116,MOUSE,-2,9,MOVE
1770791421.917783,MOUSE,-3,9,MOVE
1770791421.934449,MOUSE,-3,9,MOVE
1770791421.951116,MOUSE,-4,10,MOVE
1770791421.967782,MOUSE,-4,11,MOVE
1770791421.984449,MOUSE,-5,11,MOVE
1770791422.001116,MOUSE,-5,12,MOVE
1770791422.017782,MOUSE,-5,11,MOVE
1770791422.034449,MOUSE,-6,13,MOVE
1770791422.051116,MOUSE,-6,12,MOVE
1770791422.067782,MOUSE,-6,13,MOVE
1770791422.084449,MOUSE,-6,12,MOVE
1770791422.101116,MOUSE,-7,13,MOVE
1770791422.117782,MOUSE,-7,12,MOVE
1770791422.134449,MOUSE,-7,13,MOVE
1770791422.151116,MOUSE,-7,12,MOVE
1770791422.167782,MOUSE,-7,13,MOVE
1770791422.184449,MOUSE,-8,12,MOVE
1770791422.201116,MOUSE,-7,11,MOVE
1770791422.217782,MOUSE,-7,11,MOVE
1770791422.234449,MOUSE,-8,11,MOVE
1770791422.251116,MOUSE,-7,10,MOVE
1770791422.267782,MOUSE,-7,10,MOVE
1770791422.284449,MOUSE,-7,9,MOVE
1770791422.301116,MOUSE,-7,8,MOVE
1770791422.317782,MOUSE,-7,8,MOVE
1770791422.334449,MOUSE,-6,7,MOVE
1770791422.351115,MOUSE,-7,6,MOVE
1770791422.367782,MOUSE,-6,5,MOVE
1770791422.384449,MOUSE,-5,4,MOVE
1770791422.401115,MOUSE,-6,3,MOVE
1770791422.417782,MOUSE,-5,1,MOVE
1770791422.434449,MOUSE,-4,1,MOVE
1770791422.451115,MOUSE,-5,-1,MOVE
1770791422.467782,MOUSE,-3,-2,MOVE
1770791422.484449,MOUSE,-4,-3,MOVE
1770791422.501115,MOUSE,-3,-5,MOVE
1770791422.517782,MOUSE,-2,-6,MOVE
1770791422.534449,MOUSE,-1,-7,MOVE
1770791422.551115,MOUSE,0,0,LEFT_DOWN
1770791422.576825,MOUSE,0,0,LEFT_UP
1770791422.677034,MOUSE,-1,6,MOVE
1770791422.693701,MOUSE,1,4,MOVE
1770791422.710367,MOUSE,2,3,MOVE
1770791422.727034,MOUSE,4,3,MOVE
1770791422.743701,MOUSE,5,0,MOVE
1770791422.760367,MOUSE,6,0,MOVE
1770791422.777034,MOUSE,7,-2,MOVE
1770791422.793701,MOUSE,9,-2,MOVE
1770791422.810367,MOUSE,10,-4,MOVE
1770791422.827034,MOUSE,10,-5,MOVE
1770791422.843701,MOUSE,12,-6,MOVE
1770791422.860367,MOUSE,13,-6,MOVE
1770791422.877034,MOUSE,13,-8,MOVE
1770791422.893701,MOUSE,15,-9,MOVE
1770791422.910367,MOUSE,15,-9,MOVE
1770791422.927034,MOUSE,17,-10,MOVE
1770791422.943701,MOUSE,16,-11,MOVE
1770791422.960367,MOUSE,18,-12,MOVE
1770791422.977034,MOUSE,18,-12,MOVE
1770791422.993701,MOUSE,19,-13,MOVE
1770791423.010367,MOUSE,20,-14,MOVE
1770791423.027034,MOUSE,20,-14,MOVE
1770791423.043700,MOUSE,20,-15,MOVE
1770791423.060367,MOUSE,21,-15,MOVE
1770791423.077034,MOUSE,21,-15,MOVE
1770791423.093700,MOUSE,22,-16,MOVE
1770791423.110367,MOUSE,22,-17,MOVE
1770791423.127034,MOUSE,22,-17,MOVE
1770791423.143700,MOUSE,22,-17,MOVE
1770791423.160367,MOUSE,22,-17,MOVE
1770791423.177034,MOUSE,23,-17,MOVE
1770791423.193700,MOUSE,23,-18,MOVE
1770791423.210367,MOUSE,22,-18,MOVE
1770791423.227034,MOUSE,23,-18,MOVE
1770791423.243700,MOUSE,22,-18,MOVE
1770791423.260367,MOUSE,23,-17,MOVE
1770791423.277034,MOUSE,22,-18,MOVE
1770791423.293700,MOUSE,22,-18,MOVE
1770791423.310367,MOUSE,22,-18,MOVE
1770791423.327034,MOUSE,21,-17,MOVE
1770791423.343700,MOUSE,21,-18,MOVE
1770791423.360367,MOUSE,21,-17,MOVE
1770791423.377033,MOUSE,20,-17,MOVE
1770791423.393700,MOUSE,20,-16,MOVE
1770791423.410367,MOUSE,19,-17,MOVE
1770791423.427033,MOUSE,19,-15,MOVE
1770791423.443700,MOUSE,18,-16,MOVE
1770791423.460367,MOUSE,17,-15,MOVE
1770791423.477033,MOUSE,17,-14,MOVE
1770791423.493700,MOUSE,16,-14,MOVE
1770791423.510367,MOUSE,15,-13,MOVE
1770791423.527033,MOUSE,14,-13,MOVE
1770791423.543700,MOUSE,13,-12,MOVE
1770791423.560367,MOUSE,12,-11,MOVE
1770791423.577033,MOUSE,12,-11,MOVE
1770791423.593700,MOUSE,10,-10,MOVE
1770791423.610367,MOUSE,9,-9,MOVE
1770791423.627033,MOUSE,8,-8,MOVE
1770791423.643700,MOUSE,7,-7,MOVE
1770791423.660367,MOUSE,6,-6,MOVE
1770791423.677033,MOUSE,4,-5,MOVE
1770791423.693700,MOUSE,3,-5,MOVE
1770791423.710366,MOUSE,2,-3,MOVE
1770791423.727033,MOUSE,0,-2,MOVE
1770791423.743700,MOUSE,-1,-1,MOVE
1770791423.760366,MOUSE,-2,1,MOVE
1770791423.777033,MOUSE,0,0,LEFT_DOWN
1770791423.802091,MOUSE,0,0,LEFT_UP
1770791423.860286,MOUSE,-2,1,MOVE
1770791423.876953,MOUSE,-2,2,MOVE
1770791423.893619,MOUSE,-2,2,MOVE
1770791423.910286,MOUSE,-2,3,MOVE
1770791423.926953,MOUSE,-3,4,MOVE
1770791423.943619,MOUSE,-3,4,MOVE
1770791423.960286,MOUSE,-4,5,MOVE
1770791423.976953,MOUSE,-3,6,MOVE
1770791423.993619,MOUSE,-4,6,MOVE
1770791424.010286,MOUSE,-4,6,MOVE
1770791424.026953,MOUSE,-5,7,MOVE
1770791424.043619,MOUSE,-4,8,MOVE
1770791424.060286,MOUSE,-5,7,MOVE
1770791424.076952,MOUSE,-5,9,MOVE
1770791424.093619,MOUSE,-5,9,MOVE
1770791424.110286,MOUSE,-6,9,MOVE
1770791424.126952,MOUSE,-6,9,MOVE
1770791424.143619,MOUSE,-6,10,MOVE
1770791424.160286,MOUSE,-6,10,MOVE
1770791424.176952,MOUSE,-6,11,MOVE
1770791424.193619,MOUSE,-7,11,MOVE
1770791424.210286,MOUSE,-6,11,MOVE
1770791424.226952,MOUSE,-7,12,MOVE
1770791424.243619,MOUSE,-7,11,MOVE
1770791424.260286,MOUSE,-7,12,MOVE
1770791424.276952,MOUSE,-7,12,MOVE
1770791424.293619,MOUSE,-8,13,MOVE
1770791424.310286,MOUSE,-7,13,MOVE
1770791424.326952,MOUSE,-8,12,MOVE
1770791424.343619,MOUSE,-8,13,MOVE
1770791424.360286,MOUSE,-8,13,MOVE
1770791424.376952,MOUSE,-8,14,MOVE
1770791424.393619,MOUSE,-8,13,MOVE
1770791424.410285,MOUSE,-8,13,MOVE
1770791424.426952,MOUSE,-8,14,MOVE
1770791424.443619,MOUSE,-9,13,MOVE
1770791424.460285,MOUSE,-8,14,MOVE
1770791424.476952,MOUSE,-8,13,MOVE
1770791424.493619,MOUSE,-9,14,MOVE
1770791424.510285,MOUSE,-8,13,MOVE
1770791424.526952,MOUSE,-9,14,MOVE
1770791424.543619,MOUSE,-9,13,MOVE
1770791424.560285,MOUSE,-8,13,MOVE
1770791424.576952,MOUSE,-9,14,MOVE
1770791424.593619,MOUSE,-8,13,MOVE
1770791424.610285,MOUSE,-9,13,MOVE
1770791424.626952,MOUSE,-9,13,MOVE
1770791424.643619,MOUSE,-8,12,MOVE
1770791424.660285,MOUSE,-9,13,MOVE
1770791424.676952,MOUSE,-8,12,MOVE
1770791424.693619,MOUSE,-9,12,MOVE
1770791424.710285,MOUSE,-8,12,MOVE
1770791424.726952,MOUSE,-9,12,MOVE
1770791424.743618,MOUSE,-8,11,MOVE
1770791424.760285,MOUSE,-8,11,MOVE
1770791424.776952,MOUSE,-8,11,MOVE
1770791424.793618,MOUSE,-9,10,MOVE
1770791424.810285,MOUSE,-8,10,MOVE
1770791424.826952,MOUSE,-7,10,MOVE
1770791424.843618,MOUSE,-8,9,MOVE
1770791424.860285,MOUSE,-8,9,MOVE
1770791424.876952,MOUSE,-8,8,MOVE
1770791424.893618,MOUSE,-7,8,MOVE
1770791424.910285,MOUSE,-7,8,MOVE
1770791424.926952,MOUSE,-7,7,MOVE
1770791424.943618,MOUSE,-8,7,MOVE
1770791424.960285,MOUSE,0,0,LEFT_DOWN
1770791424.985061,MOUSE,0,0,LEFT_UP
