1770791351.632743,MOUSE,4,3,MOVE
1770791351.649410,MOUSE,4,3,MOVE
1770791351.666076,MOUSE,4,3,MOVE
1770791351.682743,MOUSE,4,3,MOVE
1770791351.699409,MOUSE,4,3,MOVE
1770791351.716076,MOUSE,4,3,MOVE
1770791351.732743,MOUSE,4,3,MOVE
1770791351.749409,MOUSE,4,3,MOVE
1770791351.766076,MOUSE,4,3,MOVE
1770791351.782743,MOUSE,4,3,MOVE
1770791351.799409,MOUSE,4,3,MOVE
1770791351.816076,MOUSE,4,3,MOVE
1770791351.832743,MOUSE,4,3,MOVE
1770791351.849409,MOUSE,-1,2,MOVE
1770791351.866076,MOUSE,-1,2,MOVE
1770791351.882743,MOUSE,-1,2,MOVE
1770791351.899409,MOUSE,-1,2,MOVE
1770791351.916076,MOUSE,-1,2,MOVE
1770791351.932743,MOUSE,-1,2,MOVE
1770791351.949409,MOUSE,-1,2,MOVE
1770791351.966076,MOUSE,-1,2,MOVE
1770791351.982743,MOUSE,-1,2,MOVE
1770791351.999409,MOUSE,-1,2,MOVE
1770791352.016076,MOUSE,-1,2,MOVE
1770791352.032743,MOUSE,-1,2,MOVE
1770791352.049409,MOUSE,-1,2,MOVE
1770791352.066076,MOUSE,-1,2,MOVE
1770791352.082742,MOUSE,-1,2,MOVE
1770791352.099409,MOUSE,-1,2,MOVE
1770791352.116076,MOUSE,-1,2,MOVE
1770791352.132742,MOUSE,-1,2,MOVE
1770791352.149409,MOUSE,-1,2,MOVE
1770791352.166076,MOUSE,-1,2,MOVE
1770791352.182742,MOUSE,-1,2,MOVE
1770791352.199409,MOUSE,-1,2,MOVE
1770791352.216076,MOUSE,-1,2,MOVE
1770791352.232742,MOUSE,-1,2,MOVE
1770791352.249409,MOUSE,-1,2,MOVE
1770791352.266076,MOUSE,-1,2,MOVE
1770791352.282742,MOUSE,-1,2,MOVE
1770791352.299409,MOUSE,-1,2,MOVE
1770791352.316076,MOUSE,-1,2,MOVE
1770791352.332742,MOUSE,-1,2,MOVE
1770791352.349409,MOUSE,-1,2,MOVE
1770791352.366076,MOUSE,-1,2,MOVE
1770791352.382742,MOUSE,-1,2,MOVE
1770791352.399409,MOUSE,-1,2,MOVE
1770791352.416075,MOUSE,-1,2,MOVE
1770791352.432742,MOUSE,-1,2,MOVE
1770791352.449409,MOUSE,-1,2,MOVE
1770791352.466075,MOUSE,-1,2,MOVE
1770791352.482742,MOUSE,-1,2,MOVE
1770791352.499409,MOUSE,-1,2,MOVE
1770791352.516075,MOUSE,-1,2,MOVE
1770791352.532742,MOUSE,-1,2,MOVE
1770791352.549409,MOUSE,-1,2,MOVE
1770791352.566075,MOUSE,-1,2,MOVE
1770791352.582742,MOUSE,-1,2,MOVE
1770791352.599409,MOUSE,-1,2,MOVE
1770791352.616075,MOUSE,-1,2,MOVE
1770791352.632742,MOUSE,-1,2,MOVE
1770791352.649409,MOUSE,-1,2,MOVE
1770791352.666075,MOUSE,-1,2,MOVE
1770791352.682742,MOUSE,-1,2,MOVE
1770791352.699409,MOUSE,-1,2,MOVE
1770791352.716075,MOUSE,-1,2,MOVE
1770791352.732742,MOUSE,-1,2,MOVE
1770791352.749408,MOUSE,-1,2,MOVE
1770791352.766075,MOUSE,-1,2,MOVE
1770791352.782742,MOUSE,-1,2,MOVE
1770791352.799408,MOUSE,-1,2,MOVE
1770791352.816075,MOUSE,-1,2,MOVE
1770791352.832742,MOUSE,-1,2,MOVE
1770791352.849408,MOUSE,-1,2,MOVE
1770791352.866075,MOUSE,-1,2,MOVE
1770791352.882742,MOUSE,-1,2,MOVE
1770791352.899408,MOUSE,-1,2,MOVE
1770791352.916075,MOUSE,-1,2,MOVE
1770791352.932742,MOUSE,-1,2,MOVE
1770791352.949408,MOUSE,-1,2,MOVE
1770791352.966075,MOUSE,-1,2,MOVE
1770791352.982742,MOUSE,-1,2,MOVE
1770791352.999408,MOUSE,-1,2,MOVE
1770791353.016075,MOUSE,-1,2,MOVE
1770791353.032742,MOUSE,-1,2,MOVE
1770791353.049408,MOUSE,-1,2,MOVE
1770791353.066075,MOUSE,-1,2,MOVE
1770791353.082741,MOUSE,-1,2,MOVE
1770791353.099408,MOUSE,-1,2,MOVE
1770791353.116075,MOUSE,-1,2,MOVE
1770791353.132741,MOUSE,-1,2,MOVE
1770791353.149408,MOUSE,-1,2,MOVE
1770791353.166075,MOUSE,-1,2,MOVE
1770791353.182741,MOUSE,-1,2,MOVE
1770791353.199408,MOUSE,-1,2,MOVE
1770791353.216075,MOUSE,-1,2,MOVE
1770791353.232741,MOUSE,-1,2,MOVE
1770791353.249408,MOUSE,-1,2,MOVE
1770791353.266075,MOUSE,-1,2,MOVE
1770791353.282741,MOUSE,-1,2,MOVE
1770791353.299408,MOUSE,-1,2,MOVE
1770791353.316075,MOUSE,-2,-3,MOVE
1770791353.332741,MOUSE,-2,-3,MOVE
1770791353.349408,MOUSE,-2,-3,MOVE
1770791353.366075,MOUSE,-2,-3,MOVE
1770791353.382741,MOUSE,-2,-3,MOVE
1770791353.399408,MOUSE,-2,-3,MOVE
1770791353.416075,MOUSE,-2,-3,MOVE
1770791353.432741,MOUSE,-2,-3,MOVE
1770791353.449408,MOUSE,-2,-3,MOVE
1770791353.466074,MOUSE,-2,-3,MOVE
1770791353.482741,MOUSE,-2,-3,MOVE
1770791353.499408,MOUSE,-2,-3,MOVE
1770791353.516074,MOUSE,-2,-3,MOVE
1770791353.532741,MOUSE,-2,-3,MOVE
1770791353.549408,MOUSE,-2,-3,MOVE
1770791353.566074,MOUSE,-2,-3,MOVE
1770791353.582741,MOUSE,-2,-3,MOVE
1770791353.599408,MOUSE,-2,-3,MOVE
1770791353.616074,MOUSE,-2,-3,MOVE
1770791353.632741,MOUSE,-2,-3,MOVE
1770791353.649408,MOUSE,-2,-3,MOVE
1770791353.666074,MOUSE,-2,-3,MOVE
1770791353.682741,MOUSE,-2,-3,MOVE
1770791353.699408,MOUSE,-2,-3,MOVE
1770791353.716074,MOUSE,-2,-3,MOVE
1770791353.732741,MOUSE,-2,-3,MOVE
1770791353.749408,MOUSE,-2,-3,MOVE
1770791353.766074,MOUSE,-2,-3,MOVE
1770791353.782741,MOUSE,-2,-3,MOVE
1770791353.799407,MOUSE,-2,-3,MOVE
1770791353.816074,MOUSE,-2,-3,MOVE
1770791353.832741,MOUSE,-2,-3,MOVE
1770791353.849407,MOUSE,-2,-3,MOVE
1770791353.866074,MOUSE,-2,-3,MOVE
1770791353.882741,MOUSE,-2,-3,MOVE
1770791353.899407,MOUSE,-2,-3,MOVE
1770791353.916074,MOUSE,-2,-3,MOVE
1770791353.932741,MOUSE,-2,-3,MOVE
1770791353.949407,MOUSE,-2,-3,MOVE
1770791353.966074,MOUSE,-2,-3,MOVE
1770791353.982741,MOUSE,-2,-3,MOVE
1770791353.999407,MOUSE,-2,-3,MOVE
1770791354.016074,MOUSE,-2,-3,MOVE
1770791354.032741,MOUSE,-2,-3,MOVE
1770791354.049407,MOUSE,-2,-3,MOVE
1770791354.066074,MOUSE,-2,-3,MOVE
1770791354.082741,MOUSE,-2,-3,MOVE
1770791354.099407,MOUSE,-2,-3,MOVE
1770791354.116074,MOUSE,-2,-3,MOVE
1770791354.132740,MOUSE,-2,-3,MOVE
1770791354.149407,MOUSE,-2,-3,MOVE
1770791354.166074,MOUSE,-2,-3,MOVE
1770791354.182740,MOUSE,-2,-3,MOVE
1770791354.199407,MOUSE,-2,-3,MOVE
1770791354.216074,MOUSE,-2,-3,MOVE
1770791354.232740,MOUSE,-2,-3,MOVE
1770791354.249407,MOUSE,-2,-3,MOVE
1770791354.266074,MOUSE,-2,-3,MOVE
1770791354.282740,MOUSE,-2,-3,MOVE
1770791354.299407,MOUSE,-2,-3,MOVE
1770791354.316074,MOUSE,-2,-3,MOVE
1770791354.332740,MOUSE,-2,-3,MOVE
1770791354.349407,MOUSE,-2,-3,MOVE
1770791354.366074,MOUSE,-2,-3,MOVE
1770791354.382740,MOUSE,-2,-3,MOVE
1770791354.399407,MOUSE,-2,-3,MOVE
1770791354.416074,MOUSE,-2,-3,MOVE
1770791354.432740,MOUSE,-2,-3,MOVE
1770791354.449407,MOUSE,-2,-3,MOVE
1770791354.466074,MOUSE,-2,-3,MOVE
1770791354.482740,MOUSE,-2,-3,MOVE
1770791354.499407,MOUSE,-2,-3,MOVE
1770791354.516073,MOUSE,-2,-3,MOVE
1770791354.532740,MOUSE,-2,-3,MOVE
1770791354.549407,MOUSE,-2,-3,MOVE
1770791354.566073,MOUSE,-2,-3,MOVE
1770791354.582740,MOUSE,-2,-3,MOVE
1770791354.599407,MOUSE,-2,-3,MOVE
1770791354.616073,MOUSE,-2,-3,MOVE
1770791354.632740,MOUSE,-2,-3,MOVE
1770791354.649407,MOUSE,-2,-3,MOVE
1770791354.666073,MOUSE,-2,-3,MOVE
1770791354.682740,MOUSE,-2,-3,MOVE
1770791354.699407,MOUSE,-2,-3,MOVE
1770791354.716073,MOUSE,-2,-3,MOVE
1770791354.732740,MOUSE,-2,-3,MOVE
1770791354.749407,MOUSE,-2,-3,MOVE
1770791354.766073,MOUSE,-2,-3,MOVE
1770791354.782740,MOUSE,-2,-3,MOVE
1770791354.799407,MOUSE,-2,-3,MOVE
1770791354.816073,MOUSE,-2,-3,MOVE
1770791354.832740,MOUSE,-2,-3,MOVE
1770791354.849406,MOUSE,-2,-3,MOVE
1770791354.866073,MOUSE,-2,-3,MOVE
1770791354.882740,MOUSE,-2,-3,MOVE
1770791354.899406,MOUSE,-2,-3,MOVE
1770791354.916073,MOUSE,-2,-3,MOVE
1770791354.932740,MOUSE,-2,-3,MOVE
1770791354.949406,MOUSE,-2,-3,MOVE
1770791354.966073,MOUSE,-2,-3,MOVE
1770791354.982740,MOUSE,-2,-3,MOVE
1770791354.999406,MOUSE,-2,-3,MOVE
1770791355.016073,MOUSE,-2,-3,MOVE
1770791355.032740,MOUSE,-2,-3,MOVE
1770791355.049406,MOUSE,-2,-3,MOVE
1770791355.066073,MOUSE,-2,-3,MOVE
1770791355.082740,MOUSE,-2,-3,MOVE
1770791355.099406,MOUSE,-2,-3,MOVE
1770791355.116073,MOUSE,4,1,MOVE
1770791355.132740,MOUSE,4,1,MOVE
1770791355.149406,MOUSE,4,1,MOVE
1770791355.166073,MOUSE,4,1,MOVE
1770791355.182739,MOUSE,4,1,MOVE
1770791355.199406,MOUSE,4,1,MOVE
1770791355.216073,MOUSE,4,1,MOVE
1770791355.232739,MOUSE,4,1,MOVE
1770791355.249406,MOUSE,4,1,MOVE
1770791355.266073,MOUSE,4,1,MOVE
1770791355.282739,MOUSE,4,1,MOVE
1770791355.299406,MOUSE,4,1,MOVE
1770791355.316073,MOUSE,4,1,MOVE
1770791355.332739,MOUSE,4,1,MOVE
1770791355.349406,MOUSE,4,1,MOVE
1770791355.366073,MOUSE,4,1,MOVE
1770791355.382739,MOUSE,4,1,MOVE
1770791355.399406,MOUSE,4,1,MOVE
1770791355.416073,MOUSE,4,1,MOVE
1770791355.432739,MOUSE,4,1,MOVE
1770791355.449406,MOUSE,4,1,MOVE
1770791355.466073,MOUSE,4,1,MOVE
1770791355.482739,MOUSE,4,1,MOVE
1770791355.499406,MOUSE,4,1,MOVE
1770791355.516073,MOUSE,4,1,MOVE
1770791355.532739,MOUSE,4,1,MOVE
1770791355.549406,MOUSE,4,1,MOVE
1770791355.566072,MOUSE,4,1,MOVE
1770791355.582739,MOUSE,4,1,MOVE
1770791355.599406,MOUSE,4,1,MOVE
1770791355.616072,MOUSE,3,-3,MOVE
1770791355.632739,MOUSE,3,-3,MOVE
1770791355.649406,MOUSE,3,-3,MOVE
1770791355.666072,MOUSE,3,-3,MOVE
1770791355.682739,MOUSE,3,-3,MOVE
1770791355.699406,MOUSE,3,-3,MOVE
1770791355.716072,MOUSE,3,-3,MOVE
1770791355.732739,MOUSE,3,-3,MOVE
1770791355.749406,MOUSE,3,-3,MOVE
1770791355.766072,MOUSE,3,-3,MOVE
1770791355.782739,MOUSE,3,-3,MOVE
1770791355.799406,MOUSE,3,-3,MOVE
1770791355.816072,MOUSE,3,-3,MOVE
1770791355.832739,MOUSE,3,-3,MOVE
1770791355.849406,MOUSE,3,-3,MOVE
1770791355.866072,MOUSE,3,-3,MOVE
1770791355.882739,MOUSE,3,-3,MOVE
1770791355.899405,MOUSE,3,-3,MOVE
1770791355.916072,MOUSE,3,-3,MOVE
1770791355.932739,MOUSE,3,-3,MOVE
1770791355.949405,MOUSE,3,-3,MOVE
1770791355.966072,MOUSE,3,-3,MOVE
1770791355.982739,MOUSE,3,-3,MOVE
1770791355.999405,MOUSE,3,-3,MOVE
1770791356.016072,MOUSE,3,-3,MOVE
1770791356.032739,MOUSE,3,-3,MOVE
1770791356.049405,MOUSE,3,-3,MOVE
1770791356.066072,MOUSE,3,-3,MOVE
1770791356.082739,MOUSE,3,-3,MOVE
1770791356.099405,MOUSE,3,-3,MOVE
1770791356.116072,MOUSE,3,-3,MOVE
1770791356.132739,MOUSE,3,-3,MOVE
1770791356.149405,MOUSE,3,-3,MOVE
1770791356.166072,MOUSE,3,-3,MOVE
1770791356.182739,MOUSE,3,-3,MOVE
1770791356.199405,MOUSE,3,-3,MOVE
1770791356.216072,MOUSE,3,-3,MOVE
1770791356.232738,MOUSE,3,-3,MOVE
1770791356.249405,MOUSE,3,-3,MOVE
1770791356.266072,MOUSE,3,-3,MOVE
1770791356.282738,MOUSE,3,-3,MOVE
1770791356.299405,MOUSE,3,-3,MOVE
1770791356.316072,MOUSE,3,-3,MOVE
1770791356.332738,MOUSE,3,-3,MOVE
1770791356.349405,MOUSE,3,-3,MOVE
1770791356.366072,MOUSE,3,-3,MOVE
1770791356.382738,MOUSE,3,-3,MOVE
1770791356.399405,MOUSE,3,-3,MOVE
1770791356.416072,MOUSE,3,-3,MOVE
1770791356.432738,MOUSE,3,-3,MOVE
1770791356.449405,MOUSE,3,-3,MOVE
1770791356.466072,MOUSE,3,-3,MOVE
1770791356.482738,MOUSE,3,-3,MOVE
1770791356.499405,MOUSE,3,-3,MOVE
1770791356.516072,MOUSE,3,-3,MOVE
1770791356.532738,MOUSE,3,-3,MOVE
1770791356.549405,MOUSE,3,-3,MOVE
1770791356.566072,MOUSE,3,-3,MOVE
1770791356.582738,MOUSE,3,-3,MOVE
1770791356.599405,MOUSE,3,-3,MOVE
1770791356.616071,MOUSE,3,-3,MOVE
1770791356.632738,MOUSE,3,-3,MOVE
1770791356.649405,MOUSE,3,-3,MOVE
1770791356.666071,MOUSE,3,-3,MOVE
1770791356.682738,MOUSE,3,-3,MOVE
1770791356.699405,MOUSE,3,-3,MOVE
1770791356.716071,MOUSE,3,-3,MOVE
1770791356.732738,MOUSE,3,-3,MOVE
1770791356.749405,MOUSE,3,-3,MOVE
1770791356.766071,MOUSE,3,-3,MOVE
1770791356.782738,MOUSE,3,-3,MOVE
1770791356.799405,MOUSE,3,-3,MOVE
1770791356.816071,MOUSE,3,-3,MOVE
1770791356.832738,MOUSE,3,-3,MOVE
1770791356.849405,MOUSE,3,-3,MOVE
1770791356.866071,MOUSE,3,-3,MOVE
1770791356.882738,MOUSE,3,-3,MOVE
1770791356.899405,MOUSE,3,-3,MOVE
1770791356.916071,MOUSE,3,-3,MOVE
1770791356.932738,MOUSE,3,-3,MOVE
1770791356.932738,MOUSE,0,0,LEFT_DOWN
1770791356.942738,MOUSE,0,0,LEFT_UP
1770791356.949404,MOUSE,3,-3,MOVE
1770791356.966071,MOUSE,3,-3,MOVE
1770791356.982738,MOUSE,3,-3,MOVE
1770791356.999404,MOUSE,3,-3,MOVE
1770791357.016071,MOUSE,3,-3,MOVE
1770791357.032738,MOUSE,3,-3,MOVE
1770791357.049404,MOUSE,3,-3,MOVE
1770791357.066071,MOUSE,3,-3,MOVE
1770791357.082738,MOUSE,3,-3,MOVE
1770791357.099404,MOUSE,3,-3,MOVE
1770791357.116071,MOUSE,3,-3,MOVE
1770791357.132738,MOUSE,3,-3,MOVE
1770791357.149404,MOUSE,3,-3,MOVE
1770791357.166071,MOUSE,3,-3,MOVE
1770791357.182738,MOUSE,3,-3,MOVE
1770791357.199404,MOUSE,3,-3,MOVE
1770791357.216071,MOUSE,3,-3,MOVE
1770791357.232738,MOUSE,3,-3,MOVE
1770791357.249404,MOUSE,3,-3,MOVE
1770791357.266071,MOUSE,3,-3,MOVE
1770791357.282737,MOUSE,3,-3,MOVE
1770791357.299404,MOUSE,3,-3,MOVE
1770791357.316071,MOUSE,3,-3,MOVE
1770791357.316071,MOUSE,0,0,LEFT_DOWN
1770791357.326071,MOUSE,0,0,LEFT_UP
1770791357.332737,MOUSE,3,-3,MOVE
1770791357.349404,MOUSE,3,-3,MOVE
1770791357.366071,MOUSE,3,-3,MOVE
1770791357.382737,MOUSE,3,-3,MOVE
1770791357.399404,MOUSE,3,-3,MOVE
1770791357.416071,MOUSE,3,-3,MOVE
1770791357.432737,MOUSE,3,-3,MOVE
1770791357.449404,MOUSE,3,-3,MOVE
1770791357.466071,MOUSE,3,-3,MOVE
1770791357.482737,MOUSE,3,-3,MOVE
1770791357.499404,MOUSE,3,-3,MOVE
1770791357.516071,MOUSE,3,-3,MOVE
1770791357.532737,MOUSE,3,-3,MOVE
1770791357.549404,MOUSE,3,-3,MOVE
1770791357.566071,MOUSE,3,0,MOVE
1770791357.582737,MOUSE,3,0,MOVE
1770791357.599404,MOUSE,3,0,MOVE
1770791357.616071,MOUSE,3,0,MOVE
1770791357.632737,MOUSE,3,0,MOVE
1770791357.649404,MOUSE,3,0,MOVE
1770791357.666070,MOUSE,3,0,MOVE
1770791357.682737,MOUSE,3,0,MOVE
1770791357.699404,MOUSE,3,0,MOVE
1770791357.699404,MOUSE,0,0,LEFT_DOWN
1770791357.709404,MOUSE,0,0,LEFT_UP
1770791357.716070,MOUSE,3,0,MOVE
1770791357.732737,MOUSE,3,0,MOVE
1770791357.749404,MOUSE,3,0,MOVE
1770791357.766070,MOUSE,3,0,MOVE
1770791357.782737,MOUSE,3,0,MOVE
1770791357.799404,MOUSE,3,0,MOVE
1770791357.816070,MOUSE,3,0,MOVE
1770791357.832737,MOUSE,3,0,MOVE
1770791357.849404,MOUSE,3,0,MOVE
1770791357.866070,MOUSE,3,0,MOVE
1770791357.882737,MOUSE,3,0,MOVE
1770791357.899404,MOUSE,3,0,MOVE
1770791357.916070,MOUSE,3,0,MOVE
1770791357.932737,MOUSE,3,0,MOVE
1770791357.949404,MOUSE,3,0,MOVE
1770791357.966070,MOUSE,3,0,MOVE
1770791357.982737,MOUSE,3,0,MOVE
1770791357.999403,MOUSE,3,0,MOVE
1770791358.016070,MOUSE,3,0,MOVE
1770791358.032737,MOUSE,3,0,MOVE
1770791358.049403,MOUSE,3,0,MOVE
1770791358.066070,MOUSE,3,0,MOVE
1770791358.082737,MOUSE,3,0,MOVE
1770791358.099403,MOUSE,3,0,MOVE
1770791358.116070,MOUSE,3,0,MOVE
1770791358.132737,MOUSE,3,0,MOVE
1770791358.149403,MOUSE,3,0,MOVE
1770791358.166070,MOUSE,3,0,MOVE
1770791358.182737,MOUSE,3,0,MOVE
1770791358.199403,MOUSE,3,0,MOVE
1770791358.216070,MOUSE,3,0,MOVE
1770791358.232737,MOUSE,3,0,MOVE
1770791358.249403,MOUSE,3,0,MOVE
1770791358.266070,MOUSE,3,0,MOVE
1770791358.282737,MOUSE,3,0,MOVE
1770791358.299403,MOUSE,3,0,MOVE
1770791358.316070,MOUSE,3,0,MOVE
1770791358.332736,MOUSE,3,0,MOVE
1770791358.349403,MOUSE,3,0,MOVE
1770791358.366070,MOUSE,3,0,MOVE
1770791358.382736,MOUSE,3,0,MOVE
1770791358.399403,MOUSE,3,0,MOVE
1770791358.416070,MOUSE,3,0,MOVE
1770791358.432736,MOUSE,3,0,MOVE
1770791358.449403,MOUSE,3,2,MOVE
1770791358.466070,MOUSE,3,2,MOVE
1770791358.482736,MOUSE,3,2,MOVE
1770791358.499403,MOUSE,3,2,MOVE
1770791358.516070,MOUSE,3,2,MOVE
1770791358.532736,MOUSE,3,2,MOVE
1770791358.549403,MOUSE,3,2,MOVE
1770791358.566070,MOUSE,3,2,MOVE
1770791358.582736,MOUSE,3,2,MOVE
1770791358.599403,MOUSE,3,2,MOVE
1770791358.616070,MOUSE,3,2,MOVE
1770791358.632736,MOUSE,3,2,MOVE
1770791358.649403,MOUSE,3,2,MOVE
1770791358.666070,MOUSE,3,2,MOVE
1770791358.682736,MOUSE,3,2,MOVE
1770791358.699403,MOUSE,3,2,MOVE
1770791358.716069,MOUSE,3,2,MOVE
1770791358.732736,MOUSE,3,2,MOVE
1770791358.749403,MOUSE,3,2,MOVE
1770791358.766069,MOUSE,3,2,MOVE
1770791358.782736,MOUSE,3,2,MOVE
1770791358.799403,MOUSE,3,2,MOVE
1770791358.816069,MOUSE,3,2,MOVE
1770791358.832736,MOUSE,3,2,MOVE
1770791358.849403,MOUSE,3,2,MOVE
1770791358.849403,MOUSE,0,0,LEFT_DOWN
1770791358.859403,MOUSE,0,0,LEFT_UP
1770791358.866069,MOUSE,3,2,MOVE
1770791358.882736,MOUSE,3,2,MOVE
1770791358.899403,MOUSE,3,2,MOVE
1770791358.916069,MOUSE,3,2,MOVE
1770791358.932736,MOUSE,3,2,MOVE
1770791358.949403,MOUSE,3,2,MOVE
1770791358.949403,MOUSE,0,0,LEFT_DOWN
1770791358.959403,MOUSE,0,0,LEFT_UP
1770791358.966069,MOUSE,3,2,MOVE
1770791358.982736,MOUSE,3,2,MOVE
1770791358.999403,MOUSE,3,2,MOVE
1770791359.016069,MOUSE,3,2,MOVE
1770791359.032736,MOUSE,3,2,MOVE
1770791359.049402,MOUSE,3,2,MOVE
1770791359.049402,MOUSE,0,0,LEFT_DOWN
1770791359.059402,MOUSE,0,0,LEFT_UP
1770791359.066069,MOUSE,3,2,MOVE
1770791359.082736,MOUSE,3,2,MOVE
1770791359.099402,MOUSE,3,2,MOVE
1770791359.116069,MOUSE,3,2,MOVE
1770791359.132736,MOUSE,3,2,MOVE
1770791359.149402,MOUSE,3,2,MOVE
1770791359.149402,MOUSE,0,0,LEFT_DOWN
1770791359.159402,MOUSE,0,0,LEFT_UP
1770791359.166069,MOUSE,3,2,MOVE
1770791359.182736,MOUSE,2,1,MOVE
1770791359.199402,MOUSE,2,1,MOVE
1770791359.216069,MOUSE,2,1,MOVE
1770791359.232736,MOUSE,2,1,MOVE
1770791359.249402,MOUSE,2,1,MOVE
1770791359.249402,MOUSE,0,0,LEFT_DOWN
1770791359.259402,MOUSE,0,0,LEFT_UP
1770791359.266069,MOUSE,2,1,MOVE
1770791359.282736,MOUSE,2,1,MOVE
1770791359.299402,MOUSE,2,1,MOVE
1770791359.316069,MOUSE,2,1,MOVE
1770791359.332736,MOUSE,2,1,MOVE
1770791359.349402,MOUSE,2,1,MOVE
1770791359.349402,MOUSE,0,0,LEFT_DOWN
1770791359.359402,MOUSE,0,0,LEFT_UP
1770791359.366069,MOUSE,2,1,MOVE
1770791359.382735,MOUSE,2,1,MOVE
1770791359.399402,MOUSE,2,1,MOVE
1770791359.416069,MOUSE,2,1,MOVE
1770791359.432735,MOUSE,2,1,MOVE
1770791359.449402,MOUSE,2,1,MOVE
1770791359.449402,MOUSE,0,0,LEFT_DOWN
1770791359.459402,MOUSE,0,0,LEFT_UP
1770791359.466069,MOUSE,2,1,MOVE
1770791359.482735,MOUSE,2,1,MOVE
1770791359.499402,MOUSE,2,1,MOVE
1770791359.516069,MOUSE,2,1,MOVE
1770791359.532735,MOUSE,2,1,MOVE
1770791359.549402,MOUSE,2,1,MOVE
1770791359.549402,MOUSE,0,0,LEFT_DOWN
1770791359.559402,MOUSE,0,0,LEFT_UP
1770791359.566069,MOUSE,2,1,MOVE
1770791359.582735,MOUSE,-1,-2,MOVE
1770791359.599402,MOUSE,-1,-2,MOVE
1770791359.616069,MOUSE,-1,-2,MOVE
1770791359.632735,MOUSE,-1,-2,MOVE
1770791359.649402,MOUSE,-1,-2,MOVE
1770791359.649402,MOUSE,0,0,LEFT_DOWN
1770791359.659402,MOUSE,0,0,LEFT_UP
1770791359.666069,MOUSE,-1,-2,MOVE
1770791359.682735,MOUSE,-1,-2,MOVE
1770791359.699402,MOUSE,-1,-2,MOVE
1770791359.716069,MOUSE,-1,-2,MOVE
1770791359.732735,MOUSE,-1,-2,MOVE
1770791359.749402,MOUSE,-1,-2,MOVE
1770791359.749402,MOUSE,0,0,LEFT_DOWN
1770791359.759402,MOUSE,0,0,LEFT_UP
1770791359.766068,MOUSE,-1,-2,MOVE
1770791359.782735,MOUSE,-1,-2,MOVE
1770791359.799402,MOUSE,-1,-2,MOVE
1770791359.816068,MOUSE,-1,-2,MOVE
1770791359.832735,MOUSE,-1,-2,MOVE
1770791359.849402,MOUSE,-1,-2,MOVE
1770791359.849402,MOUSE,0,0,LEFT_DOWN
1770791359.859402,MOUSE,0,0,LEFT_UP
1770791359.866068,MOUSE,-1,-2,MOVE
1770791359.882735,MOUSE,-1,-2,MOVE
1770791359.899402,MOUSE,-1,-2,MOVE
1770791359.916068,MOUSE,-1,-2,MOVE
1770791359.932735,MOUSE,-1,-2,MOVE
1770791359.949402,MOUSE,-1,-2,MOVE
1770791359.949402,MOUSE,0,0,LEFT_DOWN
1770791359.959402,MOUSE,0,0,LEFT_UP
1770791359.966068,MOUSE,-1,-2,MOVE
1770791359.982735,MOUSE,-1,-2,MOVE
1770791359.999402,MOUSE,-1,-2,MOVE
1770791360.016068,MOUSE,-1,-2,MOVE
1770791360.032735,MOUSE,-1,-2,MOVE
1770791360.049402,MOUSE,-1,-2,MOVE
1770791360.049402,MOUSE,0,0,LEFT_DOWN
1770791360.059402,MOUSE,0,0,LEFT_UP
1770791360.066068,MOUSE,-1,-2,MOVE
1770791360.082735,MOUSE,-1,-2,MOVE
1770791360.099401,MOUSE,-1,-2,MOVE
1770791360.116068,MOUSE,-1,-2,MOVE
1770791360.132735,MOUSE,-1,-2,MOVE
1770791360.149401,MOUSE,-1,-2,MOVE
1770791360.149401,MOUSE,0,0,LEFT_DOWN
1770791360.159401,MOUSE,0,0,LEFT_UP
1770791360.166068,MOUSE,-1,-2,MOVE
1770791360.182735,MOUSE,-1,-2,MOVE
1770791360.199401,MOUSE,-1,-2,MOVE
1770791360.216068,MOUSE,-1,-2,MOVE
1770791360.232735,MOUSE,-1,-2,MOVE
1770791360.249401,MOUSE,-1,-2,MOVE
1770791360.249401,MOUSE,0,0,LEFT_DOWN
1770791360.259401,MOUSE,0,0,LEFT_UP
1770791360.266068,MOUSE,-1,-2,MOVE
1770791360.282735,MOUSE,-1,-2,MOVE
1770791360.299401,MOUSE,-1,-2,MOVE
1770791360.316068,MOUSE,-1,-2,MOVE
1770791360.332735,MOUSE,-1,-2,MOVE
1770791360.349401,MOUSE,-1,-2,MOVE
1770791360.349401,MOUSE,0,0,LEFT_DOWN
1770791360.359401,MOUSE,0,0,LEFT_UP
1770791360.366068,MOUSE,-1,-2,MOVE
1770791360.382735,MOUSE,-1,-2,MOVE
1770791360.399401,MOUSE,-1,-2,MOVE
1770791360.416068,MOUSE,-1,-2,MOVE
1770791360.432734,MOUSE,-1,-2,MOVE
1770791360.449401,MOUSE,-1,-2,MOVE
1770791360.449401,MOUSE,0,0,LEFT_DOWN
1770791360.459401,MOUSE,0,0,LEFT_UP
1770791360.466068,MOUSE,-1,-2,MOVE
1770791360.482734,MOUSE,-1,-2,MOVE
1770791360.499401,MOUSE,-1,-2,MOVE
1770791360.516068,MOUSE,-1,-2,MOVE
1770791360.532734,MOUSE,-1,-2,MOVE
1770791360.549401,MOUSE,-1,-2,MOVE
1770791360.549401,MOUSE,0,0,LEFT_DOWN
1770791360.559401,MOUSE,0,0,LEFT_UP
1770791360.566068,MOUSE,-1,-2,MOVE
1770791360.582734,MOUSE,-1,-2,MOVE
1770791360.599401,MOUSE,-1,-2,MOVE
1770791360.616068,MOUSE,-1,-2,MOVE
1770791360.632734,MOUSE,-1,-2,MOVE
1770791360.649401,MOUSE,-1,-2,MOVE
1770791360.649401,MOUSE,0,0,LEFT_DOWN
1770791360.659401,MOUSE,0,0,LEFT_UP
1770791360.666068,MOUSE,-1,-2,MOVE
1770791360.682734,MOUSE,-1,-2,MOVE
1770791360.699401,MOUSE,-1,-2,MOVE
1770791360.716068,MOUSE,-1,-2,MOVE
1770791360.732734,MOUSE,-1,-2,MOVE
1770791360.749401,MOUSE,-1,-2,MOVE
1770791360.749401,MOUSE,0,0,LEFT_DOWN
1770791360.759401,MOUSE,0,0,LEFT_UP
1770791360.766068,MOUSE,-1,-2,MOVE
1770791360.782734,MOUSE,-1,-2,MOVE
1770791360.799401,MOUSE,-1,-2,MOVE
1770791360.816067,MOUSE,-1,-2,MOVE
1770791360.832734,MOUSE,-1,-2,MOVE
1770791360.849401,MOUSE,-1,-2,MOVE
1770791360.849401,MOUSE,0,0,LEFT_DOWN
1770791360.859401,MOUSE,0,0,LEFT_UP
1770791360.866067,MOUSE,-1,-2,MOVE
1770791360.882734,MOUSE,-1,-2,MOVE
1770791360.899401,MOUSE,-1,-2,MOVE
1770791360.916067,MOUSE,-1,-2,MOVE
1770791360.932734,MOUSE,-1,-2,MOVE
1770791360.949401,MOUSE,-1,-2,MOVE
1770791360.949401,MOUSE,0,0,LEFT_DOWN
1770791360.959401,MOUSE,0,0,LEFT_UP
1770791360.966067,MOUSE,-1,-2,MOVE
1770791360.982734,MOUSE,-1,-2,MOVE
1770791360.999401,MOUSE,-1,-2,MOVE
1770791361.016067,MOUSE,0,-4,MOVE
1770791361.032734,MOUSE,0,-4,MOVE
1770791361.049401,MOUSE,0,-4,MOVE
1770791361.049401,MOUSE,0,0,LEFT_DOWN
1770791361.059401,MOUSE,0,0,LEFT_UP
1770791361.066067,MOUSE,0,-4,MOVE
1770791361.082734,MOUSE,0,-4,MOVE
1770791361.099401,MOUSE,0,-4,MOVE
1770791361.116067,MOUSE,0,-4,MOVE
1770791361.132734,MOUSE,0,-4,MOVE
1770791361.149400,MOUSE,0,-4,MOVE
1770791361.149400,MOUSE,0,0,LEFT_DOWN
1770791361.159400,MOUSE,0,0,LEFT_UP
1770791361.166067,MOUSE,0,-4,MOVE
1770791361.182734,MOUSE,0,-4,MOVE
1770791361.199400,MOUSE,0,-4,MOVE
1770791361.216067,MOUSE,0,-4,MOVE
1770791361.232734,MOUSE,0,-4,MOVE
1770791361.249400,MOUSE,0,-4,MOVE
1770791361.249400,MOUSE,0,0,LEFT_DOWN
1770791361.259400,MOUSE,0,0,LEFT_UP
1770791361.266067,MOUSE,0,-4,MOVE
1770791361.282734,MOUSE,0,-4,MOVE
1770791361.299400,MOUSE,0,-4,MOVE
1770791361.316067,MOUSE,0,-4,MOVE
1770791361.332734,MOUSE,0,-4,MOVE
1770791361.349400,MOUSE,0,-4,MOVE
1770791361.349400,MOUSE,0,0,LEFT_DOWN
1770791361.359400,MOUSE,0,0,LEFT_UP
1770791361.366067,MOUSE,0,-4,MOVE
1770791361.382734,MOUSE,0,-4,MOVE
1770791361.399400,MOUSE,0,-4,MOVE
1770791361.416067,MOUSE,0,-4,MOVE
1770791361.432734,MOUSE,0,-4,MOVE
1770791361.449400,MOUSE,0,-4,MOVE
1770791361.449400,MOUSE,0,0,LEFT_DOWN
1770791361.459400,MOUSE,0,0,LEFT_UP
1770791361.466067,MOUSE,0,-4,MOVE
1770791361.482733,MOUSE,0,-4,MOVE
1770791361.499400,MOUSE,0,-4,MOVE
1770791361.516067,MOUSE,0,-4,MOVE
1770791361.532733,MOUSE,0,-4,MOVE
1770791361.549400,MOUSE,0,-4,MOVE
1770791361.566067,MOUSE,0,-4,MOVE
1770791361.582733,MOUSE,0,-4,MOVE
1770791361.599400,MOUSE,0,-4,MOVE
1770791361.616067,MOUSE,0,-4,MOVE
1770791361.632733,MOUSE,0,-4,MOVE
1770791361.649400,MOUSE,0,-4,MOVE
1770791361.666067,MOUSE,0,-4,MOVE
1770791361.682733,MOUSE,0,-4,MOVE
1770791361.699400,MOUSE,0,-4,MOVE
1770791361.716067,MOUSE,0,-4,MOVE
1770791361.732733,MOUSE,0,-4,MOVE
1770791361.749400,MOUSE,0,-4,MOVE
1770791361.766067,MOUSE,0,-4,MOVE
1770791361.782733,MOUSE,0,-4,MOVE
1770791361.799400,MOUSE,0,-4,MOVE
1770791361.816067,MOUSE,0,-4,MOVE
1770791361.832733,MOUSE,0,-4,MOVE
1770791361.849400,MOUSE,0,-4,MOVE
1770791361.866066,MOUSE,0,-4,MOVE
1770791361.882733,MOUSE,0,-4,MOVE
1770791361.899400,MOUSE,0,-4,MOVE
1770791361.916066,MOUSE,0,-4,MOVE
1770791361.932733,MOUSE,0,-4,MOVE
1770791361.949400,MOUSE,0,-4,MOVE
1770791361.966066,MOUSE,0,-4,MOVE
1770791361.982733,MOUSE,0,-4,MOVE
1770791361.999400,MOUSE,0,-4,MOVE
1770791362.016066,MOUSE,0,-4,MOVE
1770791362.032733,MOUSE,0,-4,MOVE
1770791362.049400,MOUSE,0,-4,MOVE
1770791362.066066,MOUSE,0,-4,MOVE
1770791362.082733,MOUSE,0,-4,MOVE
1770791362.099400,MOUSE,0,-4,MOVE
1770791362.116066,MOUSE,0,-4,MOVE
1770791362.132733,MOUSE,0,-4,MOVE
1770791362.149400,MOUSE,0,-4,MOVE
1770791362.166066,MOUSE,0,-4,MOVE
1770791362.182733,MOUSE,0,-4,MOVE
1770791362.199399,MOUSE,0,-4,MOVE
1770791362.216066,MOUSE,0,-4,MOVE
1770791362.232733,MOUSE,0,-4,MOVE
1770791362.249399,MOUSE,0,-4,MOVE
1770791362.266066,MOUSE,0,-4,MOVE
1770791362.282733,MOUSE,0,-4,MOVE
1770791362.299399,MOUSE,0,-4,MOVE
1770791362.316066,MOUSE,0,-4,MOVE
1770791362.332733,MOUSE,0,-4,MOVE
1770791362.349399,MOUSE,0,-4,MOVE
1770791362.366066,MOUSE,0,-4,MOVE
1770791362.382733,MOUSE,0,-4,MOVE
1770791362.399399,MOUSE,0,-4,MOVE
1770791362.416066,MOUSE,0,-4,MOVE
1770791362.432733,MOUSE,0,-4,MOVE
1770791362.449399,MOUSE,0,-4,MOVE
1770791362.466066,MOUSE,0,-4,MOVE
1770791362.482733,MOUSE,0,-4,MOVE
1770791362.499399,MOUSE,0,-4,MOVE
1770791362.516066,MOUSE,0,-4,MOVE
1770791362.532732,MOUSE,0,-4,MOVE
1770791362.549399,MOUSE,0,-4,MOVE
1770791362.566066,MOUSE,0,-4,MOVE
1770791362.582732,MOUSE,-2,0,MOVE
1770791362.599399,MOUSE,-2,0,MOVE
1770791362.616066,MOUSE,-2,0,MOVE
1770791362.632732,MOUSE,-2,0,MOVE
1770791362.649399,MOUSE,-2,0,MOVE
1770791362.666066,MOUSE,-2,0,MOVE
1770791362.682732,MOUSE,-2,0,MOVE
1770791362.699399,MOUSE,-2,0,MOVE
1770791362.716066,MOUSE,-2,0,MOVE
1770791362.732732,MOUSE,-2,0,MOVE
1770791362.749399,MOUSE,-2,0,MOVE
1770791362.766066,MOUSE,-2,0,MOVE
1770791362.782732,MOUSE,-2,0,MOVE
1770791362.799399,MOUSE,-2,0,MOVE
1770791362.816066,MOUSE,-2,0,MOVE
1770791362.832732,MOUSE,-2,0,MOVE
1770791362.849399,MOUSE,-2,0,MOVE
1770791362.866066,MOUSE,-2,0,MOVE
1770791362.882732,MOUSE,-2,0,MOVE
1770791362.899399,MOUSE,-2,0,MOVE
1770791362.916065,MOUSE,-2,0,MOVE
1770791362.932732,MOUSE,-2,0,MOVE
1770791362.949399,MOUSE,-2,0,MOVE
1770791362.966065,MOUSE,-2,0,MOVE
1770791362.982732,MOUSE,-2,0,MOVE
1770791362.999399,MOUSE,-2,0,MOVE
1770791363.016065,MOUSE,-2,0,MOVE
1770791363.032732,MOUSE,-2,0,MOVE
1770791363.049399,MOUSE,-2,0,MOVE
1770791363.066065,MOUSE,-2,0,MOVE
1770791363.082732,MOUSE,-2,0,MOVE
1770791363.099399,MOUSE,-2,0,MOVE
1770791363.116065,MOUSE,-2,0,MOVE
1770791363.132732,MOUSE,-2,0,MOVE
1770791363.149399,MOUSE,-2,0,MOVE
1770791363.166065,MOUSE,-2,0,MOVE
1770791363.182732,MOUSE,-2,0,MOVE
1770791363.199399,MOUSE,-2,0,MOVE
1770791363.216065,MOUSE,-2,0,MOVE
1770791363.232732,MOUSE,-2,0,MOVE
1770791363.249398,MOUSE,-2,0,MOVE
1770791363.266065,MOUSE,-2,0,MOVE
1770791363.282732,MOUSE,-2,0,MOVE
1770791363.299398,MOUSE,-2,0,MOVE
1770791363.316065,MOUSE,-2,0,MOVE
1770791363.332732,MOUSE,-2,0,MOVE
1770791363.349398,MOUSE,-2,0,MOVE
1770791363.366065,MOUSE,-2,0,MOVE
1770791363.382732,MOUSE,-2,0,MOVE
1770791363.399398,MOUSE,-2,0,MOVE
1770791363.416065,MOUSE,-2,0,MOVE
1770791363.432732,MOUSE,-2,0,MOVE
1770791363.449398,MOUSE,-2,0,MOVE
1770791363.466065,MOUSE,-2,0,MOVE
1770791363.482732,MOUSE,-2,0,MOVE
1770791363.499398,MOUSE,-2,0,MOVE
1770791363.516065,MOUSE,-2,0,MOVE
1770791363.532732,MOUSE,-2,0,MOVE
1770791363.549398,MOUSE,-2,0,MOVE
1770791363.566065,MOUSE,-2,0,MOVE
1770791363.582731,MOUSE,-2,0,MOVE
1770791363.599398,MOUSE,-2,0,MOVE
1770791363.616065,MOUSE,-2,0,MOVE
1770791363.632731,MOUSE,-2,0,MOVE
1770791363.649398,MOUSE,-2,0,MOVE
1770791363.666065,MOUSE,-2,0,MOVE
1770791363.682731,MOUSE,-2,0,MOVE
1770791363.699398,MOUSE,-2,0,MOVE
1770791363.716065,MOUSE,-2,0,MOVE
1770791363.732731,MOUSE,-2,0,MOVE
1770791363.749398,MOUSE,-2,0,MOVE
1770791363.766065,MOUSE,-2,0,MOVE
1770791363.782731,MOUSE,-2,0,MOVE
1770791363.799398,MOUSE,-2,0,MOVE
1770791363.816065,MOUSE,-2,0,MOVE
1770791363.832731,MOUSE,-2,0,MOVE
1770791363.849398,MOUSE,-2,0,MOVE
1770791363.866065,MOUSE,-2,0,MOVE
1770791363.882731,MOUSE,-2,0,MOVE
1770791363.899398,MOUSE,-2,0,MOVE
1770791363.916065,MOUSE,-2,0,MOVE
1770791363.932731,MOUSE,-2,0,MOVE
1770791363.949398,MOUSE,-2,0,MOVE
1770791363.966064,MOUSE,-2,0,MOVE
1770791363.982731,MOUSE,-2,0,MOVE
1770791363.999398,MOUSE,-2,0,MOVE
1770791364.016064,MOUSE,-2,0,MOVE
1770791364.032731,MOUSE,-2,0,MOVE
1770791364.049398,MOUSE,-2,0,MOVE
1770791364.066064,MOUSE,-2,0,MOVE
1770791364.082731,MOUSE,-2,0,MOVE
1770791364.099398,MOUSE,-2,0,MOVE
1770791364.116064,MOUSE,-2,0,MOVE
1770791364.132731,MOUSE,-2,0,MOVE
1770791364.149398,MOUSE,-2,0,MOVE
1770791364.166064,MOUSE,-2,0,MOVE
1770791364.182731,MOUSE,-2,0,MOVE
1770791364.199398,MOUSE,-2,0,MOVE
1770791364.216064,MOUSE,-2,0,MOVE
1770791364.232731,MOUSE,-2,0,MOVE
1770791364.249398,MOUSE,-2,0,MOVE
1770791364.266064,MOUSE,-2,0,MOVE
1770791364.282731,MOUSE,-2,0,MOVE
1770791364.299397,MOUSE,-2,0,MOVE
1770791364.316064,MOUSE,-2,0,MOVE
1770791364.332731,MOUSE,-2,0,MOVE
1770791364.349397,MOUSE,-2,0,MOVE
1770791364.366064,MOUSE,-2,0,MOVE
1770791364.382731,MOUSE,-2,0,MOVE
1770791364.399397,MOUSE,-2,0,MOVE
1770791364.416064,MOUSE,-2,0,MOVE
1770791364.432731,MOUSE,-2,0,MOVE
1770791364.449397,MOUSE,-2,0,MOVE
1770791364.466064,MOUSE,-2,0,MOVE
1770791364.482731,MOUSE,-2,0,MOVE
1770791364.499397,MOUSE,-2,0,MOVE
1770791364.516064,MOUSE,0,3,MOVE
1770791364.532731,MOUSE,0,3,MOVE
1770791364.549397,MOUSE,0,3,MOVE
1770791364.566064,MOUSE,0,3,MOVE
1770791364.582731,MOUSE,0,3,MOVE
1770791364.599397,MOUSE,0,3,MOVE
1770791364.616064,MOUSE,0,3,MOVE
1770791364.632730,MOUSE,0,3,MOVE
1770791364.649397,MOUSE,0,3,MOVE
1770791364.666064,MOUSE,0,3,MOVE
1770791364.682730,MOUSE,0,3,MOVE
1770791364.699397,MOUSE,0,3,MOVE
1770791364.716064,MOUSE,0,3,MOVE
1770791364.732730,MOUSE,0,3,MOVE
1770791364.749397,MOUSE,0,3,MOVE
1770791364.766064,MOUSE,0,3,MOVE
1770791364.782730,MOUSE,0,3,MOVE
1770791364.799397,MOUSE,0,3,MOVE
1770791364.816064,MOUSE,0,3,MOVE
1770791364.832730,MOUSE,0,3,MOVE
1770791364.849397,MOUSE,0,3,MOVE
1770791364.866064,MOUSE,0,3,MOVE
1770791364.882730,MOUSE,0,3,MOVE
1770791364.899397,MOUSE,0,3,MOVE
1770791364.916064,MOUSE,0,3,MOVE
1770791364.932730,MOUSE,0,3,MOVE
1770791364.949397,MOUSE,0,3,MOVE
1770791364.966063,MOUSE,0,3,MOVE
1770791364.982730,MOUSE,0,3,MOVE
1770791364.999397,MOUSE,0,3,MOVE
1770791365.016063,MOUSE,0,3,MOVE
1770791365.032730,MOUSE,0,3,MOVE
1770791365.049397,MOUSE,0,3,MOVE
1770791365.066063,MOUSE,0,3,MOVE
1770791365.082730,MOUSE,0,3,MOVE
1770791365.099397,MOUSE,0,3,MOVE
1770791365.116063,MOUSE,0,3,MOVE
1770791365.132730,MOUSE,0,3,MOVE
1770791365.149397,MOUSE,0,3,MOVE
1770791365.166063,MOUSE,0,3,MOVE
1770791365.182730,MOUSE,0,3,MOVE
1770791365.199397,MOUSE,-2,-1,MOVE
1770791365.216063,MOUSE,-2,-1,MOVE
1770791365.232730,MOUSE,-2,-1,MOVE
1770791365.249397,MOUSE,-2,-1,MOVE
1770791365.266063,MOUSE,-2,-1,MOVE
1770791365.282730,MOUSE,-2,-1,MOVE
1770791365.299397,MOUSE,-2,-1,MOVE
1770791365.316063,MOUSE,-2,-1,MOVE
1770791365.332730,MOUSE,-2,-1,MOVE
1770791365.349396,MOUSE,-2,-1,MOVE
1770791365.366063,MOUSE,-2,-1,MOVE
1770791365.382730,MOUSE,-2,-1,MOVE
1770791365.382730,MOUSE,0,0,LEFT_DOWN
1770791365.392730,MOUSE,0,0,LEFT_UP
1770791365.399396,MOUSE,-2,-1,MOVE
1770791365.416063,MOUSE,-2,-1,MOVE
1770791365.432730,MOUSE,-2,-1,MOVE
1770791365.449396,MOUSE,-2,-1,MOVE
1770791365.466063,MOUSE,-2,-1,MOVE
1770791365.482730,MOUSE,-2,-1,MOVE
1770791365.499396,MOUSE,-2,-1,MOVE
1770791365.516063,MOUSE,-2,-1,MOVE
1770791365.532730,MOUSE,-2,-1,MOVE
1770791365.549396,MOUSE,-2,-1,MOVE
1770791365.566063,MOUSE,-2,-1,MOVE
1770791365.582730,MOUSE,-2,-1,MOVE
1770791365.599396,MOUSE,-2,-1,MOVE
1770791365.616063,MOUSE,-2,-1,MOVE
1770791365.632730,MOUSE,-2,-1,MOVE
1770791365.649396,MOUSE,-2,-1,MOVE
1770791365.666063,MOUSE,-2,-1,MOVE
1770791365.682729,MOUSE,-2,-1,MOVE
1770791365.699396,MOUSE,-2,-1,MOVE
1770791365.716063,MOUSE,-2,-1,MOVE
1770791365.732729,MOUSE,-2,-1,MOVE
1770791365.749396,MOUSE,-2,-1,MOVE
1770791365.766063,MOUSE,-2,-1,MOVE
1770791365.782729,MOUSE,-2,-1,MOVE
1770791365.799396,MOUSE,-2,-1,MOVE
1770791365.816063,MOUSE,-2,-1,MOVE
1770791365.832729,MOUSE,-2,-1,MOVE
1770791365.849396,MOUSE,-2,-1,MOVE
1770791365.866063,MOUSE,-2,-1,MOVE
1770791365.882729,MOUSE,-2,-1,MOVE
1770791365.899396,MOUSE,-2,-1,MOVE
1770791365.916063,MOUSE,-2,-1,MOVE
1770791365.916063,MOUSE,0,0,LEFT_DOWN
1770791365.926063,MOUSE,0,0,LEFT_UP
1770791365.932729,MOUSE,-2,-1,MOVE
1770791365.949396,MOUSE,-2,-1,MOVE
1770791365.966063,MOUSE,-2,-1,MOVE
1770791365.982729,MOUSE,-2,-1,MOVE
1770791365.999396,MOUSE,-2,-1,MOVE
1770791366.016062,MOUSE,-2,-1,MOVE
1770791366.032729,MOUSE,-2,-1,MOVE
1770791366.049396,MOUSE,-2,-1,MOVE
1770791366.066062,MOUSE,-2,-1,MOVE
1770791366.082729,MOUSE,-2,-1,MOVE
1770791366.099396,MOUSE,-2,-1,MOVE
1770791366.116062,MOUSE,-2,-1,MOVE
1770791366.132729,MOUSE,-2,-1,MOVE
1770791366.149396,MOUSE,-2,-1,MOVE
1770791366.166062,MOUSE,-2,-1,MOVE
1770791366.182729,MOUSE,-2,-1,MOVE
1770791366.199396,MOUSE,-2,-1,MOVE
1770791366.216062,MOUSE,-2,-1,MOVE
1770791366.232729,MOUSE,-2,-1,MOVE
1770791366.249396,MOUSE,-2,-1,MOVE
1770791366.266062,MOUSE,-2,-1,MOVE
1770791366.282729,MOUSE,-2,-1,MOVE
1770791366.299396,MOUSE,-2,-1,MOVE
1770791366.316062,MOUSE,-2,-1,MOVE
1770791366.332729,MOUSE,-2,-1,MOVE
1770791366.349396,MOUSE,-2,-1,MOVE
1770791366.366062,MOUSE,-2,-1,MOVE
1770791366.382729,MOUSE,-2,-1,MOVE
1770791366.399395,MOUSE,-2,-1,MOVE
1770791366.416062,MOUSE,-2,-1,MOVE
1770791366.432729,MOUSE,-2,-1,MOVE
1770791366.449395,MOUSE,-2,-1,MOVE
1770791366.449395,MOUSE,0,0,LEFT_DOWN
1770791366.459395,MOUSE,0,0,LEFT_UP
1770791366.466062,MOUSE,-2,-1,MOVE
1770791366.482729,MOUSE,-2,-1,MOVE
1770791366.499395,MOUSE,-2,-1,MOVE
1770791366.516062,MOUSE,-2,-1,MOVE
1770791366.532729,MOUSE,-2,-1,MOVE
1770791366.549395,MOUSE,-2,-1,MOVE
1770791366.566062,MOUSE,-2,-1,MOVE
1770791366.582729,MOUSE,-2,-1,MOVE
1770791366.599395,MOUSE,-2,-1,MOVE
1770791366.616062,MOUSE,-2,-1,MOVE
1770791366.632729,MOUSE,-2,-1,MOVE
1770791366.649395,MOUSE,-2,-1,MOVE
1770791366.666062,MOUSE,-2,-1,MOVE
1770791366.682729,MOUSE,-2,-1,MOVE
1770791366.699395,MOUSE,-2,-1,MOVE
1770791366.716062,MOUSE,-2,-1,MOVE
1770791366.732728,MOUSE,-2,-1,MOVE
1770791366.749395,MOUSE,-2,-1,MOVE
1770791366.766062,MOUSE,-2,-1,MOVE
1770791366.782728,MOUSE,-2,-1,MOVE
1770791366.799395,MOUSE,-2,-1,MOVE
1770791366.816062,MOUSE,-2,-1,MOVE
1770791366.832728,MOUSE,-2,-1,MOVE
1770791366.849395,MOUSE,2,-4,MOVE
1770791366.866062,MOUSE,2,-4,MOVE
1770791366.882728,MOUSE,2,-4,MOVE
1770791366.899395,MOUSE,2,-4,MOVE
1770791366.916062,MOUSE,2,-4,MOVE
1770791366.932728,MOUSE,2,-4,MOVE
1770791366.949395,MOUSE,2,-4,MOVE
1770791366.966062,MOUSE,2,-4,MOVE
1770791366.982728,MOUSE,2,-4,MOVE
1770791366.982728,MOUSE,0,0,LEFT_DOWN
1770791366.992728,MOUSE,0,0,LEFT_UP
1770791366.999395,MOUSE,2,-4,MOVE
1770791367.016062,MOUSE,2,-4,MOVE
1770791367.032728,MOUSE,2,-4,MOVE
1770791367.049395,MOUSE,2,-4,MOVE
1770791367.066061,MOUSE,2,-4,MOVE
1770791367.082728,MOUSE,2,-4,MOVE
1770791367.099395,MOUSE,2,-4,MOVE
1770791367.116061,MOUSE,2,-4,MOVE
1770791367.132728,MOUSE,2,-4,MOVE
1770791367.149395,MOUSE,2,-4,MOVE
1770791367.166061,MOUSE,2,-4,MOVE
1770791367.182728,MOUSE,2,-4,MOVE
1770791367.199395,MOUSE,2,-4,MOVE
1770791367.216061,MOUSE,2,-4,MOVE
1770791367.232728,MOUSE,2,-4,MOVE
1770791367.249395,MOUSE,2,-4,MOVE
1770791367.266061,MOUSE,2,-4,MOVE
1770791367.282728,MOUSE,2,-4,MOVE
1770791367.299395,MOUSE,2,-4,MOVE
1770791367.316061,MOUSE,2,-4,MOVE
1770791367.332728,MOUSE,2,-4,MOVE
1770791367.349395,MOUSE,2,-4,MOVE
1770791367.366061,MOUSE,2,-4,MOVE
1770791367.382728,MOUSE,2,-4,MOVE
1770791367.399395,MOUSE,2,-4,MOVE
1770791367.416061,MOUSE,2,-4,MOVE
1770791367.432728,MOUSE,2,-4,MOVE
1770791367.449394,MOUSE,2,-4,MOVE
1770791367.466061,MOUSE,2,-4,MOVE
1770791367.482728,MOUSE,2,-4,MOVE
1770791367.499394,MOUSE,2,-4,MOVE
1770791367.516061,MOUSE,2,-4,MOVE
1770791367.532728,MOUSE,2,-4,MOVE
1770791367.549394,MOUSE,2,-4,MOVE
1770791367.566061,MOUSE,2,-4,MOVE
1770791367.582728,MOUSE,2,-4,MOVE
1770791367.599394,MOUSE,2,-4,MOVE
1770791367.616061,MOUSE,2,-4,MOVE
1770791367.632728,MOUSE,2,-4,MOVE
1770791367.649394,MOUSE,2,-4,MOVE
1770791367.666061,MOUSE,2,-4,MOVE
1770791367.682728,MOUSE,2,-4,MOVE
1770791367.699394,MOUSE,2,-4,MOVE
1770791367.716061,MOUSE,2,-4,MOVE
1770791367.732728,MOUSE,2,-4,MOVE
1770791367.749394,MOUSE,2,-4,MOVE
1770791367.766061,MOUSE,2,-4,MOVE
1770791367.782727,MOUSE,2,-4,MOVE
1770791367.799394,MOUSE,2,-4,MOVE
1770791367.816061,MOUSE,2,-4,MOVE
1770791367.832727,MOUSE,2,-4,MOVE
1770791367.849394,MOUSE,2,-4,MOVE
1770791367.866061,MOUSE,2,-4,MOVE
1770791367.882727,MOUSE,2,-4,MOVE
1770791367.899394,MOUSE,2,-4,MOVE
1770791367.916061,MOUSE,2,-4,MOVE
1770791367.932727,MOUSE,2,-4,MOVE
1770791367.949394,MOUSE,2,-4,MOVE
1770791367.966061,MOUSE,2,-4,MOVE
1770791367.982727,MOUSE,2,-4,MOVE
1770791367.999394,MOUSE,2,-4,MOVE
1770791368.016061,MOUSE,2,-4,MOVE
1770791368.032727,MOUSE,2,-4,MOVE
1770791368.049394,MOUSE,2,-4,MOVE
1770791368.066061,MOUSE,2,-4,MOVE
1770791368.082727,MOUSE,2,-4,MOVE
1770791368.099394,MOUSE,2,-4,MOVE
1770791368.116060,MOUSE,2,-4,MOVE
1770791368.132727,MOUSE,2,-4,MOVE
1770791368.149394,MOUSE,0,-5,MOVE
1770791368.166060,MOUSE,0,-5,MOVE
1770791368.182727,MOUSE,0,-5,MOVE
1770791368.199394,MOUSE,0,-5,MOVE
1770791368.216060,MOUSE,0,-5,MOVE
1770791368.232727,MOUSE,0,-5,MOVE
1770791368.249394,MOUSE,0,-5,MOVE
1770791368.266060,MOUSE,0,-5,MOVE
1770791368.282727,MOUSE,0,-5,MOVE
1770791368.299394,MOUSE,0,-5,MOVE
1770791368.316060,MOUSE,0,-5,MOVE
1770791368.332727,MOUSE,0,-5,MOVE
1770791368.349394,MOUSE,0,-5,MOVE
1770791368.366060,MOUSE,0,-5,MOVE
1770791368.382727,MOUSE,0,-5,MOVE
1770791368.399394,MOUSE,0,-5,MOVE
1770791368.416060,MOUSE,0,-5,MOVE
1770791368.432727,MOUSE,0,-5,MOVE
1770791368.449394,MOUSE,0,-5,MOVE
1770791368.466060,MOUSE,0,-5,MOVE
1770791368.482727,MOUSE,0,-5,MOVE
1770791368.499393,MOUSE,0,-5,MOVE
1770791368.516060,MOUSE,0,-5,MOVE
1770791368.532727,MOUSE,0,-5,MOVE
1770791368.549393,MOUSE,0,-5,MOVE
1770791368.566060,MOUSE,0,-5,MOVE
1770791368.582727,MOUSE,0,-5,MOVE
1770791368.599393,MOUSE,0,-5,MOVE
1770791368.616060,MOUSE,0,-5,MOVE
1770791368.632727,MOUSE,0,-5,MOVE
1770791368.649393,MOUSE,0,-5,MOVE
1770791368.666060,MOUSE,0,-5,MOVE
1770791368.682727,MOUSE,0,-5,MOVE
1770791368.699393,MOUSE,0,-5,MOVE
1770791368.716060,MOUSE,0,-5,MOVE
1770791368.732727,MOUSE,0,-5,MOVE
1770791368.749393,MOUSE,0,-5,MOVE
1770791368.766060,MOUSE,0,-5,MOVE
1770791368.782727,MOUSE,0,-5,MOVE
1770791368.799393,MOUSE,0,-5,MOVE
1770791368.816060,MOUSE,0,-5,MOVE
1770791368.832726,MOUSE,0,-5,MOVE
1770791368.849393,MOUSE,0,-5,MOVE
1770791368.866060,MOUSE,0,-5,MOVE
1770791368.882726,MOUSE,0,-5,MOVE
1770791368.899393,MOUSE,0,-5,MOVE
1770791368.916060,MOUSE,0,-5,MOVE
1770791368.932726,MOUSE,0,-5,MOVE
1770791368.949393,MOUSE,0,-5,MOVE
1770791368.966060,MOUSE,0,-5,MOVE
1770791368.982726,MOUSE,0,-5,MOVE
1770791368.999393,MOUSE,0,-5,MOVE
1770791369.016060,MOUSE,0,-5,MOVE
1770791369.032726,MOUSE,0,-2,MOVE
1770791369.049393,MOUSE,0,-2,MOVE
1770791369.066060,MOUSE,0,-2,MOVE
1770791369.082726,MOUSE,0,-2,MOVE
1770791369.099393,MOUSE,0,-2,MOVE
1770791369.116060,MOUSE,5,2,MOVE
1770791369.132726,MOUSE,5,2,MOVE
1770791369.149393,MOUSE,5,2,MOVE
1770791369.166059,MOUSE,5,2,MOVE
1770791369.182726,MOUSE,5,2,MOVE
1770791369.199393,MOUSE,5,2,MOVE
1770791369.216059,MOUSE,5,2,MOVE
1770791369.232726,MOUSE,5,2,MOVE
1770791369.249393,MOUSE,5,2,MOVE
1770791369.266059,MOUSE,5,2,MOVE
1770791369.282726,MOUSE,5,2,MOVE
1770791369.299393,MOUSE,5,2,MOVE
1770791369.316059,MOUSE,5,2,MOVE
1770791369.332726,MOUSE,5,2,MOVE
1770791369.349393,MOUSE,5,2,MOVE
1770791369.366059,MOUSE,5,2,MOVE
1770791369.382726,MOUSE,5,2,MOVE
1770791369.399393,MOUSE,5,2,MOVE
1770791369.416059,MOUSE,5,2,MOVE
1770791369.432726,MOUSE,5,2,MOVE
1770791369.449393,MOUSE,5,2,MOVE
1770791369.466059,MOUSE,5,2,MOVE
1770791369.482726,MOUSE,5,2,MOVE
1770791369.499393,MOUSE,5,2,MOVE
1770791369.516059,MOUSE,5,2,MOVE
1770791369.532726,MOUSE,5,2,MOVE
1770791369.549392,MOUSE,5,2,MOVE
1770791369.566059,MOUSE,5,2,MOVE
1770791369.582726,MOUSE,5,2,MOVE
1770791369.599392,MOUSE,5,2,MOVE
1770791369.616059,MOUSE,5,2,MOVE
1770791369.632726,MOUSE,5,2,MOVE
1770791369.649392,MOUSE,5,2,MOVE
1770791369.666059,MOUSE,5,2,MOVE
1770791369.682726,MOUSE,5,2,MOVE
1770791369.699392,MOUSE,5,2,MOVE
1770791369.716059,MOUSE,5,2,MOVE
1770791369.732726,MOUSE,5,2,MOVE
1770791369.749392,MOUSE,5,2,MOVE
1770791369.766059,MOUSE,5,2,MOVE
1770791369.782726,MOUSE,5,2,MOVE
1770791369.799392,MOUSE,5,2,MOVE
1770791369.816059,MOUSE,5,2,MOVE
1770791369.832726,MOUSE,5,2,MOVE
1770791369.849392,MOUSE,5,2,MOVE
1770791369.866059,MOUSE,5,2,MOVE
1770791369.882725,MOUSE,5,2,MOVE
1770791369.899392,MOUSE,5,2,MOVE
1770791369.916059,MOUSE,5,2,MOVE
1770791369.932725,MOUSE,5,2,MOVE
1770791369.949392,MOUSE,5,2,MOVE
1770791369.966059,MOUSE,5,2,MOVE
1770791369.982725,MOUSE,5,2,MOVE
1770791369.999392,MOUSE,5,2,MOVE
1770791370.016059,MOUSE,5,2,MOVE
1770791370.032725,MOUSE,5,2,MOVE
1770791370.049392,MOUSE,5,2,MOVE
1770791370.066059,MOUSE,5,2,MOVE
1770791370.082725,MOUSE,5,2,MOVE
1770791370.099392,MOUSE,5,2,MOVE
1770791370.116059,MOUSE,5,2,MOVE
1770791370.132725,MOUSE,5,2,MOVE
1770791370.149392,MOUSE,5,2,MOVE
1770791370.166059,MOUSE,5,2,MOVE
1770791370.182725,MOUSE,5,2,MOVE
1770791370.199392,MOUSE,5,2,MOVE
1770791370.216058,MOUSE,5,2,MOVE
1770791370.232725,MOUSE,5,2,MOVE
1770791370.249392,MOUSE,5,2,MOVE
1770791370.266058,MOUSE,5,2,MOVE
1770791370.282725,MOUSE,5,2,MOVE
1770791370.299392,MOUSE,5,2,MOVE
1770791370.316058,MOUSE,5,2,MOVE
1770791370.332725,MOUSE,5,2,MOVE
1770791370.349392,MOUSE,5,2,MOVE
1770791370.366058,MOUSE,5,2,MOVE
1770791370.382725,MOUSE,5,2,MOVE
1770791370.399392,MOUSE,5,2,MOVE
1770791370.416058,MOUSE,5,2,MOVE
1770791370.432725,MOUSE,5,2,MOVE
1770791370.449392,MOUSE,5,2,MOVE
1770791370.466058,MOUSE,5,2,MOVE
1770791370.482725,MOUSE,5,2,MOVE
1770791370.499392,MOUSE,5,2,MOVE
1770791370.516058,MOUSE,5,2,MOVE
1770791370.532725,MOUSE,5,2,MOVE
1770791370.549392,MOUSE,5,2,MOVE
1770791370.566058,MOUSE,5,2,MOVE
1770791370.582725,MOUSE,5,2,MOVE
1770791370.599391,MOUSE,5,2,MOVE
1770791370.616058,MOUSE,5,2,MOVE
1770791370.632725,MOUSE,5,2,MOVE
1770791370.649391,MOUSE,5,2,MOVE
1770791370.666058,MOUSE,5,2,MOVE
1770791370.682725,MOUSE,5,0,MOVE
1770791370.699391,MOUSE,5,0,MOVE
1770791370.716058,MOUSE,5,0,MOVE
1770791370.732725,MOUSE,5,0,MOVE
1770791370.749391,MOUSE,5,0,MOVE
1770791370.766058,MOUSE,5,0,MOVE
1770791370.782725,MOUSE,5,0,MOVE
1770791370.799391,MOUSE,5,0,MOVE
1770791370.816058,MOUSE,5,0,MOVE
1770791370.832725,MOUSE,5,0,MOVE
1770791370.849391,MOUSE,5,0,MOVE
1770791370.866058,MOUSE,5,0,MOVE
1770791370.882725,MOUSE,5,0,MOVE
1770791370.899391,MOUSE,5,0,MOVE
1770791370.916058,MOUSE,5,0,MOVE
1770791370.932724,MOUSE,5,0,MOVE
1770791370.949391,MOUSE,5,0,MOVE
1770791370.966058,MOUSE,5,0,MOVE
1770791370.982724,MOUSE,5,0,MOVE
1770791370.999391,MOUSE,5,0,MOVE
1770791371.016058,MOUSE,5,0,MOVE
1770791371.032724,MOUSE,5,0,MOVE
1770791371.049391,MOUSE,5,0,MOVE
1770791371.066058,MOUSE,5,0,MOVE
1770791371.082724,MOUSE,5,0,MOVE
1770791371.099391,MOUSE,5,0,MOVE
1770791371.116058,MOUSE,5,0,MOVE
1770791371.132724,MOUSE,5,0,MOVE
1770791371.149391,MOUSE,5,0,MOVE
1770791371.166058,MOUSE,5,0,MOVE
1770791371.182724,MOUSE,5,0,MOVE
1770791371.199391,MOUSE,5,0,MOVE
1770791371.216058,MOUSE,5,0,MOVE
1770791371.232724,MOUSE,5,0,MOVE
1770791371.249391,MOUSE,5,0,MOVE
1770791371.266057,MOUSE,5,0,MOVE
1770791371.282724,MOUSE,5,0,MOVE
1770791371.299391,MOUSE,5,0,MOVE
1770791371.316057,MOUSE,5,0,MOVE
1770791371.332724,MOUSE,5,0,MOVE
1770791371.349391,MOUSE,5,0,MOVE
1770791371.366057,MOUSE,5,0,MOVE
1770791371.382724,MOUSE,5,0,MOVE
1770791371.399391,MOUSE,5,0,MOVE
1770791371.416057,MOUSE,5,0,MOVE
1770791371.432724,MOUSE,5,0,MOVE
1770791371.449391,MOUSE,5,0,MOVE
1770791371.466057,MOUSE,5,0,MOVE
1770791371.482724,MOUSE,5,0,MOVE
1770791371.499391,MOUSE,5,0,MOVE
1770791371.516057,MOUSE,5,0,MOVE
1770791371.532724,MOUSE,5,0,MOVE
1770791371.549391,MOUSE,5,0,MOVE
1770791371.566057,MOUSE,5,0,MOVE
1770791371.582724,MOUSE,5,0,MOVE
1770791371.582724,MOUSE,0,0,LEFT_DOWN
1770791371.592724,MOUSE,0,0,LEFT_UP
1770791371.599391,MOUSE,5,0,MOVE
1770791371.616057,MOUSE,5,0,MOVE
1770791371.632724,MOUSE,5,0,MOVE
1770791371.649390,MOUSE,5,0,MOVE
1770791371.666057,MOUSE,5,0,MOVE
1770791371.682724,MOUSE,5,0,MOVE
1770791371.699390,MOUSE,5,0,MOVE
1770791371.716057,MOUSE,5,0,MOVE
1770791371.732724,MOUSE,5,0,MOVE
1770791371.749390,MOUSE,5,0,MOVE
1770791371.766057,MOUSE,5,0,MOVE
1770791371.782724,MOUSE,5,0,MOVE
1770791371.799390,MOUSE,5,0,MOVE
1770791371.816057,MOUSE,5,0,MOVE
1770791371.832724,MOUSE,5,0,MOVE
1770791371.849390,MOUSE,5,0,MOVE
1770791371.849390,MOUSE,0,0,LEFT_DOWN
1770791371.859390,MOUSE,0,0,LEFT_UP
1770791371.866057,MOUSE,5,0,MOVE
1770791371.882724,MOUSE,5,0,MOVE
1770791371.899390,MOUSE,5,0,MOVE
1770791371.916057,MOUSE,5,0,MOVE
1770791371.932724,MOUSE,5,0,MOVE
1770791371.949390,MOUSE,5,0,MOVE
1770791371.966057,MOUSE,5,0,MOVE
1770791371.982723,MOUSE,5,0,MOVE
1770791371.999390,MOUSE,5,0,MOVE
1770791372.016057,MOUSE,5,0,MOVE
1770791372.032723,MOUSE,5,0,MOVE
1770791372.049390,MOUSE,5,0,MOVE
1770791372.066057,MOUSE,5,0,MOVE
1770791372.082723,MOUSE,0,-5,MOVE
1770791372.099390,MOUSE,0,-5,MOVE
1770791372.116057,MOUSE,0,-5,MOVE
1770791372.116057,MOUSE,0,0,LEFT_DOWN
1770791372.126057,MOUSE,0,0,LEFT_UP
1770791372.132723,MOUSE,0,-5,MOVE
1770791372.149390,MOUSE,0,-5,MOVE
1770791372.166057,MOUSE,0,-5,MOVE
1770791372.182723,MOUSE,0,-5,MOVE
1770791372.199390,MOUSE,0,-5,MOVE
1770791372.216057,MOUSE,0,-5,MOVE
1770791372.232723,MOUSE,0,-5,MOVE
1770791372.249390,MOUSE,0,-5,MOVE
1770791372.266057,MOUSE,0,2,MOVE
1770791372.282723,MOUSE,0,2,MOVE
1770791372.299390,MOUSE,0,2,MOVE
1770791372.316056,MOUSE,0,2,MOVE
1770791372.332723,MOUSE,0,2,MOVE
1770791372.349390,MOUSE,0,2,MOVE
1770791372.366056,MOUSE,0,2,MOVE
1770791372.382723,MOUSE,0,2,MOVE
1770791372.382723,MOUSE,0,0,LEFT_DOWN
1770791372.392723,MOUSE,0,0,LEFT_UP
1770791372.399390,MOUSE,0,2,MOVE
1770791372.416056,MOUSE,0,2,MOVE
1770791372.432723,MOUSE,0,2,MOVE
1770791372.449390,MOUSE,0,2,MOVE
1770791372.466056,MOUSE,0,2,MOVE
1770791372.482723,MOUSE,0,2,MOVE
1770791372.499390,MOUSE,0,2,MOVE
1770791372.516056,MOUSE,0,2,MOVE
1770791372.532723,MOUSE,0,2,MOVE
1770791372.549390,MOUSE,0,2,MOVE
1770791372.566056,MOUSE,0,2,MOVE
1770791372.582723,MOUSE,0,2,MOVE
1770791372.599390,MOUSE,0,2,MOVE
1770791372.616056,MOUSE,0,2,MOVE
1770791372.632723,MOUSE,0,2,MOVE
1770791372.649390,MOUSE,0,2,MOVE
1770791372.649390,MOUSE,0,0,LEFT_DOWN
1770791372.659389,MOUSE,0,0,LEFT_UP
1770791372.666056,MOUSE,0,2,MOVE
1770791372.682723,MOUSE,0,2,MOVE
1770791372.699389,MOUSE,0,2,MOVE
1770791372.716056,MOUSE,0,2,MOVE
1770791372.732723,MOUSE,0,2,MOVE
1770791372.749389,MOUSE,0,2,MOVE
1770791372.766056,MOUSE,0,2,MOVE
1770791372.782723,MOUSE,0,2,MOVE
1770791372.799389,MOUSE,0,2,MOVE
1770791372.816056,MOUSE,0,2,MOVE
1770791372.832723,MOUSE,0,2,MOVE
1770791372.849389,MOUSE,0,2,MOVE
1770791372.866056,MOUSE,0,2,MOVE
1770791372.882723,MOUSE,0,2,MOVE
1770791372.899389,MOUSE,0,2,MOVE
1770791372.916056,MOUSE,0,2,MOVE
1770791372.932723,MOUSE,0,2,MOVE
1770791372.949389,MOUSE,0,2,MOVE
1770791372.949389,MOUSE,0,0,LEFT_DOWN
1770791372.959389,MOUSE,0,0,LEFT_UP
1770791372.966056,MOUSE,0,2,MOVE
1770791372.982723,MOUSE,0,2,MOVE
1770791372.999389,MOUSE,0,2,MOVE
1770791373.016056,MOUSE,0,2,MOVE
1770791373.032722,MOUSE,0,2,MOVE
1770791373.049389,MOUSE,0,2,MOVE
1770791373.049389,MOUSE,0,0,LEFT_DOWN
1770791373.059389,MOUSE,0,0,LEFT_UP
1770791373.066056,MOUSE,0,2,MOVE
1770791373.082722,MOUSE,0,2,MOVE
1770791373.099389,MOUSE,0,2,MOVE
1770791373.116056,MOUSE,0,2,MOVE
1770791373.132722,MOUSE,0,2,MOVE
1770791373.149389,MOUSE,0,2,MOVE
1770791373.149389,MOUSE,0,0,LEFT_DOWN
1770791373.159389,MOUSE,0,0,LEFT_UP
1770791373.166056,MOUSE,0,2,MOVE
1770791373.182722,MOUSE,0,2,MOVE
1770791373.199389,MOUSE,0,2,MOVE
1770791373.216056,MOUSE,0,2,MOVE
1770791373.232722,MOUSE,0,2,MOVE
1770791373.249389,MOUSE,0,2,MOVE
1770791373.249389,MOUSE,0,0,LEFT_DOWN
1770791373.259389,MOUSE,0,0,LEFT_UP
1770791373.266056,MOUSE,0,2,MOVE
1770791373.282722,MOUSE,0,2,MOVE
1770791373.299389,MOUSE,0,2,MOVE
1770791373.316056,MOUSE,0,2,MOVE
1770791373.332722,MOUSE,0,2,MOVE
1770791373.349389,MOUSE,0,2,MOVE
1770791373.349389,MOUSE,0,0,LEFT_DOWN
1770791373.359389,MOUSE,0,0,LEFT_UP
1770791373.366055,MOUSE,0,2,MOVE
1770791373.382722,MOUSE,0,2,MOVE
1770791373.399389,MOUSE,0,2,MOVE
1770791373.416055,MOUSE,0,2,MOVE
1770791373.432722,MOUSE,0,2,MOVE
1770791373.449389,MOUSE,0,2,MOVE
1770791373.449389,MOUSE,0,0,LEFT_DOWN
1770791373.459389,MOUSE,0,0,LEFT_UP
1770791373.466055,MOUSE,0,2,MOVE
1770791373.482722,MOUSE,-4,-3,MOVE
1770791373.499389,MOUSE,-4,-3,MOVE
1770791373.516055,MOUSE,-4,-3,MOVE
1770791373.532722,MOUSE,-4,-3,MOVE
1770791373.549389,MOUSE,-4,-3,MOVE
1770791373.549389,MOUSE,0,0,LEFT_DOWN
1770791373.559389,MOUSE,0,0,LEFT_UP
1770791373.566055,MOUSE,-4,-3,MOVE
1770791373.582722,MOUSE,-4,-3,MOVE
1770791373.599389,MOUSE,-4,-3,MOVE
1770791373.616055,MOUSE,-4,-3,MOVE
1770791373.632722,MOUSE,-4,-3,MOVE
1770791373.649389,MOUSE,-4,-3,MOVE
1770791373.649389,MOUSE,0,0,LEFT_DOWN
1770791373.659389,MOUSE,0,0,LEFT_UP
1770791373.666055,MOUSE,-4,-3,MOVE
1770791373.682722,MOUSE,-4,-3,MOVE
1770791373.699389,MOUSE,-4,-3,MOVE
1770791373.716055,MOUSE,-4,-3,MOVE
1770791373.732722,MOUSE,-4,-3,MOVE
1770791373.749388,MOUSE,-4,-3,MOVE
1770791373.749388,MOUSE,0,0,LEFT_DOWN
1770791373.759388,MOUSE,0,0,LEFT_UP
1770791373.766055,MOUSE,-4,-3,MOVE
1770791373.782722,MOUSE,-4,-3,MOVE
1770791373.799388,MOUSE,-4,-3,MOVE
1770791373.816055,MOUSE,-4,-3,MOVE
1770791373.832722,MOUSE,-4,-3,MOVE
1770791373.849388,MOUSE,-4,-3,MOVE
1770791373.849388,MOUSE,0,0,LEFT_DOWN
1770791373.859388,MOUSE,0,0,LEFT_UP
1770791373.866055,MOUSE,-4,-3,MOVE
1770791373.882722,MOUSE,-4,-3,MOVE
1770791373.899388,MOUSE,-4,-3,MOVE
1770791373.916055,MOUSE,-4,-3,MOVE
1770791373.932722,MOUSE,-4,-3,MOVE
1770791373.949388,MOUSE,-4,-3,MOVE
1770791373.949388,MOUSE,0,0,LEFT_DOWN
1770791373.959388,MOUSE,0,0,LEFT_UP
1770791373.966055,MOUSE,-4,-3,MOVE
1770791373.982722,MOUSE,-4,-3,MOVE
1770791373.999388,MOUSE,-4,-3,MOVE
1770791374.016055,MOUSE,-4,-3,MOVE
1770791374.032722,MOUSE,-4,-3,MOVE
1770791374.049388,MOUSE,-4,-3,MOVE
1770791374.049388,MOUSE,0,0,LEFT_DOWN
1770791374.059388,MOUSE,0,0,LEFT_UP
1770791374.066055,MOUSE,-4,-3,MOVE
1770791374.082721,MOUSE,-4,-3,MOVE
1770791374.099388,MOUSE,-4,-3,MOVE
1770791374.116055,MOUSE,-4,-3,MOVE
1770791374.132721,MOUSE,-4,-3,MOVE
1770791374.149388,MOUSE,-4,-3,MOVE
1770791374.149388,MOUSE,0,0,LEFT_DOWN
1770791374.159388,MOUSE,0,0,LEFT_UP
1770791374.166055,MOUSE,-4,-3,MOVE
1770791374.182721,MOUSE,-4,-3,MOVE
1770791374.199388,MOUSE,-4,-3,MOVE
1770791374.216055,MOUSE,-4,-3,MOVE
1770791374.232721,MOUSE,-4,-3,MOVE
1770791374.249388,MOUSE,-4,-3,MOVE
1770791374.249388,MOUSE,0,0,LEFT_DOWN
1770791374.259388,MOUSE,0,0,LEFT_UP
1770791374.266055,MOUSE,-4,-3,MOVE
1770791374.282721,MOUSE,-4,-3,MOVE
1770791374.299388,MOUSE,-4,-3,MOVE
1770791374.316055,MOUSE,-4,-3,MOVE
1770791374.332721,MOUSE,-4,-3,MOVE
1770791374.349388,MOUSE,-4,-3,MOVE
1770791374.349388,MOUSE,0,0,LEFT_DOWN
1770791374.359388,MOUSE,0,0,LEFT_UP
1770791374.366055,MOUSE,-4,-3,MOVE
1770791374.382721,MOUSE,-4,-3,MOVE
1770791374.399388,MOUSE,-4,-3,MOVE
1770791374.416054,MOUSE,-4,-3,MOVE
1770791374.432721,MOUSE,-4,-3,MOVE
1770791374.449388,MOUSE,-4,-3,MOVE
1770791374.449388,MOUSE,0,0,LEFT_DOWN
1770791374.459388,MOUSE,0,0,LEFT_UP
1770791374.466054,MOUSE,-4,-3,MOVE
1770791374.482721,MOUSE,-4,-3,MOVE
1770791374.499388,MOUSE,-4,-3,MOVE
1770791374.516054,MOUSE,-4,-3,MOVE
1770791374.532721,MOUSE,-4,-3,MOVE
1770791374.549388,MOUSE,-4,-3,MOVE
1770791374.549388,MOUSE,0,0,LEFT_DOWN
1770791374.559388,MOUSE,0,0,LEFT_UP
1770791374.566054,MOUSE,-2,0,MOVE
1770791374.582721,MOUSE,-2,0,MOVE
1770791374.599388,MOUSE,-2,0,MOVE
1770791374.616054,MOUSE,-2,0,MOVE
1770791374.632721,MOUSE,-2,0,MOVE
1770791374.649388,MOUSE,-2,0,MOVE
1770791374.649388,MOUSE,0,0,LEFT_DOWN
1770791374.659388,MOUSE,0,0,LEFT_UP
1770791374.666054,MOUSE,-2,0,MOVE
1770791374.682721,MOUSE,-2,0,MOVE
1770791374.699388,MOUSE,-2,0,MOVE
1770791374.716054,MOUSE,-2,0,MOVE
1770791374.732721,MOUSE,-2,0,MOVE
1770791374.749388,MOUSE,-2,0,MOVE
1770791374.749388,MOUSE,0,0,LEFT_DOWN
1770791374.759387,MOUSE,0,0,LEFT_UP
1770791374.766054,MOUSE,-2,0,MOVE
1770791374.782721,MOUSE,-2,0,MOVE
1770791374.799387,MOUSE,-2,0,MOVE
1770791374.816054,MOUSE,-2,0,MOVE
1770791374.832721,MOUSE,-2,0,MOVE
1770791374.849387,MOUSE,-2,0,MOVE
1770791374.866054,MOUSE,-2,0,MOVE
1770791374.882721,MOUSE,-2,0,MOVE
1770791374.899387,MOUSE,-2,0,MOVE
1770791374.916054,MOUSE,-2,0,MOVE
1770791374.932721,MOUSE,-2,0,MOVE
1770791374.949387,MOUSE,-2,0,MOVE
1770791374.966054,MOUSE,-2,0,MOVE
1770791374.982721,MOUSE,-2,0,MOVE
1770791374.999387,MOUSE,-2,0,MOVE
1770791375.016054,MOUSE,-2,0,MOVE
1770791375.032721,MOUSE,-2,0,MOVE
1770791375.049387,MOUSE,-2,0,MOVE
1770791375.066054,MOUSE,-2,0,MOVE
1770791375.082721,MOUSE,-2,0,MOVE
1770791375.099387,MOUSE,-2,0,MOVE
1770791375.116054,MOUSE,-2,0,MOVE
1770791375.132720,MOUSE,-2,0,MOVE
1770791375.149387,MOUSE,-2,0,MOVE
1770791375.166054,MOUSE,-2,0,MOVE
1770791375.182720,MOUSE,-2,0,MOVE
1770791375.199387,MOUSE,-2,0,MOVE
1770791375.216054,MOUSE,-2,0,MOVE
1770791375.232720,MOUSE,-2,0,MOVE
1770791375.249387,MOUSE,-2,0,MOVE
1770791375.266054,MOUSE,-2,0,MOVE
1770791375.282720,MOUSE,-2,0,MOVE
1770791375.299387,MOUSE,-2,0,MOVE
1770791375.316054,MOUSE,-2,0,MOVE
1770791375.332720,MOUSE,-2,0,MOVE
1770791375.349387,MOUSE,-2,0,MOVE
1770791375.366054,MOUSE,-2,0,MOVE
1770791375.382720,MOUSE,-2,0,MOVE
1770791375.399387,MOUSE,-2,0,MOVE
1770791375.416054,MOUSE,-2,0,MOVE
1770791375.432720,MOUSE,-2,0,MOVE
1770791375.449387,MOUSE,-2,0,MOVE
1770791375.466053,MOUSE,-2,0,MOVE
1770791375.482720,MOUSE,-2,0,MOVE
1770791375.499387,MOUSE,-2,0,MOVE
1770791375.516053,MOUSE,-2,0,MOVE
1770791375.532720,MOUSE,-2,0,MOVE
1770791375.549387,MOUSE,-2,0,MOVE
1770791375.566053,MOUSE,-2,0,MOVE
1770791375.582720,MOUSE,-2,0,MOVE
1770791375.599387,MOUSE,-2,0,MOVE
1770791375.616053,MOUSE,-2,0,MOVE
1770791375.632720,MOUSE,-2,0,MOVE
1770791375.649387,MOUSE,-2,0,MOVE
1770791375.666053,MOUSE,-2,0,MOVE
1770791375.682720,MOUSE,-2,0,MOVE
1770791375.699387,MOUSE,-2,0,MOVE
1770791375.716053,MOUSE,-2,0,MOVE
1770791375.732720,MOUSE,-2,0,MOVE
1770791375.749387,MOUSE,-2,0,MOVE
1770791375.766053,MOUSE,-2,0,MOVE
1770791375.782720,MOUSE,-2,0,MOVE
1770791375.799387,MOUSE,-2,0,MOVE
1770791375.816053,MOUSE,-2,0,MOVE
1770791375.832720,MOUSE,-2,0,MOVE
1770791375.849386,MOUSE,-2,0,MOVE
1770791375.866053,MOUSE,-2,0,MOVE
1770791375.882720,MOUSE,-2,0,MOVE
1770791375.899386,MOUSE,-2,0,MOVE
1770791375.916053,MOUSE,-2,0,MOVE
1770791375.932720,MOUSE,-2,0,MOVE
1770791375.949386,MOUSE,-2,0,MOVE
1770791375.966053,MOUSE,-2,0,MOVE
1770791375.982720,MOUSE,-2,0,MOVE
1770791375.999386,MOUSE,-2,0,MOVE
1770791376.016053,MOUSE,-2,0,MOVE
1770791376.032720,MOUSE,-2,0,MOVE
1770791376.049386,MOUSE,-2,0,MOVE
1770791376.066053,MOUSE,-2,0,MOVE
1770791376.082720,MOUSE,-2,0,MOVE
1770791376.099386,MOUSE,-2,0,MOVE
1770791376.116053,MOUSE,-2,0,MOVE
1770791376.132720,MOUSE,-2,0,MOVE
1770791376.149386,MOUSE,-2,0,MOVE
1770791376.166053,MOUSE,-2,0,MOVE
1770791376.182719,MOUSE,-2,0,MOVE
1770791376.199386,MOUSE,-2,0,MOVE
1770791376.216053,MOUSE,-2,0,MOVE
1770791376.232719,MOUSE,-2,0,MOVE
1770791376.249386,MOUSE,-2,0,MOVE
1770791376.266053,MOUSE,-2,0,MOVE
1770791376.282719,MOUSE,1,4,MOVE
1770791376.299386,MOUSE,1,4,MOVE
1770791376.316053,MOUSE,1,4,MOVE
1770791376.332719,MOUSE,1,4,MOVE
1770791376.349386,MOUSE,1,4,MOVE
1770791376.366053,MOUSE,1,4,MOVE
1770791376.382719,MOUSE,1,4,MOVE
1770791376.399386,MOUSE,1,4,MOVE
1770791376.416053,MOUSE,1,4,MOVE
1770791376.432719,MOUSE,1,4,MOVE
1770791376.449386,MOUSE,1,4,MOVE
1770791376.466053,MOUSE,1,4,MOVE
1770791376.482719,MOUSE,1,4,MOVE
1770791376.499386,MOUSE,1,4,MOVE
1770791376.516052,MOUSE,1,4,MOVE
1770791376.532719,MOUSE,1,4,MOVE
1770791376.549386,MOUSE,1,4,MOVE
1770791376.566052,MOUSE,1,4,MOVE
1770791376.582719,MOUSE,1,4,MOVE
1770791376.599386,MOUSE,1,4,MOVE
1770791376.616052,MOUSE,1,4,MOVE
1770791376.632719,MOUSE,1,4,MOVE
1770791376.649386,MOUSE,1,4,MOVE
1770791376.666052,MOUSE,1,4,MOVE
1770791376.682719,MOUSE,1,4,MOVE
1770791376.699386,MOUSE,1,4,MOVE
1770791376.716052,MOUSE,1,4,MOVE
1770791376.732719,MOUSE,1,4,MOVE
1770791376.749386,MOUSE,1,4,MOVE
1770791376.766052,MOUSE,1,4,MOVE
1770791376.782719,MOUSE,1,4,MOVE
1770791376.799386,MOUSE,1,4,MOVE
1770791376.816052,MOUSE,1,4,MOVE
1770791376.832719,MOUSE,1,4,MOVE
1770791376.849385,MOUSE,1,4,MOVE
1770791376.866052,MOUSE,1,4,MOVE
1770791376.882719,MOUSE,1,4,MOVE
1770791376.899385,MOUSE,1,4,MOVE
1770791376.916052,MOUSE,1,4,MOVE
1770791376.932719,MOUSE,1,4,MOVE
1770791376.949385,MOUSE,1,4,MOVE
1770791376.966052,MOUSE,1,4,MOVE
1770791376.982719,MOUSE,1,4,MOVE
1770791376.999385,MOUSE,1,4,MOVE
1770791377.016052,MOUSE,1,4,MOVE
1770791377.032719,MOUSE,1,4,MOVE
1770791377.049385,MOUSE,1,4,MOVE
1770791377.066052,MOUSE,1,4,MOVE
1770791377.082719,MOUSE,1,4,MOVE
1770791377.099385,MOUSE,1,4,MOVE
1770791377.116052,MOUSE,1,4,MOVE
1770791377.132719,MOUSE,1,4,MOVE
1770791377.149385,MOUSE,3,0,MOVE
1770791377.166052,MOUSE,3,0,MOVE
1770791377.182719,MOUSE,3,0,MOVE
1770791377.199385,MOUSE,3,0,MOVE
1770791377.216052,MOUSE,3,0,MOVE
1770791377.232718,MOUSE,3,0,MOVE
1770791377.249385,MOUSE,3,0,MOVE
1770791377.266052,MOUSE,3,0,MOVE
1770791377.282718,MOUSE,3,0,MOVE
1770791377.299385,MOUSE,3,0,MOVE
1770791377.316052,MOUSE,3,0,MOVE
1770791377.332718,MOUSE,3,0,MOVE
1770791377.349385,MOUSE,3,0,MOVE
1770791377.366052,MOUSE,3,0,MOVE
1770791377.382718,MOUSE,3,0,MOVE
1770791377.399385,MOUSE,3,0,MOVE
1770791377.416052,MOUSE,3,0,MOVE
1770791377.432718,MOUSE,3,0,MOVE
1770791377.449385,MOUSE,3,0,MOVE
1770791377.466052,MOUSE,3,0,MOVE
1770791377.482718,MOUSE,3,0,MOVE
1770791377.499385,MOUSE,3,0,MOVE
1770791377.516052,MOUSE,3,0,MOVE
1770791377.532718,MOUSE,3,0,MOVE
1770791377.549385,MOUSE,3,0,MOVE
1770791377.549385,MOUSE,0,0,LEFT_DOWN
1770791377.559385,MOUSE,0,0,LEFT_UP
1770791377.566051,MOUSE,3,0,MOVE
1770791377.582718,MOUSE,3,0,MOVE
1770791377.599385,MOUSE,3,0,MOVE
1770791377.616051,MOUSE,3,0,MOVE
1770791377.632718,MOUSE,3,0,MOVE
1770791377.632718,MOUSE,0,0,LEFT_DOWN
1770791377.642718,MOUSE,0,0,LEFT_UP
1770791377.649385,MOUSE,3,0,MOVE
1770791377.666051,MOUSE,3,0,MOVE
1770791377.682718,MOUSE,3,0,MOVE
1770791377.699385,MOUSE,3,0,MOVE
1770791377.716051,MOUSE,3,0,MOVE
1770791377.716051,MOUSE,0,0,LEFT_DOWN
1770791377.726051,MOUSE,0,0,LEFT_UP
1770791377.732718,MOUSE,3,0,MOVE
1770791377.749385,MOUSE,3,0,MOVE
1770791377.766051,MOUSE,3,0,MOVE
1770791377.782718,MOUSE,3,0,MOVE
1770791377.799385,MOUSE,3,0,MOVE
1770791377.799385,MOUSE,0,0,LEFT_DOWN
1770791377.809385,MOUSE,0,0,LEFT_UP
1770791377.816051,MOUSE,3,0,MOVE
1770791377.832718,MOUSE,3,0,MOVE
1770791377.849385,MOUSE,3,0,MOVE
1770791377.866051,MOUSE,3,0,MOVE
1770791377.882718,MOUSE,3,0,MOVE
1770791377.882718,MOUSE,0,0,LEFT_DOWN
1770791377.892718,MOUSE,0,0,LEFT_UP
1770791377.899384,MOUSE,3,0,MOVE
1770791377.916051,MOUSE,3,0,MOVE
1770791377.932718,MOUSE,3,0,MOVE
1770791377.949384,MOUSE,3,0,MOVE
1770791377.966051,MOUSE,3,0,MOVE
1770791377.966051,MOUSE,0,0,LEFT_DOWN
1770791377.976051,MOUSE,0,0,LEFT_UP
1770791377.982718,MOUSE,3,0,MOVE
1770791377.999384,MOUSE,3,0,MOVE
1770791378.016051,MOUSE,3,0,MOVE
1770791378.032718,MOUSE,3,0,MOVE
1770791378.049384,MOUSE,3,0,MOVE
1770791378.049384,MOUSE,0,0,LEFT_DOWN
1770791378.059384,MOUSE,0,0,LEFT_UP
1770791378.066051,MOUSE,3,0,MOVE
1770791378.082718,MOUSE,3,0,MOVE
1770791378.099384,MOUSE,3,0,MOVE
1770791378.116051,MOUSE,3,0,MOVE
1770791378.132718,MOUSE,3,0,MOVE
1770791378.132718,MOUSE,0,0,LEFT_DOWN
1770791378.142718,MOUSE,0,0,LEFT_UP
1770791378.149384,MOUSE,3,0,MOVE
1770791378.166051,MOUSE,3,0,MOVE
1770791378.182718,MOUSE,3,0,MOVE
1770791378.199384,MOUSE,3,0,MOVE
1770791378.216051,MOUSE,3,0,MOVE
1770791378.216051,MOUSE,0,0,LEFT_DOWN
1770791378.226051,MOUSE,0,0,LEFT_UP
1770791378.232718,MOUSE,3,0,MOVE
1770791378.249384,MOUSE,3,0,MOVE
1770791378.266051,MOUSE,3,0,MOVE
1770791378.282717,MOUSE,3,0,MOVE
1770791378.299384,MOUSE,3,0,MOVE
1770791378.299384,MOUSE,0,0,LEFT_DOWN
1770791378.309384,MOUSE,0,0,LEFT_UP
1770791378.316051,MOUSE,3,0,MOVE
1770791378.332717,MOUSE,3,0,MOVE
1770791378.349384,MOUSE,3,0,MOVE
1770791378.366051,MOUSE,3,0,MOVE
1770791378.382717,MOUSE,3,0,MOVE
1770791378.382717,MOUSE,0,0,LEFT_DOWN
1770791378.392717,MOUSE,0,0,LEFT_UP
1770791378.399384,MOUSE,3,0,MOVE
1770791378.416051,MOUSE,3,0,MOVE
1770791378.432717,MOUSE,3,0,MOVE
1770791378.449384,MOUSE,3,0,MOVE
1770791378.466051,MOUSE,3,0,MOVE
1770791378.466051,MOUSE,0,0,LEFT_DOWN
1770791378.476051,MOUSE,0,0,LEFT_UP
1770791378.482717,MOUSE,3,0,MOVE
1770791378.499384,MOUSE,3,0,MOVE
1770791378.516051,MOUSE,3,0,MOVE
1770791378.532717,MOUSE,3,0,MOVE
1770791378.549384,MOUSE,3,0,MOVE
1770791378.549384,MOUSE,0,0,LEFT_DOWN
1770791378.559384,MOUSE,0,0,LEFT_UP
1770791378.566051,MOUSE,3,0,MOVE
1770791378.582717,MOUSE,3,0,MOVE
1770791378.599384,MOUSE,3,0,MOVE
1770791378.616050,MOUSE,3,0,MOVE
1770791378.632717,MOUSE,3,0,MOVE
1770791378.632717,MOUSE,0,0,LEFT_DOWN
1770791378.642717,MOUSE,0,0,LEFT_UP
1770791378.649384,MOUSE,3,0,MOVE
1770791378.666050,MOUSE,3,0,MOVE
1770791378.682717,MOUSE,3,0,MOVE
1770791378.699384,MOUSE,3,0,MOVE
1770791378.716050,MOUSE,3,0,MOVE
1770791378.716050,MOUSE,0,0,LEFT_DOWN
1770791378.726050,MOUSE,0,0,LEFT_UP
1770791378.732717,MOUSE,3,0,MOVE
1770791378.749384,MOUSE,3,0,MOVE
1770791378.766050,MOUSE,3,0,MOVE
1770791378.782717,MOUSE,3,0,MOVE
1770791378.799384,MOUSE,3,0,MOVE
1770791378.799384,MOUSE,0,0,LEFT_DOWN
1770791378.809384,MOUSE,0,0,LEFT_UP
1770791378.816050,MOUSE,3,0,MOVE
1770791378.832717,MOUSE,3,0,MOVE
1770791378.849384,MOUSE,3,0,MOVE
1770791378.866050,MOUSE,3,0,MOVE
1770791378.882717,MOUSE,3,0,MOVE
1770791378.882717,MOUSE,0,0,LEFT_DOWN
1770791378.892717,MOUSE,0,0,LEFT_UP
1770791378.899384,MOUSE,3,0,MOVE
1770791378.916050,MOUSE,3,0,MOVE
1770791378.932717,MOUSE,3,0,MOVE
1770791378.949383,MOUSE,3,0,MOVE
1770791378.966050,MOUSE,3,0,MOVE
1770791378.966050,MOUSE,0,0,LEFT_DOWN
1770791378.976050,MOUSE,0,0,LEFT_UP
1770791378.982717,MOUSE,3,0,MOVE
1770791378.999383,MOUSE,3,0,MOVE
1770791379.016050,MOUSE,3,0,MOVE
1770791379.032717,MOUSE,3,0,MOVE
1770791379.049383,MOUSE,3,0,MOVE
1770791379.049383,MOUSE,0,0,LEFT_DOWN
1770791379.059383,MOUSE,0,0,LEFT_UP
1770791379.066050,MOUSE,3,0,MOVE
1770791379.082717,MOUSE,3,0,MOVE
1770791379.099383,MOUSE,3,0,MOVE
1770791379.116050,MOUSE,3,-2,MOVE
1770791379.132717,MOUSE,3,-2,MOVE
1770791379.132717,MOUSE,0,0,LEFT_DOWN
1770791379.142717,MOUSE,0,0,LEFT_UP
1770791379.149383,MOUSE,3,-2,MOVE
1770791379.166050,MOUSE,3,-2,MOVE
1770791379.182717,MOUSE,3,-2,MOVE
1770791379.199383,MOUSE,-4,0,MOVE
1770791379.216050,MOUSE,-4,0,MOVE
1770791379.216050,MOUSE,0,0,LEFT_DOWN
1770791379.226050,MOUSE,0,0,LEFT_UP
1770791379.232717,MOUSE,-4,0,MOVE
1770791379.249383,MOUSE,-4,0,MOVE
1770791379.266050,MOUSE,-4,0,MOVE
1770791379.282717,MOUSE,-4,0,MOVE
1770791379.299383,MOUSE,-4,0,MOVE
1770791379.299383,MOUSE,0,0,LEFT_DOWN
1770791379.309383,MOUSE,0,0,LEFT_UP
1770791379.316050,MOUSE,-4,0,MOVE
1770791379.332716,MOUSE,-4,0,MOVE
1770791379.349383,MOUSE,-4,0,MOVE
1770791379.366050,MOUSE,-4,0,MOVE
1770791379.382716,MOUSE,-4,0,MOVE
1770791379.382716,MOUSE,0,0,LEFT_DOWN
1770791379.392716,MOUSE,0,0,LEFT_UP
1770791379.399383,MOUSE,-4,0,MOVE
1770791379.416050,MOUSE,-4,0,MOVE
1770791379.432716,MOUSE,-4,0,MOVE
1770791379.449383,MOUSE,-4,0,MOVE
1770791379.466050,MOUSE,-4,0,MOVE
1770791379.466050,MOUSE,0,0,LEFT_DOWN
1770791379.476050,MOUSE,0,0,LEFT_UP
1770791379.482716,MOUSE,-4,0,MOVE
1770791379.499383,MOUSE,-4,0,MOVE
1770791379.516050,MOUSE,-4,0,MOVE
1770791379.532716,MOUSE,-4,0,MOVE
1770791379.549383,MOUSE,-4,0,MOVE
1770791379.549383,MOUSE,0,0,LEFT_DOWN
1770791379.559383,MOUSE,0,0,LEFT_UP
1770791379.566050,MOUSE,-4,0,MOVE
1770791379.582716,MOUSE,-4,0,MOVE
1770791379.599383,MOUSE,-4,0,MOVE
1770791379.616050,MOUSE,-4,0,MOVE
1770791379.632716,MOUSE,-4,0,MOVE
1770791379.649383,MOUSE,-4,0,MOVE
1770791379.666049,MOUSE,-4,0,MOVE
1770791379.682716,MOUSE,-4,0,MOVE
1770791379.699383,MOUSE,-4,0,MOVE
1770791379.716049,MOUSE,-4,0,MOVE
1770791379.732716,MOUSE,-4,0,MOVE
1770791379.749383,MOUSE,-4,0,MOVE
1770791379.766049,MOUSE,-4,0,MOVE
1770791379.782716,MOUSE,-4,0,MOVE
1770791379.799383,MOUSE,-4,0,MOVE
1770791379.816049,MOUSE,2,-1,MOVE
1770791379.832716,MOUSE,2,-1,MOVE
1770791379.849383,MOUSE,2,-1,MOVE
1770791379.866049,MOUSE,2,-1,MOVE
1770791379.882716,MOUSE,2,-1,MOVE
1770791379.899383,MOUSE,2,-1,MOVE
1770791379.916049,MOUSE,2,-1,MOVE
1770791379.932716,MOUSE,2,-1,MOVE
1770791379.949383,MOUSE,2,-1,MOVE
1770791379.966049,MOUSE,2,-1,MOVE
1770791379.982716,MOUSE,2,-1,MOVE
1770791379.999382,MOUSE,2,-1,MOVE
1770791380.016049,MOUSE,2,-1,MOVE
1770791380.032716,MOUSE,2,-1,MOVE
1770791380.049382,MOUSE,2,-1,MOVE
1770791380.066049,MOUSE,2,-1,MOVE
1770791380.082716,MOUSE,2,-1,MOVE
1770791380.099382,MOUSE,2,-1,MOVE
1770791380.116049,MOUSE,2,-1,MOVE
1770791380.132716,MOUSE,2,-1,MOVE
1770791380.149382,MOUSE,2,-1,MOVE
1770791380.166049,MOUSE,2,-1,MOVE
1770791380.182716,MOUSE,2,-1,MOVE
1770791380.199382,MOUSE,2,-1,MOVE
1770791380.216049,MOUSE,2,-1,MOVE
1770791380.232716,MOUSE,2,-1,MOVE
1770791380.249382,MOUSE,2,-1,MOVE
1770791380.266049,MOUSE,2,-1,MOVE
1770791380.282716,MOUSE,2,-1,MOVE
1770791380.299382,MOUSE,2,-1,MOVE
1770791380.316049,MOUSE,2,-1,MOVE
1770791380.332716,MOUSE,2,-1,MOVE
1770791380.349382,MOUSE,2,-1,MOVE
1770791380.366049,MOUSE,2,-1,MOVE
1770791380.382715,MOUSE,2,-1,MOVE
1770791380.399382,MOUSE,2,-1,MOVE
1770791380.416049,MOUSE,2,-1,MOVE
1770791380.432715,MOUSE,2,-1,MOVE
1770791380.449382,MOUSE,2,-1,MOVE
1770791380.466049,MOUSE,2,-1,MOVE
1770791380.482715,MOUSE,2,-1,MOVE
1770791380.499382,MOUSE,2,-1,MOVE
1770791380.516049,MOUSE,2,-1,MOVE
1770791380.532715,MOUSE,2,-1,MOVE
1770791380.549382,MOUSE,2,-1,MOVE
1770791380.566049,MOUSE,2,-1,MOVE
1770791380.582715,MOUSE,2,-1,MOVE
1770791380.599382,MOUSE,2,-1,MOVE
1770791380.616049,MOUSE,2,-1,MOVE
1770791380.632715,MOUSE,2,-1,MOVE
1770791380.649382,MOUSE,2,-1,MOVE
1770791380.666049,MOUSE,2,-1,MOVE
1770791380.682715,MOUSE,2,-1,MOVE
1770791380.699382,MOUSE,2,-1,MOVE
1770791380.716048,MOUSE,2,-1,MOVE
1770791380.732715,MOUSE,2,-1,MOVE
1770791380.749382,MOUSE,2,-1,MOVE
1770791380.766048,MOUSE,2,-1,MOVE
1770791380.782715,MOUSE,2,-1,MOVE
1770791380.799382,MOUSE,2,-1,MOVE
1770791380.816048,MOUSE,2,-1,MOVE
1770791380.832715,MOUSE,2,-1,MOVE
1770791380.849382,MOUSE,2,-1,MOVE
1770791380.866048,MOUSE,2,-1,MOVE
1770791380.882715,MOUSE,2,-1,MOVE
1770791380.899382,MOUSE,2,-1,MOVE
1770791380.916048,MOUSE,2,-1,MOVE
1770791380.932715,MOUSE,2,-1,MOVE
1770791380.949382,MOUSE,2,-1,MOVE
1770791380.966048,MOUSE,2,-1,MOVE
1770791380.982715,MOUSE,2,-1,MOVE
1770791380.999382,MOUSE,2,-1,MOVE
1770791381.016048,MOUSE,2,-1,MOVE
1770791381.032715,MOUSE,2,-1,MOVE
1770791381.049381,MOUSE,2,-1,MOVE
1770791381.066048,MOUSE,2,-1,MOVE
1770791381.082715,MOUSE,2,-1,MOVE
1770791381.099381,MOUSE,2,-1,MOVE
1770791381.116048,MOUSE,2,-1,MOVE
1770791381.132715,MOUSE,2,-1,MOVE
1770791381.149381,MOUSE,2,-1,MOVE
1770791381.166048,MOUSE,2,-1,MOVE
1770791381.182715,MOUSE,2,-1,MOVE
1770791381.199381,MOUSE,2,-1,MOVE
1770791381.216048,MOUSE,2,-1,MOVE
1770791381.232715,MOUSE,2,-1,MOVE
1770791381.249381,MOUSE,2,-1,MOVE
1770791381.266048,MOUSE,2,-1,MOVE
1770791381.282715,MOUSE,2,-1,MOVE
1770791381.299381,MOUSE,2,-1,MOVE
1770791381.316048,MOUSE,2,-1,MOVE
1770791381.332715,MOUSE,2,-1,MOVE
1770791381.349381,MOUSE,2,-1,MOVE
1770791381.366048,MOUSE,2,-1,MOVE
1770791381.382715,MOUSE,2,-1,MOVE
1770791381.399381,MOUSE,2,-1,MOVE
1770791381.416048,MOUSE,2,-1,MOVE
1770791381.432714,MOUSE,2,-1,MOVE
1770791381.449381,MOUSE,2,-1,MOVE
1770791381.466048,MOUSE,2,-1,MOVE
1770791381.482714,MOUSE,2,-1,MOVE
1770791381.499381,MOUSE,2,-1,MOVE
1770791381.516048,MOUSE,2,-1,MOVE
1770791381.532714,MOUSE,2,-1,MOVE
1770791381.549381,MOUSE,2,-1,MOVE
1770791381.566048,MOUSE,2,-1,MOVE
1770791381.582714,MOUSE,2,-1,MOVE
1770791381.599381,MOUSE,2,-1,MOVE
1770791381.616048,MOUSE,2,-1,MOVE
1770791381.632714,MOUSE,2,-1,MOVE
1770791381.649381,MOUSE,2,-1,MOVE
1770791381.666048,MOUSE,2,-1,MOVE
1770791381.682714,MOUSE,2,-1,MOVE
1770791381.699381,MOUSE,2,-1,MOVE
1770791381.716048,MOUSE,2,-1,MOVE
1770791381.732714,MOUSE,2,-1,MOVE
1770791381.749381,MOUSE,2,-1,MOVE
1770791381.766047,MOUSE,3,-2,MOVE
1770791381.782714,MOUSE,3,-2,MOVE
1770791381.799381,MOUSE,3,-2,MOVE
1770791381.816047,MOUSE,3,-2,MOVE
1770791381.832714,MOUSE,3,-2,MOVE
1770791381.849381,MOUSE,3,-2,MOVE
1770791381.866047,MOUSE,3,-2,MOVE
1770791381.882714,MOUSE,3,-2,MOVE
1770791381.899381,MOUSE,3,-2,MOVE
1770791381.916047,MOUSE,3,-2,MOVE
1770791381.932714,MOUSE,3,-2,MOVE
1770791381.949381,MOUSE,3,-2,MOVE
1770791381.966047,MOUSE,3,-2,MOVE
1770791381.982714,MOUSE,3,-2,MOVE
1770791381.999381,MOUSE,3,-2,MOVE
1770791382.016047,MOUSE,3,-2,MOVE
1770791382.032714,MOUSE,3,-2,MOVE
1770791382.049381,MOUSE,3,-2,MOVE
1770791382.066047,MOUSE,3,-2,MOVE
1770791382.082714,MOUSE,3,-2,MOVE
1770791382.099380,MOUSE,3,-2,MOVE
1770791382.116047,MOUSE,3,-2,MOVE
1770791382.132714,MOUSE,3,-2,MOVE
1770791382.149380,MOUSE,3,-2,MOVE
1770791382.166047,MOUSE,3,-2,MOVE
1770791382.182714,MOUSE,3,-2,MOVE
1770791382.199380,MOUSE,3,-2,MOVE
1770791382.216047,MOUSE,3,-2,MOVE
1770791382.232714,MOUSE,3,-2,MOVE
1770791382.249380,MOUSE,3,-2,MOVE
1770791382.266047,MOUSE,3,-2,MOVE
1770791382.282714,MOUSE,3,-2,MOVE
1770791382.299380,MOUSE,3,-2,MOVE
1770791382.316047,MOUSE,3,-2,MOVE
1770791382.332714,MOUSE,3,-2,MOVE
1770791382.349380,MOUSE,3,-2,MOVE
1770791382.366047,MOUSE,3,-2,MOVE
1770791382.382714,MOUSE,3,-2,MOVE
1770791382.399380,MOUSE,3,-2,MOVE
1770791382.416047,MOUSE,3,-2,MOVE
1770791382.432714,MOUSE,3,-2,MOVE
1770791382.449380,MOUSE,3,-2,MOVE
1770791382.466047,MOUSE,3,-2,MOVE
1770791382.482713,MOUSE,3,-2,MOVE
1770791382.499380,MOUSE,3,-2,MOVE
1770791382.516047,MOUSE,3,-2,MOVE
1770791382.532713,MOUSE,3,-2,MOVE
1770791382.549380,MOUSE,3,-2,MOVE
1770791382.566047,MOUSE,3,-2,MOVE
1770791382.582713,MOUSE,3,0,MOVE
1770791382.599380,MOUSE,3,0,MOVE
1770791382.616047,MOUSE,3,0,MOVE
1770791382.632713,MOUSE,3,0,MOVE
1770791382.649380,MOUSE,3,0,MOVE
1770791382.666047,MOUSE,3,0,MOVE
1770791382.682713,MOUSE,3,0,MOVE
1770791382.699380,MOUSE,3,0,MOVE
1770791382.716047,MOUSE,3,0,MOVE
1770791382.732713,MOUSE,3,0,MOVE
1770791382.749380,MOUSE,3,0,MOVE
1770791382.766047,MOUSE,3,0,MOVE
1770791382.782713,MOUSE,3,0,MOVE
1770791382.799380,MOUSE,3,0,MOVE
1770791382.816046,MOUSE,3,0,MOVE
1770791382.832713,MOUSE,3,0,MOVE
1770791382.849380,MOUSE,3,0,MOVE
1770791382.866046,MOUSE,3,0,MOVE
1770791382.882713,MOUSE,3,0,MOVE
1770791382.899380,MOUSE,3,0,MOVE
1770791382.916046,MOUSE,3,0,MOVE
1770791382.932713,MOUSE,3,0,MOVE
1770791382.949380,MOUSE,3,0,MOVE
1770791382.966046,MOUSE,3,0,MOVE
1770791382.982713,MOUSE,2,0,MOVE
1770791382.999380,MOUSE,2,0,MOVE
1770791383.016046,MOUSE,2,0,MOVE
1770791383.032713,MOUSE,2,0,MOVE
1770791383.049380,MOUSE,2,0,MOVE
1770791383.066046,MOUSE,2,0,MOVE
1770791383.082713,MOUSE,2,0,MOVE
1770791383.099380,MOUSE,2,0,MOVE
1770791383.116046,MOUSE,2,0,MOVE
1770791383.132713,MOUSE,2,0,MOVE
1770791383.149379,MOUSE,2,0,MOVE
1770791383.166046,MOUSE,2,0,MOVE
1770791383.182713,MOUSE,2,0,MOVE
1770791383.199379,MOUSE,2,0,MOVE
1770791383.216046,MOUSE,2,0,MOVE
1770791383.232713,MOUSE,2,0,MOVE
1770791383.249379,MOUSE,2,0,MOVE
1770791383.266046,MOUSE,2,0,MOVE
1770791383.282713,MOUSE,2,0,MOVE
1770791383.299379,MOUSE,2,0,MOVE
1770791383.316046,MOUSE,2,0,MOVE
1770791383.332713,MOUSE,2,0,MOVE
1770791383.349379,MOUSE,2,0,MOVE
1770791383.366046,MOUSE,2,0,MOVE
1770791383.382713,MOUSE,2,0,MOVE
1770791383.399379,MOUSE,2,0,MOVE
1770791383.416046,MOUSE,2,0,MOVE
1770791383.432713,MOUSE,2,0,MOVE
1770791383.449379,MOUSE,2,0,MOVE
1770791383.466046,MOUSE,2,0,MOVE
1770791383.482713,MOUSE,2,0,MOVE
1770791383.499379,MOUSE,2,0,MOVE
1770791383.516046,MOUSE,2,0,MOVE
1770791383.532712,MOUSE,2,0,MOVE
1770791383.549379,MOUSE,2,0,MOVE
1770791383.566046,MOUSE,2,0,MOVE
1770791383.582712,MOUSE,2,0,MOVE
1770791383.599379,MOUSE,2,0,MOVE
1770791383.616046,MOUSE,2,0,MOVE
1770791383.632712,MOUSE,2,0,MOVE
1770791383.649379,MOUSE,2,0,MOVE
1770791383.666046,MOUSE,2,0,MOVE
1770791383.682712,MOUSE,2,0,MOVE
1770791383.699379,MOUSE,2,0,MOVE
1770791383.716046,MOUSE,2,0,MOVE
1770791383.732712,MOUSE,2,0,MOVE
1770791383.749379,MOUSE,2,0,MOVE
1770791383.766046,MOUSE,2,0,MOVE
1770791383.782712,MOUSE,2,0,MOVE
1770791383.799379,MOUSE,2,0,MOVE
1770791383.816046,MOUSE,2,0,MOVE
1770791383.832712,MOUSE,2,0,MOVE
1770791383.849379,MOUSE,2,0,MOVE
1770791383.866045,MOUSE,2,0,MOVE
1770791383.882712,MOUSE,2,0,MOVE
1770791383.899379,MOUSE,2,0,MOVE
1770791383.916045,MOUSE,2,0,MOVE
1770791383.932712,MOUSE,2,0,MOVE
1770791383.949379,MOUSE,2,0,MOVE
1770791383.966045,MOUSE,2,0,MOVE
1770791383.982712,MOUSE,2,0,MOVE
1770791383.999379,MOUSE,2,0,MOVE
1770791384.016045,MOUSE,2,0,MOVE
1770791384.032712,MOUSE,2,0,MOVE
1770791384.049379,MOUSE,2,0,MOVE
1770791384.066045,MOUSE,2,0,MOVE
1770791384.082712,MOUSE,2,0,MOVE
1770791384.099379,MOUSE,2,0,MOVE
1770791384.116045,MOUSE,2,0,MOVE
1770791384.132712,MOUSE,2,0,MOVE
1770791384.149379,MOUSE,2,0,MOVE
1770791384.166045,MOUSE,2,0,MOVE
1770791384.182712,MOUSE,2,0,MOVE
1770791384.199378,MOUSE,2,0,MOVE
1770791384.216045,MOUSE,2,0,MOVE
1770791384.232712,MOUSE,2,0,MOVE
1770791384.249378,MOUSE,2,0,MOVE
1770791384.266045,MOUSE,2,0,MOVE
1770791384.282712,MOUSE,2,0,MOVE
1770791384.299378,MOUSE,2,0,MOVE
1770791384.316045,MOUSE,-1,4,MOVE
1770791384.332712,MOUSE,-1,4,MOVE
1770791384.349378,MOUSE,-1,4,MOVE
1770791384.366045,MOUSE,-1,4,MOVE
1770791384.382712,MOUSE,-1,4,MOVE
1770791384.399378,MOUSE,-1,4,MOVE
1770791384.416045,MOUSE,-1,4,MOVE
1770791384.432712,MOUSE,-1,4,MOVE
1770791384.449378,MOUSE,-1,4,MOVE
1770791384.466045,MOUSE,-1,4,MOVE
1770791384.482712,MOUSE,-1,4,MOVE
1770791384.499378,MOUSE,-1,4,MOVE
1770791384.516045,MOUSE,-1,4,MOVE
1770791384.532712,MOUSE,-1,4,MOVE
1770791384.549378,MOUSE,-1,4,MOVE
1770791384.566045,MOUSE,-1,4,MOVE
1770791384.582711,MOUSE,-1,4,MOVE
1770791384.599378,MOUSE,-1,4,MOVE
1770791384.616045,MOUSE,-1,4,MOVE
1770791384.632711,MOUSE,-1,4,MOVE
1770791384.649378,MOUSE,-1,4,MOVE
1770791384.666045,MOUSE,-1,4,MOVE
1770791384.682711,MOUSE,-1,4,MOVE
1770791384.699378,MOUSE,-1,4,MOVE
1770791384.716045,MOUSE,-1,4,MOVE
1770791384.732711,MOUSE,-1,4,MOVE
1770791384.749378,MOUSE,-1,4,MOVE
1770791384.766045,MOUSE,-1,4,MOVE
1770791384.782711,MOUSE,-1,4,MOVE
1770791384.799378,MOUSE,-1,4,MOVE
1770791384.816045,MOUSE,-1,4,MOVE
1770791384.832711,MOUSE,3,-1,MOVE
1770791384.849378,MOUSE,3,-1,MOVE
1770791384.866045,MOUSE,3,-1,MOVE
1770791384.882711,MOUSE,3,-1,MOVE
1770791384.899378,MOUSE,3,-1,MOVE
1770791384.916044,MOUSE,3,-1,MOVE
1770791384.932711,MOUSE,3,-1,MOVE
1770791384.949378,MOUSE,3,-1,MOVE
1770791384.966044,MOUSE,3,-1,MOVE
1770791384.982711,MOUSE,3,-1,MOVE
1770791384.999378,MOUSE,3,-1,MOVE
1770791385.016044,MOUSE,3,-1,MOVE
1770791385.032711,MOUSE,3,-1,MOVE
1770791385.049378,MOUSE,3,-1,MOVE
1770791385.066044,MOUSE,3,-1,MOVE
1770791385.082711,MOUSE,3,-1,MOVE
1770791385.099378,MOUSE,3,-1,MOVE
1770791385.116044,MOUSE,3,-1,MOVE
1770791385.132711,MOUSE,3,-1,MOVE
1770791385.149378,MOUSE,3,-1,MOVE
1770791385.166044,MOUSE,3,-1,MOVE
1770791385.182711,MOUSE,3,-1,MOVE
1770791385.199378,MOUSE,3,-1,MOVE
1770791385.216044,MOUSE,3,-1,MOVE
1770791385.232711,MOUSE,3,-1,MOVE
1770791385.249377,MOUSE,3,-1,MOVE
1770791385.266044,MOUSE,3,-1,MOVE
1770791385.282711,MOUSE,3,-1,MOVE
1770791385.299377,MOUSE,3,-1,MOVE
1770791385.316044,MOUSE,3,-1,MOVE
1770791385.332711,MOUSE,3,-1,MOVE
1770791385.349377,MOUSE,3,-1,MOVE
1770791385.366044,MOUSE,3,-1,MOVE
1770791385.382711,MOUSE,3,-1,MOVE
1770791385.399377,MOUSE,3,-1,MOVE
1770791385.416044,MOUSE,3,-1,MOVE
1770791385.432711,MOUSE,3,-1,MOVE
1770791385.449377,MOUSE,3,-1,MOVE
1770791385.466044,MOUSE,3,-1,MOVE
1770791385.482711,MOUSE,3,-1,MOVE
1770791385.499377,MOUSE,3,-1,MOVE
1770791385.516044,MOUSE,3,-1,MOVE
1770791385.532711,MOUSE,3,-1,MOVE
1770791385.549377,MOUSE,3,-1,MOVE
1770791385.566044,MOUSE,3,-1,MOVE
1770791385.582711,MOUSE,3,-1,MOVE
1770791385.599377,MOUSE,3,-1,MOVE
1770791385.616044,MOUSE,3,-1,MOVE
1770791385.632710,MOUSE,3,-1,MOVE
1770791385.649377,MOUSE,3,-1,MOVE
1770791385.666044,MOUSE,3,-1,MOVE
1770791385.682710,MOUSE,3,-1,MOVE
1770791385.699377,MOUSE,3,-1,MOVE
1770791385.716044,MOUSE,3,-1,MOVE
1770791385.732710,MOUSE,3,-1,MOVE
1770791385.749377,MOUSE,3,-1,MOVE
1770791385.766044,MOUSE,3,-1,MOVE
1770791385.782710,MOUSE,3,-1,MOVE
1770791385.799377,MOUSE,3,-1,MOVE
1770791385.816044,MOUSE,3,-1,MOVE
1770791385.832710,MOUSE,3,-1,MOVE
1770791385.849377,MOUSE,3,-1,MOVE
1770791385.866044,MOUSE,3,-1,MOVE
1770791385.882710,MOUSE,3,-1,MOVE
1770791385.899377,MOUSE,3,-1,MOVE
1770791385.916044,MOUSE,3,-1,MOVE
1770791385.932710,MOUSE,3,-1,MOVE
1770791385.949377,MOUSE,3,-1,MOVE
1770791385.966043,MOUSE,3,-1,MOVE
1770791385.982710,MOUSE,3,-1,MOVE
1770791385.999377,MOUSE,3,-1,MOVE
1770791386.016043,MOUSE,3,-1,MOVE
1770791386.032710,MOUSE,3,-1,MOVE
1770791386.049377,MOUSE,0,5,MOVE
1770791386.066043,MOUSE,0,5,MOVE
1770791386.082710,MOUSE,0,5,MOVE
1770791386.099377,MOUSE,0,5,MOVE
1770791386.116043,MOUSE,0,5,MOVE
1770791386.132710,MOUSE,0,5,MOVE
1770791386.149377,MOUSE,0,5,MOVE
1770791386.166043,MOUSE,0,5,MOVE
1770791386.182710,MOUSE,0,5,MOVE
1770791386.199377,MOUSE,0,5,MOVE
1770791386.216043,MOUSE,1,4,MOVE
1770791386.232710,MOUSE,1,4,MOVE
1770791386.249377,MOUSE,1,4,MOVE
1770791386.266043,MOUSE,1,4,MOVE
1770791386.282710,MOUSE,1,4,MOVE
1770791386.299376,MOUSE,1,4,MOVE
1770791386.316043,MOUSE,1,4,MOVE
1770791386.332710,MOUSE,1,4,MOVE
1770791386.349376,MOUSE,1,4,MOVE
1770791386.366043,MOUSE,1,4,MOVE
1770791386.382710,MOUSE,1,4,MOVE
1770791386.399376,MOUSE,1,4,MOVE
1770791386.416043,MOUSE,1,4,MOVE
1770791386.432710,MOUSE,1,4,MOVE
1770791386.449376,MOUSE,1,4,MOVE
1770791386.466043,MOUSE,1,4,MOVE
1770791386.482710,MOUSE,1,4,MOVE
1770791386.499376,MOUSE,1,4,MOVE
1770791386.516043,MOUSE,1,4,MOVE
1770791386.532710,MOUSE,1,4,MOVE
1770791386.549376,MOUSE,1,4,MOVE
1770791386.566043,MOUSE,1,4,MOVE
1770791386.582710,MOUSE,1,4,MOVE
1770791386.599376,MOUSE,1,4,MOVE
1770791386.616043,MOUSE,1,4,MOVE
1770791386.632710,MOUSE,1,4,MOVE
1770791386.632710,MOUSE,0,0,LEFT_DOWN
1770791386.642709,MOUSE,0,0,LEFT_UP
1770791386.649376,MOUSE,1,4,MOVE
1770791386.666043,MOUSE,1,4,MOVE
1770791386.682709,MOUSE,1,4,MOVE
1770791386.699376,MOUSE,1,4,MOVE
1770791386.716043,MOUSE,1,4,MOVE
1770791386.732709,MOUSE,1,4,MOVE
1770791386.732709,MOUSE,0,0,LEFT_DOWN
1770791386.742709,MOUSE,0,0,LEFT_UP
1770791386.749376,MOUSE,1,4,MOVE
1770791386.766043,MOUSE,1,4,MOVE
1770791386.782709,MOUSE,1,4,MOVE
1770791386.799376,MOUSE,1,4,MOVE
1770791386.816043,MOUSE,1,4,MOVE
1770791386.832709,MOUSE,1,4,MOVE
1770791386.832709,MOUSE,0,0,LEFT_DOWN
1770791386.842709,MOUSE,0,0,LEFT_UP
1770791386.849376,MOUSE,1,4,MOVE
1770791386.866043,MOUSE,1,4,MOVE
1770791386.882709,MOUSE,1,4,MOVE
1770791386.899376,MOUSE,1,4,MOVE
1770791386.916043,MOUSE,1,4,MOVE
1770791386.932709,MOUSE,1,4,MOVE
1770791386.932709,MOUSE,0,0,LEFT_DOWN
1770791386.942709,MOUSE,0,0,LEFT_UP
1770791386.949376,MOUSE,1,4,MOVE
1770791386.966043,MOUSE,1,4,MOVE
1770791386.982709,MOUSE,1,4,MOVE
1770791386.999376,MOUSE,1,4,MOVE
1770791387.016042,MOUSE,1,4,MOVE
1770791387.032709,MOUSE,1,4,MOVE
1770791387.032709,MOUSE,0,0,LEFT_DOWN
1770791387.042709,MOUSE,0,0,LEFT_UP
1770791387.049376,MOUSE,1,4,MOVE
1770791387.066042,MOUSE,1,4,MOVE
1770791387.082709,MOUSE,1,4,MOVE
1770791387.099376,MOUSE,1,4,MOVE
1770791387.116042,MOUSE,1,4,MOVE
1770791387.132709,MOUSE,1,4,MOVE
1770791387.132709,MOUSE,0,0,LEFT_DOWN
1770791387.142709,MOUSE,0,0,LEFT_UP
1770791387.149376,MOUSE,1,4,MOVE
1770791387.166042,MOUSE,1,4,MOVE
1770791387.182709,MOUSE,1,4,MOVE
1770791387.199376,MOUSE,1,4,MOVE
1770791387.216042,MOUSE,1,4,MOVE
1770791387.232709,MOUSE,1,4,MOVE
1770791387.232709,MOUSE,0,0,LEFT_DOWN
1770791387.242709,MOUSE,0,0,LEFT_UP
1770791387.249376,MOUSE,1,4,MOVE
1770791387.266042,MOUSE,1,4,MOVE
1770791387.282709,MOUSE,1,4,MOVE
1770791387.299376,MOUSE,1,4,MOVE
1770791387.316042,MOUSE,1,4,MOVE
1770791387.332709,MOUSE,1,4,MOVE
1770791387.332709,MOUSE,0,0,LEFT_DOWN
1770791387.342709,MOUSE,0,0,LEFT_UP
1770791387.349375,MOUSE,1,4,MOVE
1770791387.366042,MOUSE,1,4,MOVE
1770791387.382709,MOUSE,1,4,MOVE
1770791387.399375,MOUSE,1,4,MOVE
1770791387.416042,MOUSE,1,4,MOVE
1770791387.432709,MOUSE,1,4,MOVE
1770791387.432709,MOUSE,0,0,LEFT_DOWN
1770791387.442709,MOUSE,0,0,LEFT_UP
1770791387.449375,MOUSE,1,4,MOVE
1770791387.466042,MOUSE,1,4,MOVE
1770791387.482709,MOUSE,1,4,MOVE
1770791387.499375,MOUSE,1,4,MOVE
1770791387.516042,MOUSE,1,4,MOVE
1770791387.532709,MOUSE,1,4,MOVE
1770791387.532709,MOUSE,0,0,LEFT_DOWN
1770791387.542709,MOUSE,0,0,LEFT_UP
1770791387.549375,MOUSE,1,4,MOVE
1770791387.566042,MOUSE,1,4,MOVE
1770791387.582709,MOUSE,1,4,MOVE
1770791387.599375,MOUSE,1,4,MOVE
1770791387.616042,MOUSE,1,4,MOVE
1770791387.632709,MOUSE,1,4,MOVE
1770791387.632709,MOUSE,0,0,LEFT_DOWN
1770791387.642709,MOUSE,0,0,LEFT_UP
1770791387.649375,MOUSE,1,4,MOVE
1770791387.666042,MOUSE,1,4,MOVE
1770791387.682709,MOUSE,1,4,MOVE
1770791387.699375,MOUSE,1,4,MOVE
1770791387.716042,MOUSE,1,4,MOVE
1770791387.732708,MOUSE,1,4,MOVE
1770791387.732708,MOUSE,0,0,LEFT_DOWN
1770791387.742708,MOUSE,0,0,LEFT_UP
1770791387.749375,MOUSE,1,4,MOVE
1770791387.766042,MOUSE,1,4,MOVE
1770791387.782708,MOUSE,-5,0,MOVE
1770791387.799375,MOUSE,-5,0,MOVE
1770791387.816042,MOUSE,-5,0,MOVE
1770791387.832708,MOUSE,-5,0,MOVE
1770791387.832708,MOUSE,0,0,LEFT_DOWN
1770791387.842708,MOUSE,0,0,LEFT_UP
1770791387.849375,MOUSE,-5,0,MOVE
1770791387.866042,MOUSE,-5,0,MOVE
1770791387.882708,MOUSE,-5,0,MOVE
1770791387.899375,MOUSE,-5,0,MOVE
1770791387.916042,MOUSE,-5,0,MOVE
1770791387.932708,MOUSE,-5,0,MOVE
1770791387.932708,MOUSE,0,0,LEFT_DOWN
1770791387.942708,MOUSE,0,0,LEFT_UP
1770791387.949375,MOUSE,-5,0,MOVE
1770791387.966042,MOUSE,-5,0,MOVE
1770791387.982708,MOUSE,-5,0,MOVE
1770791387.999375,MOUSE,-5,0,MOVE
1770791388.016042,MOUSE,-5,0,MOVE
1770791388.032708,MOUSE,-5,0,MOVE
1770791388.032708,MOUSE,0,0,LEFT_DOWN
1770791388.042708,MOUSE,0,0,LEFT_UP
1770791388.049375,MOUSE,-5,0,MOVE
1770791388.066041,MOUSE,-5,0,MOVE
1770791388.082708,MOUSE,-5,0,MOVE
1770791388.099375,MOUSE,-5,0,MOVE
1770791388.116041,MOUSE,-5,0,MOVE
1770791388.132708,MOUSE,-5,0,MOVE
1770791388.132708,MOUSE,0,0,LEFT_DOWN
1770791388.142708,MOUSE,0,0,LEFT_UP
1770791388.149375,MOUSE,-5,0,MOVE
1770791388.166041,MOUSE,-5,0,MOVE
1770791388.182708,MOUSE,-5,0,MOVE
1770791388.199375,MOUSE,-5,0,MOVE
1770791388.216041,MOUSE,-5,0,MOVE
1770791388.232708,MOUSE,-5,0,MOVE
1770791388.232708,MOUSE,0,0,LEFT_DOWN
1770791388.242708,MOUSE,0,0,LEFT_UP
1770791388.249375,MOUSE,-5,0,MOVE
1770791388.266041,MOUSE,-5,0,MOVE
1770791388.282708,MOUSE,-5,0,MOVE
1770791388.299375,MOUSE,-5,0,MOVE
1770791388.316041,MOUSE,-5,0,MOVE
1770791388.332708,MOUSE,-5,0,MOVE
1770791388.332708,MOUSE,0,0,LEFT_DOWN
1770791388.342708,MOUSE,0,0,LEFT_UP
1770791388.349375,MOUSE,-5,0,MOVE
1770791388.366041,MOUSE,-5,0,MOVE
1770791388.382708,MOUSE,-5,0,MOVE
1770791388.399374,MOUSE,-5,0,MOVE
1770791388.416041,MOUSE,-5,0,MOVE
1770791388.432708,MOUSE,-5,0,MOVE
1770791388.432708,MOUSE,0,0,LEFT_DOWN
1770791388.442708,MOUSE,0,0,LEFT_UP
1770791388.449374,MOUSE,-5,0,MOVE
1770791388.466041,MOUSE,-5,0,MOVE
1770791388.482708,MOUSE,-5,0,MOVE
1770791388.499374,MOUSE,-5,0,MOVE
1770791388.516041,MOUSE,-4,0,MOVE
1770791388.532708,MOUSE,-4,0,MOVE
1770791388.532708,MOUSE,0,0,LEFT_DOWN
1770791388.542708,MOUSE,0,0,LEFT_UP
1770791388.549374,MOUSE,-4,0,MOVE
1770791388.566041,MOUSE,-4,0,MOVE
1770791388.582708,MOUSE,-4,0,MOVE
1770791388.599374,MOUSE,-4,0,MOVE
1770791388.616041,MOUSE,-4,0,MOVE
1770791388.632708,MOUSE,-4,0,MOVE
1770791388.632708,MOUSE,0,0,LEFT_DOWN
1770791388.642708,MOUSE,0,0,LEFT_UP
1770791388.649374,MOUSE,-4,0,MOVE
1770791388.666041,MOUSE,-4,0,MOVE
1770791388.682708,MOUSE,-4,0,MOVE
1770791388.699374,MOUSE,-4,0,MOVE
1770791388.716041,MOUSE,-4,0,MOVE
1770791388.732708,MOUSE,-4,0,MOVE
1770791388.732708,MOUSE,0,0,LEFT_DOWN
1770791388.742707,MOUSE,0,0,LEFT_UP
1770791388.749374,MOUSE,-4,0,MOVE
1770791388.766041,MOUSE,-4,0,MOVE
1770791388.782707,MOUSE,-4,0,MOVE
1770791388.799374,MOUSE,-4,0,MOVE
1770791388.816041,MOUSE,-4,0,MOVE
1770791388.832707,MOUSE,-4,0,MOVE
1770791388.832707,MOUSE,0,0,LEFT_DOWN
1770791388.842707,MOUSE,0,0,LEFT_UP
1770791388.849374,MOUSE,-4,0,MOVE
1770791388.866041,MOUSE,-4,0,MOVE
1770791388.882707,MOUSE,-4,0,MOVE
1770791388.899374,MOUSE,-4,0,MOVE
1770791388.916041,MOUSE,-4,0,MOVE
1770791388.932707,MOUSE,5,-1,MOVE
1770791388.932707,MOUSE,0,0,LEFT_DOWN
1770791388.942707,MOUSE,0,0,LEFT_UP
1770791388.949374,MOUSE,5,-1,MOVE
1770791388.966041,MOUSE,5,-1,MOVE
1770791388.982707,MOUSE,5,-1,MOVE
1770791388.999374,MOUSE,5,-1,MOVE
1770791389.016041,MOUSE,5,-1,MOVE
1770791389.032707,MOUSE,5,-1,MOVE
1770791389.049374,MOUSE,5,-1,MOVE
1770791389.066041,MOUSE,5,-1,MOVE
1770791389.082707,MOUSE,5,-1,MOVE
1770791389.099374,MOUSE,5,-1,MOVE
1770791389.116040,MOUSE,5,-1,MOVE
1770791389.132707,MOUSE,5,-1,MOVE
1770791389.149374,MOUSE,5,-1,MOVE
1770791389.166040,MOUSE,5,-1,MOVE
1770791389.182707,MOUSE,5,-1,MOVE
1770791389.199374,MOUSE,5,-1,MOVE
1770791389.216040,MOUSE,5,-1,MOVE
1770791389.232707,MOUSE,5,-1,MOVE
1770791389.249374,MOUSE,5,-1,MOVE
1770791389.266040,MOUSE,5,-1,MOVE
1770791389.282707,MOUSE,5,-1,MOVE
1770791389.299374,MOUSE,5,-1,MOVE
1770791389.316040,MOUSE,5,-1,MOVE
1770791389.332707,MOUSE,5,-1,MOVE
1770791389.349374,MOUSE,5,-1,MOVE
1770791389.366040,MOUSE,5,-1,MOVE
1770791389.382707,MOUSE,5,-1,MOVE
1770791389.399374,MOUSE,5,-1,MOVE
1770791389.416040,MOUSE,5,-1,MOVE
1770791389.432707,MOUSE,5,-1,MOVE
1770791389.449373,MOUSE,5,-1,MOVE
1770791389.466040,MOUSE,5,-1,MOVE
1770791389.482707,MOUSE,5,-1,MOVE
1770791389.499373,MOUSE,5,-1,MOVE
1770791389.516040,MOUSE,5,-1,MOVE
1770791389.532707,MOUSE,5,-1,MOVE
1770791389.549373,MOUSE,5,-1,MOVE
1770791389.566040,MOUSE,5,-1,MOVE
1770791389.582707,MOUSE,5,-1,MOVE
1770791389.599373,MOUSE,5,-1,MOVE
1770791389.616040,MOUSE,5,-1,MOVE
1770791389.632707,MOUSE,5,-1,MOVE
1770791389.649373,MOUSE,5,-1,MOVE
1770791389.666040,MOUSE,5,-1,MOVE
1770791389.682707,MOUSE,5,-1,MOVE
1770791389.699373,MOUSE,5,-1,MOVE
1770791389.716040,MOUSE,5,-1,MOVE
1770791389.732707,MOUSE,5,-1,MOVE
1770791389.749373,MOUSE,5,-1,MOVE
1770791389.766040,MOUSE,5,-1,MOVE
1770791389.782706,MOUSE,5,-1,MOVE
1770791389.799373,MOUSE,5,-1,MOVE
1770791389.816040,MOUSE,5,-1,MOVE
1770791389.832706,MOUSE,5,-1,MOVE
1770791389.849373,MOUSE,5,-1,MOVE
1770791389.866040,MOUSE,5,-1,MOVE
1770791389.882706,MOUSE,5,-1,MOVE
1770791389.899373,MOUSE,5,-1,MOVE
1770791389.916040,MOUSE,5,-1,MOVE
1770791389.932706,MOUSE,5,-1,MOVE
1770791389.949373,MOUSE,5,-1,MOVE
1770791389.966040,MOUSE,5,-1,MOVE
1770791389.982706,MOUSE,5,-1,MOVE
1770791389.999373,MOUSE,5,-1,MOVE
1770791390.016040,MOUSE,5,-1,MOVE
1770791390.032706,MOUSE,5,-1,MOVE
1770791390.049373,MOUSE,5,-1,MOVE
1770791390.066040,MOUSE,5,-1,MOVE
1770791390.082706,MOUSE,5,-1,MOVE
1770791390.099373,MOUSE,5,-1,MOVE
1770791390.116040,MOUSE,5,-1,MOVE
1770791390.132706,MOUSE,5,-1,MOVE
1770791390.149373,MOUSE,5,-1,MOVE
1770791390.166039,MOUSE,5,-1,MOVE
1770791390.182706,MOUSE,5,-1,MOVE
1770791390.199373,MOUSE,5,-1,MOVE
1770791390.216039,MOUSE,5,-1,MOVE
1770791390.232706,MOUSE,5,-1,MOVE
1770791390.249373,MOUSE,5,-1,MOVE
1770791390.266039,MOUSE,5,-1,MOVE
1770791390.282706,MOUSE,5,-1,MOVE
1770791390.299373,MOUSE,5,-1,MOVE
1770791390.316039,MOUSE,5,-1,MOVE
1770791390.332706,MOUSE,5,-1,MOVE
1770791390.349373,MOUSE,5,-1,MOVE
1770791390.366039,MOUSE,5,-1,MOVE
1770791390.382706,MOUSE,5,-1,MOVE
1770791390.399373,MOUSE,5,-1,MOVE
1770791390.416039,MOUSE,5,-1,MOVE
1770791390.432706,MOUSE,5,-1,MOVE
1770791390.449373,MOUSE,5,-1,MOVE
1770791390.466039,MOUSE,5,-1,MOVE
1770791390.482706,MOUSE,5,-1,MOVE
1770791390.499372,MOUSE,5,-1,MOVE
1770791390.516039,MOUSE,5,-1,MOVE
1770791390.532706,MOUSE,5,-1,MOVE
1770791390.549372,MOUSE,5,-1,MOVE
1770791390.566039,MOUSE,5,-1,MOVE
1770791390.582706,MOUSE,5,-1,MOVE
1770791390.599372,MOUSE,5,-1,MOVE
1770791390.616039,MOUSE,5,-1,MOVE
1770791390.632706,MOUSE,5,-1,MOVE
1770791390.649372,MOUSE,5,-1,MOVE
1770791390.666039,MOUSE,3,0,MOVE
1770791390.682706,MOUSE,3,0,MOVE
1770791390.699372,MOUSE,3,0,MOVE
1770791390.716039,MOUSE,3,0,MOVE
1770791390.732706,MOUSE,3,0,MOVE
1770791390.749372,MOUSE,3,0,MOVE
1770791390.766039,MOUSE,3,0,MOVE
1770791390.782706,MOUSE,3,0,MOVE
1770791390.799372,MOUSE,3,0,MOVE
1770791390.816039,MOUSE,3,0,MOVE
1770791390.832705,MOUSE,3,0,MOVE
1770791390.849372,MOUSE,3,0,MOVE
1770791390.866039,MOUSE,3,0,MOVE
1770791390.882705,MOUSE,3,0,MOVE
1770791390.899372,MOUSE,3,0,MOVE
1770791390.916039,MOUSE,3,0,MOVE
1770791390.932705,MOUSE,3,0,MOVE
1770791390.949372,MOUSE,3,0,MOVE
1770791390.966039,MOUSE,3,0,MOVE
1770791390.982705,MOUSE,3,0,MOVE
1770791390.999372,MOUSE,3,0,MOVE
1770791391.016039,MOUSE,3,0,MOVE
1770791391.032705,MOUSE,3,0,MOVE
1770791391.049372,MOUSE,3,0,MOVE
1770791391.066039,MOUSE,3,0,MOVE
1770791391.082705,MOUSE,3,0,MOVE
1770791391.099372,MOUSE,3,0,MOVE
1770791391.116039,MOUSE,3,0,MOVE
1770791391.132705,MOUSE,3,0,MOVE
1770791391.149372,MOUSE,3,0,MOVE
1770791391.166039,MOUSE,3,0,MOVE
1770791391.182705,MOUSE,3,0,MOVE
1770791391.199372,MOUSE,3,0,MOVE
1770791391.216038,MOUSE,3,0,MOVE
1770791391.232705,MOUSE,3,0,MOVE
1770791391.249372,MOUSE,3,0,MOVE
1770791391.266038,MOUSE,3,0,MOVE
1770791391.282705,MOUSE,3,0,MOVE
1770791391.299372,MOUSE,3,0,MOVE
1770791391.316038,MOUSE,3,0,MOVE
1770791391.332705,MOUSE,3,0,MOVE
1770791391.349372,MOUSE,3,0,MOVE
1770791391.366038,MOUSE,3,0,MOVE
1770791391.382705,MOUSE,3,0,MOVE
1770791391.399372,MOUSE,3,0,MOVE
1770791391.416038,MOUSE,3,0,MOVE
1770791391.432705,MOUSE,3,0,MOVE
1770791391.449372,MOUSE,3,0,MOVE
1770791391.466038,MOUSE,3,0,MOVE
1770791391.482705,MOUSE,3,0,MOVE
1770791391.499372,MOUSE,3,0,MOVE
1770791391.516038,MOUSE,3,0,MOVE
1770791391.532705,MOUSE,3,0,MOVE
1770791391.549371,MOUSE,3,0,MOVE
1770791391.566038,MOUSE,3,0,MOVE
1770791391.582705,MOUSE,3,0,MOVE
1770791391.599371,MOUSE,3,0,MOVE
1770791391.616038,MOUSE,3,0,MOVE
1770791391.632705,MOUSE,3,0,MOVE
1770791391.649371,MOUSE,3,0,MOVE
1770791391.666038,MOUSE,3,0,MOVE
1770791391.682705,MOUSE,3,0,MOVE
1770791391.699371,MOUSE,3,0,MOVE
1770791391.716038,MOUSE,3,0,MOVE
1770791391.732705,MOUSE,3,0,MOVE
1770791391.749371,MOUSE,3,0,MOVE
1770791391.766038,MOUSE,3,0,MOVE
1770791391.782705,MOUSE,3,0,MOVE
1770791391.799371,MOUSE,3,0,MOVE
1770791391.816038,MOUSE,3,0,MOVE
1770791391.832705,MOUSE,3,0,MOVE
1770791391.849371,MOUSE,3,0,MOVE
1770791391.866038,MOUSE,3,0,MOVE
1770791391.882704,MOUSE,3,0,MOVE
1770791391.899371,MOUSE,3,0,MOVE
1770791391.916038,MOUSE,3,0,MOVE
1770791391.932704,MOUSE,3,0,MOVE
1770791391.949371,MOUSE,3,0,MOVE
1770791391.966038,MOUSE,3,0,MOVE
1770791391.982704,MOUSE,3,0,MOVE
1770791391.999371,MOUSE,3,0,MOVE
1770791392.016038,MOUSE,3,0,MOVE
1770791392.032704,MOUSE,0,-4,MOVE
1770791392.049371,MOUSE,0,-4,MOVE
1770791392.066038,MOUSE,0,-4,MOVE
1770791392.082704,MOUSE,0,-4,MOVE
1770791392.099371,MOUSE,0,-4,MOVE
1770791392.116038,MOUSE,0,-4,MOVE
1770791392.132704,MOUSE,4,3,MOVE
1770791392.149371,MOUSE,4,3,MOVE
1770791392.166038,MOUSE,4,3,MOVE
1770791392.182704,MOUSE,4,3,MOVE
1770791392.199371,MOUSE,4,3,MOVE
1770791392.216038,MOUSE,4,3,MOVE
1770791392.232704,MOUSE,4,3,MOVE
1770791392.249371,MOUSE,4,3,MOVE
1770791392.266037,MOUSE,4,3,MOVE
1770791392.282704,MOUSE,4,3,MOVE
1770791392.299371,MOUSE,4,3,MOVE
1770791392.316037,MOUSE,4,3,MOVE
1770791392.332704,MOUSE,4,3,MOVE
1770791392.349371,MOUSE,4,3,MOVE
1770791392.366037,MOUSE,4,3,MOVE
1770791392.382704,MOUSE,4,3,MOVE
1770791392.399371,MOUSE,4,3,MOVE
1770791392.416037,MOUSE,4,3,MOVE
1770791392.432704,MOUSE,4,3,MOVE
1770791392.449371,MOUSE,4,3,MOVE
1770791392.466037,MOUSE,4,3,MOVE
1770791392.482704,MOUSE,4,3,MOVE
1770791392.499371,MOUSE,4,3,MOVE
1770791392.516037,MOUSE,4,3,MOVE
1770791392.532704,MOUSE,4,3,MOVE
1770791392.549371,MOUSE,4,3,MOVE
1770791392.566037,MOUSE,4,3,MOVE
1770791392.582704,MOUSE,4,3,MOVE
1770791392.599370,MOUSE,4,3,MOVE
1770791392.616037,MOUSE,-3,2,MOVE
1770791392.632704,MOUSE,-3,2,MOVE
1770791392.649370,MOUSE,-3,2,MOVE
1770791392.666037,MOUSE,-3,2,MOVE
1770791392.682704,MOUSE,-3,2,MOVE
1770791392.699370,MOUSE,-3,2,MOVE
1770791392.716037,MOUSE,-3,2,MOVE
1770791392.732704,MOUSE,-3,2,MOVE
1770791392.749370,MOUSE,-3,2,MOVE
1770791392.766037,MOUSE,-3,2,MOVE
1770791392.782704,MOUSE,-3,2,MOVE
1770791392.799370,MOUSE,-3,2,MOVE
1770791392.816037,MOUSE,-3,2,MOVE
1770791392.832704,MOUSE,-3,2,MOVE
1770791392.849370,MOUSE,-3,2,MOVE
1770791392.866037,MOUSE,-3,2,MOVE
1770791392.882704,MOUSE,-3,2,MOVE
1770791392.899370,MOUSE,-3,2,MOVE
1770791392.916037,MOUSE,-3,2,MOVE
1770791392.932703,MOUSE,-3,2,MOVE
1770791392.949370,MOUSE,-3,2,MOVE
1770791392.966037,MOUSE,-3,2,MOVE
1770791392.982703,MOUSE,-3,2,MOVE
1770791392.999370,MOUSE,-3,2,MOVE
1770791393.016037,MOUSE,-3,2,MOVE
1770791393.032703,MOUSE,-3,2,MOVE
1770791393.049370,MOUSE,-3,2,MOVE
1770791393.066037,MOUSE,-3,2,MOVE
1770791393.082703,MOUSE,-3,2,MOVE
1770791393.099370,MOUSE,-3,2,MOVE
1770791393.116037,MOUSE,-3,2,MOVE
1770791393.132703,MOUSE,-3,2,MOVE
1770791393.149370,MOUSE,-3,2,MOVE
1770791393.166037,MOUSE,-3,2,MOVE
1770791393.182703,MOUSE,-4,-3,MOVE
1770791393.199370,MOUSE,-4,-3,MOVE
1770791393.216037,MOUSE,-4,-3,MOVE
1770791393.232703,MOUSE,-4,-3,MOVE
1770791393.249370,MOUSE,-4,-3,MOVE
1770791393.266037,MOUSE,-4,-3,MOVE
1770791393.282703,MOUSE,-4,-3,MOVE
1770791393.299370,MOUSE,-4,-3,MOVE
1770791393.316036,MOUSE,-4,-3,MOVE
1770791393.332703,MOUSE,-4,-3,MOVE
1770791393.349370,MOUSE,-4,-3,MOVE
1770791393.366036,MOUSE,-4,-3,MOVE
1770791393.382703,MOUSE,-4,-3,MOVE
1770791393.399370,MOUSE,-4,-3,MOVE
1770791393.416036,MOUSE,-4,-3,MOVE
1770791393.432703,MOUSE,-4,-3,MOVE
1770791393.449370,MOUSE,-4,-3,MOVE
1770791393.466036,MOUSE,-4,-3,MOVE
1770791393.482703,MOUSE,-4,-3,MOVE
1770791393.499370,MOUSE,-4,-3,MOVE
1770791393.516036,MOUSE,-4,-3,MOVE
1770791393.532703,MOUSE,-4,-3,MOVE
1770791393.549370,MOUSE,-4,-3,MOVE
1770791393.566036,MOUSE,-4,-3,MOVE
1770791393.582703,MOUSE,-4,-3,MOVE
1770791393.599370,MOUSE,-4,-3,MOVE
1770791393.616036,MOUSE,-4,-3,MOVE
1770791393.632703,MOUSE,-4,-3,MOVE
1770791393.649369,MOUSE,-4,-3,MOVE
1770791393.666036,MOUSE,-4,-3,MOVE
1770791393.682703,MOUSE,-4,-3,MOVE
1770791393.699369,MOUSE,-4,-3,MOVE
1770791393.716036,MOUSE,-4,-3,MOVE
1770791393.732703,MOUSE,-4,-3,MOVE
1770791393.749369,MOUSE,-4,-3,MOVE
1770791393.766036,MOUSE,-4,-3,MOVE
1770791393.782703,MOUSE,-4,-3,MOVE
1770791393.799369,MOUSE,-4,-3,MOVE
1770791393.816036,MOUSE,-4,-3,MOVE
1770791393.832703,MOUSE,-4,-3,MOVE
1770791393.849369,MOUSE,-4,-3,MOVE
1770791393.866036,MOUSE,-4,-3,MOVE
1770791393.882703,MOUSE,-4,-3,MOVE
1770791393.899369,MOUSE,-4,-3,MOVE
1770791393.916036,MOUSE,-4,-3,MOVE
1770791393.932703,MOUSE,-4,-3,MOVE
1770791393.949369,MOUSE,-4,-3,MOVE
1770791393.966036,MOUSE,-4,-3,MOVE
1770791393.982702,MOUSE,-4,-3,MOVE
1770791393.999369,MOUSE,-4,-3,MOVE
1770791394.016036,MOUSE,-4,-3,MOVE
1770791394.032702,MOUSE,-4,-3,MOVE
1770791394.049369,MOUSE,-4,-3,MOVE
1770791394.066036,MOUSE,-4,-3,MOVE
1770791394.082702,MOUSE,-4,-3,MOVE
1770791394.099369,MOUSE,-4,-3,MOVE
1770791394.116036,MOUSE,-4,-3,MOVE
1770791394.132702,MOUSE,-4,-3,MOVE
1770791394.149369,MOUSE,-4,-3,MOVE
1770791394.166036,MOUSE,-4,-3,MOVE
1770791394.182702,MOUSE,-4,-3,MOVE
1770791394.199369,MOUSE,-4,-3,MOVE
1770791394.216036,MOUSE,-4,-3,MOVE
1770791394.232702,MOUSE,-4,-3,MOVE
1770791394.249369,MOUSE,-4,-3,MOVE
1770791394.266036,MOUSE,-4,-3,MOVE
1770791394.282702,MOUSE,-4,-3,MOVE
1770791394.299369,MOUSE,-4,-3,MOVE
1770791394.316036,MOUSE,-4,-3,MOVE
1770791394.332702,MOUSE,-4,-3,MOVE
1770791394.349369,MOUSE,-4,-3,MOVE
1770791394.366035,MOUSE,-4,-3,MOVE
1770791394.382702,MOUSE,-4,-3,MOVE
1770791394.399369,MOUSE,-4,-3,MOVE
1770791394.416035,MOUSE,-4,-3,MOVE
1770791394.432702,MOUSE,-4,-3,MOVE
1770791394.449369,MOUSE,-4,-3,MOVE
1770791394.466035,MOUSE,-4,-3,MOVE
1770791394.482702,MOUSE,-4,-3,MOVE
1770791394.499369,MOUSE,-4,-3,MOVE
1770791394.516035,MOUSE,-4,-3,MOVE
1770791394.532702,MOUSE,-4,-3,MOVE
1770791394.549369,MOUSE,-4,-3,MOVE
1770791394.566035,MOUSE,-4,-3,MOVE
1770791394.582702,MOUSE,-4,-3,MOVE
1770791394.599369,MOUSE,-4,-3,MOVE
1770791394.616035,MOUSE,-4,-3,MOVE
1770791394.632702,MOUSE,-4,-3,MOVE
1770791394.649369,MOUSE,-4,-3,MOVE
1770791394.666035,MOUSE,-4,-3,MOVE
1770791394.682702,MOUSE,-4,-3,MOVE
1770791394.699368,MOUSE,-4,-3,MOVE
1770791394.716035,MOUSE,-4,-3,MOVE
1770791394.732702,MOUSE,-4,-3,MOVE
1770791394.749368,MOUSE,-4,-3,MOVE
1770791394.766035,MOUSE,-4,-3,MOVE
1770791394.782702,MOUSE,-4,-3,MOVE
1770791394.799368,MOUSE,-4,-3,MOVE
1770791394.816035,MOUSE,-4,-3,MOVE
1770791394.832702,MOUSE,-4,-3,MOVE
1770791394.849368,MOUSE,-4,-3,MOVE
1770791394.866035,MOUSE,-4,-3,MOVE
1770791394.882702,MOUSE,-4,-3,MOVE
1770791394.899368,MOUSE,-4,-3,MOVE
1770791394.916035,MOUSE,-4,-3,MOVE
1770791394.932702,MOUSE,-4,-3,MOVE
1770791394.949368,MOUSE,-4,-3,MOVE
1770791394.966035,MOUSE,-4,-3,MOVE
1770791394.982702,MOUSE,-4,-3,MOVE
1770791394.999368,MOUSE,-4,-3,MOVE
1770791395.016035,MOUSE,-4,-3,MOVE
1770791395.032701,MOUSE,-4,-3,MOVE
1770791395.049368,MOUSE,-4,-3,MOVE
1770791395.066035,MOUSE,-4,-3,MOVE
1770791395.082701,MOUSE,-4,-3,MOVE
1770791395.099368,MOUSE,-4,-3,MOVE
1770791395.116035,MOUSE,-4,-3,MOVE
1770791395.132701,MOUSE,-4,-3,MOVE
1770791395.149368,MOUSE,-4,-3,MOVE
1770791395.166035,MOUSE,-4,-3,MOVE
1770791395.182701,MOUSE,3,-4,MOVE
1770791395.199368,MOUSE,3,-4,MOVE
1770791395.216035,MOUSE,3,-4,MOVE
1770791395.232701,MOUSE,3,-4,MOVE
1770791395.249368,MOUSE,3,-4,MOVE
1770791395.266035,MOUSE,3,-4,MOVE
1770791395.282701,MOUSE,3,-4,MOVE
1770791395.299368,MOUSE,3,-4,MOVE
1770791395.316035,MOUSE,3,-4,MOVE
1770791395.332701,MOUSE,3,-4,MOVE
1770791395.349368,MOUSE,3,-4,MOVE
1770791395.366035,MOUSE,3,-4,MOVE
1770791395.382701,MOUSE,3,-4,MOVE
1770791395.399368,MOUSE,3,-4,MOVE
1770791395.416034,MOUSE,3,-4,MOVE
1770791395.432701,MOUSE,3,-4,MOVE
1770791395.449368,MOUSE,3,-4,MOVE
1770791395.466034,MOUSE,3,-4,MOVE
1770791395.482701,MOUSE,3,-4,MOVE
1770791395.499368,MOUSE,3,-4,MOVE
1770791395.516034,MOUSE,3,-4,MOVE
1770791395.532701,MOUSE,3,-4,MOVE
1770791395.549368,MOUSE,3,-4,MOVE
1770791395.566034,MOUSE,3,-4,MOVE
1770791395.582701,MOUSE,3,-4,MOVE
1770791395.599368,MOUSE,3,-4,MOVE
1770791395.616034,MOUSE,3,-4,MOVE
1770791395.632701,MOUSE,3,-4,MOVE
1770791395.649368,MOUSE,3,-4,MOVE
1770791395.666034,MOUSE,3,-4,MOVE
1770791395.682701,MOUSE,3,-4,MOVE
1770791395.699368,MOUSE,3,-4,MOVE
1770791395.716034,MOUSE,3,-4,MOVE
1770791395.732701,MOUSE,3,-4,MOVE
1770791395.749367,MOUSE,3,-4,MOVE
1770791395.766034,MOUSE,3,-4,MOVE
1770791395.782701,MOUSE,3,-4,MOVE
1770791395.799367,MOUSE,3,-4,MOVE
1770791395.816034,MOUSE,3,-4,MOVE
1770791395.832701,MOUSE,3,-4,MOVE
1770791395.849367,MOUSE,3,-4,MOVE
1770791395.866034,MOUSE,3,-4,MOVE
1770791395.882701,MOUSE,3,-4,MOVE
1770791395.899367,MOUSE,3,-4,MOVE
1770791395.916034,MOUSE,3,-4,MOVE
1770791395.932701,MOUSE,3,-4,MOVE
1770791395.949367,MOUSE,3,-4,MOVE
1770791395.966034,MOUSE,3,-4,MOVE
1770791395.982701,MOUSE,3,-4,MOVE
1770791395.999367,MOUSE,3,-4,MOVE
1770791396.016034,MOUSE,3,-4,MOVE
1770791396.032701,MOUSE,3,-4,MOVE
1770791396.049367,MOUSE,3,-4,MOVE
1770791396.066034,MOUSE,3,-4,MOVE
1770791396.082700,MOUSE,3,-4,MOVE
1770791396.099367,MOUSE,3,-4,MOVE
1770791396.116034,MOUSE,3,-4,MOVE
1770791396.132700,MOUSE,3,-4,MOVE
1770791396.149367,MOUSE,3,-4,MOVE
1770791396.166034,MOUSE,3,-4,MOVE
1770791396.182700,MOUSE,3,-4,MOVE
1770791396.199367,MOUSE,3,-4,MOVE
1770791396.216034,MOUSE,3,-4,MOVE
1770791396.232700,MOUSE,3,-4,MOVE
1770791396.249367,MOUSE,3,-4,MOVE
1770791396.266034,MOUSE,3,-4,MOVE
1770791396.282700,MOUSE,3,-4,MOVE
1770791396.299367,MOUSE,3,-4,MOVE
1770791396.316034,MOUSE,3,-4,MOVE
1770791396.332700,MOUSE,3,-4,MOVE
1770791396.349367,MOUSE,3,-4,MOVE
1770791396.366034,MOUSE,3,-4,MOVE
1770791396.382700,MOUSE,3,-4,MOVE
1770791396.399367,MOUSE,3,-4,MOVE
1770791396.416034,MOUSE,3,-4,MOVE
1770791396.432700,MOUSE,3,-4,MOVE
1770791396.449367,MOUSE,3,-4,MOVE
1770791396.466033,MOUSE,3,-4,MOVE
1770791396.482700,MOUSE,3,-4,MOVE
1770791396.499367,MOUSE,3,-4,MOVE
1770791396.516033,MOUSE,3,-4,MOVE
1770791396.532700,MOUSE,3,-4,MOVE
1770791396.549367,MOUSE,3,-4,MOVE
1770791396.566033,MOUSE,3,-4,MOVE
1770791396.582700,MOUSE,3,-4,MOVE
1770791396.599367,MOUSE,3,-4,MOVE
1770791396.616033,MOUSE,3,-4,MOVE
1770791396.632700,MOUSE,3,-4,MOVE
1770791396.649367,MOUSE,3,-4,MOVE
1770791396.666033,MOUSE,3,-4,MOVE
1770791396.682700,MOUSE,3,-4,MOVE
1770791396.699367,MOUSE,3,-4,MOVE
1770791396.716033,MOUSE,3,-4,MOVE
1770791396.732700,MOUSE,3,-4,MOVE
1770791396.749367,MOUSE,0,-3,MOVE
1770791396.766033,MOUSE,0,-3,MOVE
1770791396.782700,MOUSE,0,-3,MOVE
1770791396.799366,MOUSE,0,-3,MOVE
1770791396.816033,MOUSE,4,0,MOVE
1770791396.832700,MOUSE,4,0,MOVE
1770791396.849366,MOUSE,4,0,MOVE
1770791396.866033,MOUSE,4,0,MOVE
1770791396.882700,MOUSE,4,0,MOVE
1770791396.899366,MOUSE,4,0,MOVE
1770791396.916033,MOUSE,4,0,MOVE
1770791396.932700,MOUSE,4,0,MOVE
1770791396.949366,MOUSE,4,0,MOVE
1770791396.966033,MOUSE,4,0,MOVE
1770791396.982700,MOUSE,4,0,MOVE
1770791396.999366,MOUSE,4,0,MOVE
1770791397.016033,MOUSE,4,0,MOVE
1770791397.032700,MOUSE,4,0,MOVE
1770791397.049366,MOUSE,4,0,MOVE
1770791397.066033,MOUSE,4,0,MOVE
1770791397.082700,MOUSE,4,0,MOVE
1770791397.099366,MOUSE,4,0,MOVE
1770791397.116033,MOUSE,4,0,MOVE
1770791397.132699,MOUSE,4,0,MOVE
1770791397.149366,MOUSE,4,0,MOVE
1770791397.166033,MOUSE,4,0,MOVE
1770791397.182699,MOUSE,4,0,MOVE
1770791397.199366,MOUSE,4,0,MOVE
1770791397.216033,MOUSE,4,0,MOVE
1770791397.232699,MOUSE,4,0,MOVE
1770791397.249366,MOUSE,4,0,MOVE
1770791397.266033,MOUSE,4,0,MOVE
1770791397.282699,MOUSE,4,0,MOVE
1770791397.299366,MOUSE,4,0,MOVE
1770791397.316033,MOUSE,4,0,MOVE
1770791397.332699,MOUSE,4,0,MOVE
1770791397.349366,MOUSE,4,0,MOVE
1770791397.349366,MOUSE,0,0,LEFT_DOWN
1770791397.359366,MOUSE,0,0,LEFT_UP
1770791397.366033,MOUSE,4,0,MOVE
1770791397.382699,MOUSE,4,0,MOVE
1770791397.399366,MOUSE,4,0,MOVE
1770791397.416033,MOUSE,4,0,MOVE
1770791397.432699,MOUSE,4,0,MOVE
1770791397.449366,MOUSE,4,0,MOVE
1770791397.449366,MOUSE,0,0,LEFT_DOWN
1770791397.459366,MOUSE,0,0,LEFT_UP
1770791397.466033,MOUSE,4,0,MOVE
1770791397.482699,MOUSE,4,0,MOVE
1770791397.499366,MOUSE,4,0,MOVE
1770791397.516032,MOUSE,4,0,MOVE
1770791397.532699,MOUSE,4,0,MOVE
1770791397.549366,MOUSE,4,0,MOVE
1770791397.549366,MOUSE,0,0,LEFT_DOWN
1770791397.559366,MOUSE,0,0,LEFT_UP
1770791397.566032,MOUSE,4,0,MOVE
1770791397.582699,MOUSE,4,0,MOVE
1770791397.599366,MOUSE,4,0,MOVE
1770791397.616032,MOUSE,4,0,MOVE
1770791397.632699,MOUSE,4,0,MOVE
1770791397.649366,MOUSE,4,0,MOVE
1770791397.649366,MOUSE,0,0,LEFT_DOWN
1770791397.659366,MOUSE,0,0,LEFT_UP
1770791397.666032,MOUSE,4,0,MOVE
1770791397.682699,MOUSE,4,0,MOVE
1770791397.699366,MOUSE,4,0,MOVE
1770791397.716032,MOUSE,4,0,MOVE
1770791397.732699,MOUSE,4,0,MOVE
1770791397.749366,MOUSE,4,0,MOVE
1770791397.749366,MOUSE,0,0,LEFT_DOWN
1770791397.759366,MOUSE,0,0,LEFT_UP
1770791397.766032,MOUSE,4,0,MOVE
1770791397.782699,MOUSE,4,0,MOVE
1770791397.799366,MOUSE,4,0,MOVE
1770791397.816032,MOUSE,4,0,MOVE
1770791397.832699,MOUSE,4,0,MOVE
1770791397.849365,MOUSE,4,0,MOVE
1770791397.849365,MOUSE,0,0,LEFT_DOWN
1770791397.859365,MOUSE,0,0,LEFT_UP
1770791397.866032,MOUSE,4,0,MOVE
1770791397.882699,MOUSE,4,0,MOVE
1770791397.899365,MOUSE,4,0,MOVE
1770791397.916032,MOUSE,4,0,MOVE
1770791397.932699,MOUSE,4,0,MOVE
1770791397.949365,MOUSE,4,0,MOVE
1770791397.949365,MOUSE,0,0,LEFT_DOWN
1770791397.959365,MOUSE,0,0,LEFT_UP
1770791397.966032,MOUSE,4,0,MOVE
1770791397.982699,MOUSE,4,0,MOVE
1770791397.999365,MOUSE,4,0,MOVE
1770791398.016032,MOUSE,4,0,MOVE
1770791398.032699,MOUSE,4,0,MOVE
1770791398.049365,MOUSE,4,0,MOVE
1770791398.049365,MOUSE,0,0,LEFT_DOWN
1770791398.059365,MOUSE,0,0,LEFT_UP
1770791398.066032,MOUSE,4,0,MOVE
1770791398.082699,MOUSE,4,0,MOVE
1770791398.099365,MOUSE,4,0,MOVE
1770791398.116032,MOUSE,4,0,MOVE
1770791398.132699,MOUSE,4,0,MOVE
1770791398.149365,MOUSE,4,0,MOVE
1770791398.149365,MOUSE,0,0,LEFT_DOWN
1770791398.159365,MOUSE,0,0,LEFT_UP
1770791398.166032,MOUSE,4,0,MOVE
1770791398.182698,MOUSE,4,0,MOVE
1770791398.199365,MOUSE,4,0,MOVE
1770791398.216032,MOUSE,4,0,MOVE
1770791398.232698,MOUSE,4,0,MOVE
1770791398.249365,MOUSE,4,0,MOVE
1770791398.249365,MOUSE,0,0,LEFT_DOWN
1770791398.259365,MOUSE,0,0,LEFT_UP
1770791398.266032,MOUSE,4,0,MOVE
1770791398.282698,MOUSE,4,0,MOVE
1770791398.299365,MOUSE,4,0,MOVE
1770791398.316032,MOUSE,4,0,MOVE
1770791398.332698,MOUSE,4,0,MOVE
1770791398.349365,MOUSE,4,0,MOVE
1770791398.349365,MOUSE,0,0,LEFT_DOWN
1770791398.359365,MOUSE,0,0,LEFT_UP
1770791398.366032,MOUSE,4,0,MOVE
1770791398.382698,MOUSE,4,0,MOVE
1770791398.399365,MOUSE,4,0,MOVE
1770791398.416032,MOUSE,4,0,MOVE
1770791398.432698,MOUSE,4,0,MOVE
1770791398.449365,MOUSE,4,0,MOVE
1770791398.449365,MOUSE,0,0,LEFT_DOWN
1770791398.459365,MOUSE,0,0,LEFT_UP
1770791398.466032,MOUSE,4,0,MOVE
1770791398.482698,MOUSE,4,0,MOVE
1770791398.499365,MOUSE,4,0,MOVE
1770791398.516032,MOUSE,4,0,MOVE
1770791398.532698,MOUSE,4,0,MOVE
1770791398.549365,MOUSE,4,0,MOVE
1770791398.549365,MOUSE,0,0,LEFT_DOWN
1770791398.559365,MOUSE,0,0,LEFT_UP
1770791398.566031,MOUSE,4,0,MOVE
1770791398.582698,MOUSE,4,0,MOVE
1770791398.599365,MOUSE,4,0,MOVE
1770791398.616031,MOUSE,4,0,MOVE
1770791398.632698,MOUSE,4,0,MOVE
1770791398.649365,MOUSE,4,0,MOVE
1770791398.649365,MOUSE,0,0,LEFT_DOWN
1770791398.659365,MOUSE,0,0,LEFT_UP
1770791398.666031,MOUSE,4,0,MOVE
1770791398.682698,MOUSE,4,0,MOVE
1770791398.699365,MOUSE,4,0,MOVE
1770791398.716031,MOUSE,4,0,MOVE
1770791398.732698,MOUSE,4,0,MOVE
1770791398.749365,MOUSE,4,0,MOVE
1770791398.749365,MOUSE,0,0,LEFT_DOWN
1770791398.759365,MOUSE,0,0,LEFT_UP
1770791398.766031,MOUSE,4,0,MOVE
1770791398.782698,MOUSE,4,0,MOVE
1770791398.799365,MOUSE,4,0,MOVE
1770791398.816031,MOUSE,4,0,MOVE
1770791398.832698,MOUSE,4,0,MOVE
1770791398.849365,MOUSE,4,0,MOVE
1770791398.849365,MOUSE,0,0,LEFT_DOWN
1770791398.859365,MOUSE,0,0,LEFT_UP
1770791398.866031,MOUSE,4,0,MOVE
1770791398.882698,MOUSE,4,0,MOVE
1770791398.899364,MOUSE,4,0,MOVE
1770791398.916031,MOUSE,4,0,MOVE
1770791398.932698,MOUSE,4,0,MOVE
1770791398.949364,MOUSE,4,0,MOVE
1770791398.949364,MOUSE,0,0,LEFT_DOWN
1770791398.959364,MOUSE,0,0,LEFT_UP
1770791398.966031,MOUSE,4,0,MOVE
1770791398.982698,MOUSE,4,0,MOVE
1770791398.999364,MOUSE,4,0,MOVE
1770791399.016031,MOUSE,4,0,MOVE
1770791399.032698,MOUSE,4,0,MOVE
1770791399.049364,MOUSE,4,0,MOVE
1770791399.049364,MOUSE,0,0,LEFT_DOWN
1770791399.059364,MOUSE,0,0,LEFT_UP
1770791399.066031,MOUSE,4,0,MOVE
1770791399.082698,MOUSE,4,0,MOVE
1770791399.099364,MOUSE,4,0,MOVE
1770791399.116031,MOUSE,4,0,MOVE
1770791399.132698,MOUSE,4,0,MOVE
1770791399.149364,MOUSE,4,0,MOVE
1770791399.149364,MOUSE,0,0,LEFT_DOWN
1770791399.159364,MOUSE,0,0,LEFT_UP
1770791399.166031,MOUSE,4,0,MOVE
1770791399.182698,MOUSE,4,0,MOVE
1770791399.199364,MOUSE,4,0,MOVE
1770791399.216031,MOUSE,4,0,MOVE
1770791399.232697,MOUSE,4,0,MOVE
1770791399.249364,MOUSE,4,0,MOVE
1770791399.249364,MOUSE,0,0,LEFT_DOWN
1770791399.259364,MOUSE,0,0,LEFT_UP
1770791399.266031,MOUSE,2,3,MOVE
1770791399.282697,MOUSE,2,3,MOVE
1770791399.299364,MOUSE,2,3,MOVE
1770791399.316031,MOUSE,2,3,MOVE
1770791399.332697,MOUSE,2,3,MOVE
1770791399.349364,MOUSE,2,3,MOVE
1770791399.349364,MOUSE,0,0,LEFT_DOWN
1770791399.359364,MOUSE,0,0,LEFT_UP
1770791399.366031,MOUSE,2,3,MOVE
1770791399.382697,MOUSE,2,3,MOVE
1770791399.399364,MOUSE,2,3,MOVE
1770791399.416031,MOUSE,2,3,MOVE
1770791399.432697,MOUSE,2,3,MOVE
1770791399.449364,MOUSE,2,3,MOVE
1770791399.449364,MOUSE,0,0,LEFT_DOWN
1770791399.459364,MOUSE,0,0,LEFT_UP
1770791399.466031,MOUSE,2,3,MOVE
1770791399.482697,MOUSE,2,3,MOVE
1770791399.499364,MOUSE,2,3,MOVE
1770791399.516031,MOUSE,2,3,MOVE
1770791399.532697,MOUSE,2,3,MOVE
1770791399.549364,MOUSE,2,3,MOVE
1770791399.549364,MOUSE,0,0,LEFT_DOWN
1770791399.559364,MOUSE,0,0,LEFT_UP
1770791399.566031,MOUSE,2,3,MOVE
1770791399.582697,MOUSE,2,3,MOVE
1770791399.599364,MOUSE,2,3,MOVE
1770791399.616030,MOUSE,2,3,MOVE
1770791399.632697,MOUSE,2,3,MOVE
1770791399.649364,MOUSE,2,3,MOVE
1770791399.649364,MOUSE,0,0,LEFT_DOWN
1770791399.659364,MOUSE,0,0,LEFT_UP
1770791399.666030,MOUSE,2,3,MOVE
1770791399.682697,MOUSE,2,3,MOVE
1770791399.699364,MOUSE,2,3,MOVE
1770791399.716030,MOUSE,2,3,MOVE
1770791399.732697,MOUSE,2,3,MOVE
1770791399.749364,MOUSE,2,3,MOVE
1770791399.749364,MOUSE,0,0,LEFT_DOWN
1770791399.759364,MOUSE,0,0,LEFT_UP
1770791399.766030,MOUSE,2,3,MOVE
1770791399.782697,MOUSE,2,3,MOVE
1770791399.799364,MOUSE,2,3,MOVE
1770791399.816030,MOUSE,2,3,MOVE
1770791399.832697,MOUSE,2,3,MOVE
1770791399.849364,MOUSE,2,3,MOVE
1770791399.849364,MOUSE,0,0,LEFT_DOWN
1770791399.859364,MOUSE,0,0,LEFT_UP
1770791399.866030,MOUSE,2,3,MOVE
1770791399.882697,MOUSE,2,3,MOVE
1770791399.899364,MOUSE,2,3,MOVE
1770791399.916030,MOUSE,2,3,MOVE
1770791399.932697,MOUSE,2,3,MOVE
1770791399.949363,MOUSE,2,3,MOVE
1770791399.949363,MOUSE,0,0,LEFT_DOWN
1770791399.959363,MOUSE,0,0,LEFT_UP
1770791399.966030,MOUSE,2,3,MOVE
1770791399.982697,MOUSE,2,3,MOVE
1770791399.999363,MOUSE,2,3,MOVE
1770791400.016030,MOUSE,2,3,MOVE
1770791400.032697,MOUSE,2,3,MOVE
1770791400.049363,MOUSE,2,3,MOVE
1770791400.049363,MOUSE,0,0,LEFT_DOWN
1770791400.059363,MOUSE,0,0,LEFT_UP
1770791400.066030,MOUSE,2,3,MOVE
1770791400.082697,MOUSE,2,3,MOVE
1770791400.099363,MOUSE,2,3,MOVE
1770791400.116030,MOUSE,2,3,MOVE
1770791400.132697,MOUSE,2,3,MOVE
1770791400.149363,MOUSE,2,3,MOVE
1770791400.166030,MOUSE,2,3,MOVE
1770791400.182697,MOUSE,2,3,MOVE
1770791400.199363,MOUSE,2,3,MOVE
1770791400.216030,MOUSE,2,3,MOVE
1770791400.232697,MOUSE,2,3,MOVE
1770791400.249363,MOUSE,2,3,MOVE
1770791400.266030,MOUSE,2,3,MOVE
1770791400.282696,MOUSE,2,3,MOVE
1770791400.299363,MOUSE,2,3,MOVE
1770791400.316030,MOUSE,2,3,MOVE
1770791400.332696,MOUSE,2,3,MOVE
1770791400.349363,MOUSE,2,3,MOVE
1770791400.366030,MOUSE,2,3,MOVE
1770791400.382696,MOUSE,2,3,MOVE
1770791400.399363,MOUSE,2,3,MOVE
1770791400.416030,MOUSE,2,3,MOVE
1770791400.432696,MOUSE,2,3,MOVE
1770791400.449363,MOUSE,2,3,MOVE
1770791400.466030,MOUSE,2,3,MOVE
1770791400.482696,MOUSE,2,3,MOVE
1770791400.499363,MOUSE,2,3,MOVE
1770791400.516030,MOUSE,2,3,MOVE
1770791400.532696,MOUSE,-3,0,MOVE
1770791400.549363,MOUSE,-3,0,MOVE
1770791400.566030,MOUSE,-3,0,MOVE
1770791400.582696,MOUSE,-3,0,MOVE
1770791400.599363,MOUSE,-3,0,MOVE
1770791400.616030,MOUSE,-3,0,MOVE
1770791400.632696,MOUSE,-3,0,MOVE
1770791400.649363,MOUSE,-3,0,MOVE
1770791400.666029,MOUSE,-3,0,MOVE
1770791400.682696,MOUSE,-3,0,MOVE
1770791400.699363,MOUSE,-3,0,MOVE
1770791400.716029,MOUSE,-3,0,MOVE
1770791400.732696,MOUSE,-3,0,MOVE
1770791400.749363,MOUSE,-3,0,MOVE
1770791400.766029,MOUSE,-3,0,MOVE
1770791400.782696,MOUSE,-3,0,MOVE
1770791400.799363,MOUSE,-3,0,MOVE
1770791400.816029,MOUSE,-3,0,MOVE
1770791400.832696,MOUSE,-3,0,MOVE
1770791400.849363,MOUSE,-3,0,MOVE
1770791400.866029,MOUSE,-3,0,MOVE
1770791400.882696,MOUSE,-3,0,MOVE
1770791400.899363,MOUSE,-3,0,MOVE
1770791400.916029,MOUSE,-3,0,MOVE
1770791400.932696,MOUSE,-3,0,MOVE
1770791400.949363,MOUSE,-3,0,MOVE
1770791400.966029,MOUSE,-3,0,MOVE
1770791400.982696,MOUSE,-3,0,MOVE
1770791400.999362,MOUSE,-3,0,MOVE
1770791401.016029,MOUSE,-3,0,MOVE
1770791401.032696,MOUSE,-3,0,MOVE
1770791401.049362,MOUSE,-3,0,MOVE
1770791401.066029,MOUSE,-3,0,MOVE
1770791401.082696,MOUSE,-3,0,MOVE
1770791401.099362,MOUSE,-3,0,MOVE
1770791401.116029,MOUSE,-3,0,MOVE
1770791401.132696,MOUSE,-3,0,MOVE
1770791401.149362,MOUSE,-3,0,MOVE
1770791401.166029,MOUSE,-3,0,MOVE
1770791401.182696,MOUSE,-3,0,MOVE
1770791401.199362,MOUSE,-3,0,MOVE
1770791401.216029,MOUSE,-3,0,MOVE
1770791401.232696,MOUSE,-3,0,MOVE
1770791401.249362,MOUSE,-3,0,MOVE
1770791401.266029,MOUSE,1,-4,MOVE
1770791401.282696,MOUSE,1,-4,MOVE
1770791401.299362,MOUSE,1,-4,MOVE
1770791401.316029,MOUSE,1,-4,MOVE
1770791401.332695,MOUSE,1,-4,MOVE
1770791401.349362,MOUSE,1,-4,MOVE
1770791401.366029,MOUSE,1,-4,MOVE
1770791401.382695,MOUSE,1,-4,MOVE
1770791401.399362,MOUSE,1,-4,MOVE
1770791401.416029,MOUSE,1,-4,MOVE
1770791401.432695,MOUSE,1,-4,MOVE
1770791401.449362,MOUSE,1,-4,MOVE
1770791401.466029,MOUSE,1,-4,MOVE
1770791401.482695,MOUSE,1,-4,MOVE
1770791401.499362,MOUSE,1,-4,MOVE
1770791401.516029,MOUSE,1,-4,MOVE
1770791401.532695,MOUSE,1,-4,MOVE
1770791401.549362,MOUSE,1,-4,MOVE
1770791401.566029,MOUSE,1,-4,MOVE
1770791401.582695,MOUSE,1,-4,MOVE
1770791401.599362,MOUSE,1,-4,MOVE
1770791401.616029,MOUSE,1,-4,MOVE
1770791401.632695,MOUSE,1,-4,MOVE
1770791401.649362,MOUSE,1,-4,MOVE
1770791401.666028,MOUSE,1,-4,MOVE
1770791401.682695,MOUSE,1,-4,MOVE
1770791401.699362,MOUSE,1,-4,MOVE
1770791401.716028,MOUSE,1,-4,MOVE
1770791401.732695,MOUSE,1,-4,MOVE
1770791401.749362,MOUSE,1,-4,MOVE
1770791401.766028,MOUSE,1,-4,MOVE
1770791401.782695,MOUSE,1,-4,MOVE
1770791401.799362,MOUSE,1,-4,MOVE
1770791401.816028,MOUSE,1,-3,MOVE
1770791401.832695,MOUSE,1,-3,MOVE
1770791401.849362,MOUSE,1,-3,MOVE
1770791401.866028,MOUSE,1,-3,MOVE
1770791401.882695,MOUSE,1,-3,MOVE
1770791401.899362,MOUSE,1,-3,MOVE
1770791401.916028,MOUSE,1,-3,MOVE
1770791401.932695,MOUSE,1,-3,MOVE
1770791401.949362,MOUSE,1,-3,MOVE
1770791401.966028,MOUSE,1,-3,MOVE
1770791401.982695,MOUSE,1,-3,MOVE
1770791401.999362,MOUSE,1,-3,MOVE
1770791402.016028,MOUSE,1,-3,MOVE
1770791402.032695,MOUSE,1,-3,MOVE
1770791402.049361,MOUSE,1,-3,MOVE
1770791402.066028,MOUSE,1,-3,MOVE
1770791402.082695,MOUSE,1,-3,MOVE
1770791402.099361,MOUSE,1,-3,MOVE
1770791402.116028,MOUSE,1,-3,MOVE
1770791402.132695,MOUSE,1,-3,MOVE
1770791402.149361,MOUSE,1,-3,MOVE
1770791402.166028,MOUSE,1,-3,MOVE
1770791402.182695,MOUSE,1,-3,MOVE
1770791402.199361,MOUSE,1,-3,MOVE
1770791402.216028,MOUSE,1,-3,MOVE
1770791402.232695,MOUSE,1,-3,MOVE
1770791402.249361,MOUSE,1,-3,MOVE
1770791402.266028,MOUSE,1,-3,MOVE
1770791402.282695,MOUSE,1,-3,MOVE
1770791402.299361,MOUSE,-1,5,MOVE
1770791402.316028,MOUSE,-1,5,MOVE
1770791402.332695,MOUSE,-1,5,MOVE
1770791402.349361,MOUSE,-1,5,MOVE
1770791402.366028,MOUSE,-1,5,MOVE
1770791402.382694,MOUSE,-1,5,MOVE
1770791402.399361,MOUSE,-1,5,MOVE
1770791402.416028,MOUSE,-1,5,MOVE
1770791402.432694,MOUSE,2,-1,MOVE
1770791402.449361,MOUSE,2,-1,MOVE
1770791402.466028,MOUSE,2,-1,MOVE
1770791402.482694,MOUSE,2,-1,MOVE
1770791402.499361,MOUSE,2,-1,MOVE
1770791402.516028,MOUSE,2,-1,MOVE
1770791402.532694,MOUSE,2,-1,MOVE
1770791402.549361,MOUSE,2,-1,MOVE
1770791402.566028,MOUSE,2,-1,MOVE
1770791402.582694,MOUSE,2,-1,MOVE
1770791402.599361,MOUSE,2,-1,MOVE
1770791402.616028,MOUSE,2,-1,MOVE
1770791402.632694,MOUSE,2,-1,MOVE
1770791402.649361,MOUSE,2,-1,MOVE
1770791402.666028,MOUSE,2,-1,MOVE
1770791402.682694,MOUSE,2,-1,MOVE
1770791402.699361,MOUSE,2,-1,MOVE
1770791402.716027,MOUSE,2,-1,MOVE
1770791402.732694,MOUSE,2,-1,MOVE
1770791402.749361,MOUSE,2,-1,MOVE
1770791402.766027,MOUSE,2,-1,MOVE
1770791402.782694,MOUSE,2,-1,MOVE
1770791402.799361,MOUSE,2,-1,MOVE
1770791402.816027,MOUSE,2,-1,MOVE
1770791402.832694,MOUSE,2,-1,MOVE
1770791402.849361,MOUSE,2,-1,MOVE
1770791402.866027,MOUSE,2,-1,MOVE
1770791402.882694,MOUSE,2,-1,MOVE
1770791402.899361,MOUSE,2,-1,MOVE
1770791402.916027,MOUSE,2,-1,MOVE
1770791402.932694,MOUSE,2,-1,MOVE
1770791402.949361,MOUSE,2,-1,MOVE
1770791402.966027,MOUSE,2,-1,MOVE
1770791402.982694,MOUSE,2,-1,MOVE
1770791402.999361,MOUSE,2,-1,MOVE
1770791403.016027,MOUSE,2,-1,MOVE
1770791403.032694,MOUSE,2,-1,MOVE
1770791403.049361,MOUSE,2,-1,MOVE
1770791403.066027,MOUSE,2,-1,MOVE
1770791403.082694,MOUSE,2,-1,MOVE
1770791403.099360,MOUSE,2,-1,MOVE
1770791403.116027,MOUSE,2,-1,MOVE
1770791403.132694,MOUSE,2,-1,MOVE
1770791403.149360,MOUSE,2,-1,MOVE
1770791403.166027,MOUSE,2,-1,MOVE
1770791403.182694,MOUSE,2,-1,MOVE
1770791403.199360,MOUSE,2,-1,MOVE
1770791403.216027,MOUSE,2,-1,MOVE
1770791403.232694,MOUSE,2,-1,MOVE
1770791403.249360,MOUSE,2,-1,MOVE
1770791403.266027,MOUSE,2,-1,MOVE
1770791403.282694,MOUSE,2,-1,MOVE
1770791403.299360,MOUSE,2,-1,MOVE
1770791403.316027,MOUSE,2,-1,MOVE
1770791403.332694,MOUSE,2,-1,MOVE
1770791403.349360,MOUSE,2,-1,MOVE
1770791403.366027,MOUSE,2,-1,MOVE
1770791403.382694,MOUSE,2,-1,MOVE
1770791403.399360,MOUSE,2,-1,MOVE
1770791403.416027,MOUSE,2,-1,MOVE
1770791403.432693,MOUSE,2,-1,MOVE
1770791403.449360,MOUSE,2,-1,MOVE
1770791403.466027,MOUSE,2,-1,MOVE
1770791403.482693,MOUSE,2,-1,MOVE
1770791403.499360,MOUSE,2,-1,MOVE
1770791403.516027,MOUSE,2,-1,MOVE
1770791403.532693,MOUSE,2,-1,MOVE
1770791403.549360,MOUSE,2,-1,MOVE
1770791403.566027,MOUSE,2,-1,MOVE
1770791403.582693,MOUSE,2,-1,MOVE
1770791403.599360,MOUSE,2,-1,MOVE
1770791403.616027,MOUSE,2,-1,MOVE
1770791403.632693,MOUSE,2,-1,MOVE
1770791403.649360,MOUSE,2,-1,MOVE
1770791403.666027,MOUSE,2,-1,MOVE
1770791403.682693,MOUSE,2,-1,MOVE
1770791403.699360,MOUSE,2,-1,MOVE
1770791403.716027,MOUSE,2,-1,MOVE
1770791403.732693,MOUSE,2,-1,MOVE
1770791403.749360,MOUSE,-4,0,MOVE
1770791403.766026,MOUSE,-4,0,MOVE
1770791403.782693,MOUSE,-4,0,MOVE
1770791403.799360,MOUSE,-4,0,MOVE
1770791403.816026,MOUSE,-4,0,MOVE
1770791403.832693,MOUSE,-4,0,MOVE
1770791403.849360,MOUSE,-4,0,MOVE
1770791403.866026,MOUSE,-4,0,MOVE
1770791403.882693,MOUSE,-4,0,MOVE
1770791403.899360,MOUSE,-4,0,MOVE
1770791403.916026,MOUSE,-4,0,MOVE
1770791403.932693,MOUSE,-4,0,MOVE
1770791403.949360,MOUSE,-4,0,MOVE
1770791403.966026,MOUSE,-4,0,MOVE
1770791403.982693,MOUSE,-4,0,MOVE
1770791403.999360,MOUSE,-4,0,MOVE
1770791404.016026,MOUSE,-4,0,MOVE
1770791404.032693,MOUSE,-4,0,MOVE
1770791404.049360,MOUSE,-4,0,MOVE
1770791404.066026,MOUSE,-4,0,MOVE
1770791404.082693,MOUSE,-4,0,MOVE
1770791404.099360,MOUSE,-4,0,MOVE
1770791404.116026,MOUSE,-4,0,MOVE
1770791404.132693,MOUSE,-4,0,MOVE
1770791404.149359,MOUSE,-4,0,MOVE
1770791404.166026,MOUSE,0,2,MOVE
1770791404.182693,MOUSE,0,2,MOVE
1770791404.199359,MOUSE,0,2,MOVE
1770791404.216026,MOUSE,0,2,MOVE
1770791404.232693,MOUSE,0,2,MOVE
1770791404.249359,MOUSE,0,2,MOVE
1770791404.266026,MOUSE,0,2,MOVE
1770791404.282693,MOUSE,-1,1,MOVE
1770791404.299359,MOUSE,-1,1,MOVE
1770791404.316026,MOUSE,-1,1,MOVE
1770791404.332693,MOUSE,-1,1,MOVE
1770791404.349359,MOUSE,-1,1,MOVE
1770791404.366026,MOUSE,-1,1,MOVE
1770791404.382693,MOUSE,-1,1,MOVE
1770791404.399359,MOUSE,-1,1,MOVE
1770791404.416026,MOUSE,-1,1,MOVE
1770791404.432693,MOUSE,-1,1,MOVE
1770791404.449359,MOUSE,-1,1,MOVE
1770791404.466026,MOUSE,-1,1,MOVE
1770791404.482692,MOUSE,-1,1,MOVE
1770791404.499359,MOUSE,-1,1,MOVE
1770791404.516026,MOUSE,-1,1,MOVE
1770791404.532692,MOUSE,-1,1,MOVE
1770791404.549359,MOUSE,-1,1,MOVE
1770791404.566026,MOUSE,-1,1,MOVE
1770791404.582692,MOUSE,-1,1,MOVE
1770791404.599359,MOUSE,-1,1,MOVE
1770791404.616026,MOUSE,-1,1,MOVE
1770791404.632692,MOUSE,-1,1,MOVE
1770791404.649359,MOUSE,-1,1,MOVE
1770791404.666026,MOUSE,-1,1,MOVE
1770791404.682692,MOUSE,-1,1,MOVE
1770791404.699359,MOUSE,-1,1,MOVE
1770791404.716026,MOUSE,-1,1,MOVE
1770791404.732692,MOUSE,-1,1,MOVE
1770791404.749359,MOUSE,-1,1,MOVE
1770791404.766026,MOUSE,-1,1,MOVE
1770791404.782692,MOUSE,-1,1,MOVE
1770791404.799359,MOUSE,-1,1,MOVE
1770791404.799359,MOUSE,0,0,LEFT_DOWN
1770791404.809359,MOUSE,0,0,LEFT_UP
1770791404.816025,MOUSE,-1,1,MOVE
1770791404.832692,MOUSE,-1,1,MOVE
1770791404.849359,MOUSE,-1,1,MOVE
1770791404.866025,MOUSE,-1,1,MOVE
1770791404.882692,MOUSE,-1,1,MOVE
1770791404.899359,MOUSE,-1,1,MOVE
1770791404.916025,MOUSE,-1,1,MOVE
1770791404.932692,MOUSE,-1,1,MOVE
1770791404.949359,MOUSE,-1,1,MOVE
1770791404.966025,MOUSE,-1,1,MOVE
1770791404.982692,MOUSE,-1,1,MOVE
1770791404.999359,MOUSE,-1,1,MOVE
1770791405.016025,MOUSE,-1,1,MOVE
1770791405.032692,MOUSE,-1,1,MOVE
1770791405.049359,MOUSE,-1,1,MOVE
1770791405.066025,MOUSE,-1,1,MOVE
1770791405.082692,MOUSE,-1,1,MOVE
1770791405.099359,MOUSE,-1,1,MOVE
1770791405.116025,MOUSE,-1,1,MOVE
1770791405.132692,MOUSE,-1,1,MOVE
1770791405.149359,MOUSE,-1,1,MOVE
1770791405.149359,MOUSE,0,0,LEFT_DOWN
1770791405.159359,MOUSE,0,0,LEFT_UP
1770791405.166025,MOUSE,-1,1,MOVE
1770791405.182692,MOUSE,-1,1,MOVE
1770791405.199358,MOUSE,-1,1,MOVE
1770791405.216025,MOUSE,-1,1,MOVE
1770791405.232692,MOUSE,-1,1,MOVE
1770791405.249358,MOUSE,-1,1,MOVE
1770791405.266025,MOUSE,-1,1,MOVE
1770791405.282692,MOUSE,-1,1,MOVE
1770791405.299358,MOUSE,-1,1,MOVE
1770791405.316025,MOUSE,-1,1,MOVE
1770791405.332692,MOUSE,-1,1,MOVE
1770791405.349358,MOUSE,-1,1,MOVE
1770791405.366025,MOUSE,-1,1,MOVE
1770791405.382692,MOUSE,-1,1,MOVE
1770791405.399358,MOUSE,-1,1,MOVE
1770791405.416025,MOUSE,-1,1,MOVE
1770791405.432692,MOUSE,-1,1,MOVE
1770791405.449358,MOUSE,-1,1,MOVE
1770791405.466025,MOUSE,-1,1,MOVE
1770791405.482692,MOUSE,-1,1,MOVE
1770791405.499358,MOUSE,-1,1,MOVE
1770791405.499358,MOUSE,0,0,LEFT_DOWN
1770791405.509358,MOUSE,0,0,LEFT_UP
1770791405.516025,MOUSE,-1,1,MOVE
1770791405.532691,MOUSE,1,-3,MOVE
1770791405.549358,MOUSE,1,-3,MOVE
1770791405.566025,MOUSE,1,-3,MOVE
1770791405.582691,MOUSE,1,-3,MOVE
1770791405.599358,MOUSE,1,-3,MOVE
1770791405.616025,MOUSE,1,-3,MOVE
1770791405.632691,MOUSE,1,-3,MOVE
1770791405.649358,MOUSE,1,-3,MOVE
1770791405.666025,MOUSE,1,-3,MOVE
1770791405.682691,MOUSE,1,-3,MOVE
1770791405.699358,MOUSE,1,-3,MOVE
1770791405.716025,MOUSE,1,-3,MOVE
1770791405.732691,MOUSE,1,-3,MOVE
1770791405.749358,MOUSE,1,-3,MOVE
1770791405.766025,MOUSE,1,-3,MOVE
1770791405.782691,MOUSE,1,-3,MOVE
1770791405.799358,MOUSE,1,-3,MOVE
1770791405.816025,MOUSE,1,-3,MOVE
1770791405.832691,MOUSE,1,-3,MOVE
1770791405.849358,MOUSE,1,-3,MOVE
1770791405.849358,MOUSE,0,0,LEFT_DOWN
1770791405.859358,MOUSE,0,0,LEFT_UP
1770791405.866024,MOUSE,1,-3,MOVE
1770791405.882691,MOUSE,1,-3,MOVE
1770791405.899358,MOUSE,1,-3,MOVE
1770791405.916024,MOUSE,1,-3,MOVE
1770791405.932691,MOUSE,1,-3,MOVE
1770791405.949358,MOUSE,1,-3,MOVE
1770791405.966024,MOUSE,1,-3,MOVE
1770791405.982691,MOUSE,1,-3,MOVE
1770791405.999358,MOUSE,1,-3,MOVE
1770791406.016024,MOUSE,1,-3,MOVE
1770791406.032691,MOUSE,1,-3,MOVE
1770791406.049358,MOUSE,-3,2,MOVE
1770791406.066024,MOUSE,-3,2,MOVE
1770791406.082691,MOUSE,-3,2,MOVE
1770791406.099358,MOUSE,-3,2,MOVE
1770791406.116024,MOUSE,-3,2,MOVE
1770791406.132691,MOUSE,-3,2,MOVE
1770791406.149358,MOUSE,-3,2,MOVE
1770791406.166024,MOUSE,-3,2,MOVE
1770791406.182691,MOUSE,-3,2,MOVE
1770791406.199358,MOUSE,-3,2,MOVE
1770791406.199358,MOUSE,0,0,LEFT_DOWN
1770791406.209358,MOUSE,0,0,LEFT_UP
1770791406.216024,MOUSE,-3,2,MOVE
1770791406.232691,MOUSE,-3,2,MOVE
1770791406.249357,MOUSE,-3,2,MOVE
1770791406.266024,MOUSE,-3,2,MOVE
1770791406.282691,MOUSE,-3,2,MOVE
1770791406.299357,MOUSE,-3,2,MOVE
1770791406.316024,MOUSE,-3,2,MOVE
1770791406.332691,MOUSE,-3,2,MOVE
1770791406.349357,MOUSE,-3,2,MOVE
1770791406.366024,MOUSE,-3,2,MOVE
1770791406.382691,MOUSE,-3,2,MOVE
1770791406.399357,MOUSE,-3,2,MOVE
1770791406.416024,MOUSE,-3,2,MOVE
1770791406.432691,MOUSE,-3,2,MOVE
1770791406.449357,MOUSE,-3,2,MOVE
1770791406.466024,MOUSE,-3,2,MOVE
1770791406.482691,MOUSE,-3,2,MOVE
1770791406.499357,MOUSE,-3,2,MOVE
1770791406.516024,MOUSE,-3,2,MOVE
1770791406.532691,MOUSE,-3,2,MOVE
1770791406.549357,MOUSE,-3,2,MOVE
1770791406.566024,MOUSE,-3,2,MOVE
1770791406.582690,MOUSE,-3,2,MOVE
1770791406.599357,MOUSE,-3,2,MOVE
1770791406.616024,MOUSE,-3,2,MOVE
1770791406.632690,MOUSE,-3,2,MOVE
1770791406.649357,MOUSE,-3,2,MOVE
1770791406.666024,MOUSE,-3,2,MOVE
1770791406.682690,MOUSE,-3,2,MOVE
1770791406.699357,MOUSE,-3,2,MOVE
1770791406.716024,MOUSE,-3,2,MOVE
1770791406.732690,MOUSE,-3,2,MOVE
1770791406.749357,MOUSE,-3,2,MOVE
1770791406.766024,MOUSE,-3,2,MOVE
1770791406.782690,MOUSE,-3,2,MOVE
1770791406.799357,MOUSE,-3,2,MOVE
1770791406.816024,MOUSE,-3,2,MOVE
1770791406.832690,MOUSE,-3,2,MOVE
1770791406.849357,MOUSE,-3,2,MOVE
1770791406.866024,MOUSE,-3,2,MOVE
1770791406.882690,MOUSE,-3,2,MOVE
1770791406.899357,MOUSE,-3,2,MOVE
1770791406.916023,MOUSE,-3,2,MOVE
1770791406.932690,MOUSE,-3,2,MOVE
1770791406.949357,MOUSE,-3,2,MOVE
1770791406.966023,MOUSE,-3,2,MOVE
1770791406.982690,MOUSE,-3,-1,MOVE
1770791406.999357,MOUSE,-3,-1,MOVE
1770791407.016023,MOUSE,-3,-1,MOVE
1770791407.032690,MOUSE,-3,-1,MOVE
1770791407.049357,MOUSE,2,-4,MOVE
1770791407.066023,MOUSE,2,-4,MOVE
1770791407.082690,MOUSE,2,-4,MOVE
1770791407.099357,MOUSE,2,-4,MOVE
1770791407.116023,MOUSE,2,-4,MOVE
1770791407.132690,MOUSE,2,-4,MOVE
1770791407.149357,MOUSE,2,-4,MOVE
1770791407.166023,MOUSE,2,-4,MOVE
1770791407.182690,MOUSE,2,-4,MOVE
1770791407.199357,MOUSE,2,-4,MOVE
1770791407.216023,MOUSE,2,-4,MOVE
1770791407.232690,MOUSE,2,-4,MOVE
1770791407.249357,MOUSE,2,-4,MOVE
1770791407.266023,MOUSE,2,-4,MOVE
1770791407.282690,MOUSE,2,-4,MOVE
1770791407.299356,MOUSE,2,-4,MOVE
1770791407.316023,MOUSE,2,-4,MOVE
1770791407.332690,MOUSE,2,-4,MOVE
1770791407.349356,MOUSE,2,-4,MOVE
1770791407.366023,MOUSE,2,-4,MOVE
1770791407.382690,MOUSE,2,-4,MOVE
1770791407.399356,MOUSE,2,-4,MOVE
1770791407.416023,MOUSE,2,-4,MOVE
1770791407.432690,MOUSE,2,-4,MOVE
1770791407.449356,MOUSE,2,-4,MOVE
1770791407.466023,MOUSE,2,-4,MOVE
1770791407.482690,MOUSE,2,-4,MOVE
1770791407.499356,MOUSE,2,-4,MOVE
1770791407.516023,MOUSE,2,-4,MOVE
1770791407.532690,MOUSE,2,-4,MOVE
1770791407.549356,MOUSE,2,-4,MOVE
1770791407.566023,MOUSE,2,-4,MOVE
1770791407.582690,MOUSE,2,-4,MOVE
1770791407.599356,MOUSE,2,-4,MOVE
1770791407.616023,MOUSE,2,-4,MOVE
1770791407.632689,MOUSE,2,-4,MOVE
1770791407.649356,MOUSE,2,-4,MOVE
1770791407.666023,MOUSE,2,-4,MOVE
1770791407.682689,MOUSE,2,-4,MOVE
1770791407.699356,MOUSE,2,-4,MOVE
1770791407.716023,MOUSE,2,-4,MOVE
1770791407.732689,MOUSE,2,-4,MOVE
1770791407.749356,MOUSE,2,-4,MOVE
1770791407.766023,MOUSE,2,-4,MOVE
1770791407.782689,MOUSE,2,-4,MOVE
1770791407.799356,MOUSE,2,-4,MOVE
1770791407.816023,MOUSE,2,-4,MOVE
1770791407.832689,MOUSE,2,-4,MOVE
1770791407.849356,MOUSE,2,-4,MOVE
1770791407.866023,MOUSE,2,-4,MOVE
1770791407.882689,MOUSE,2,-4,MOVE
1770791407.899356,MOUSE,2,-4,MOVE
1770791407.916023,MOUSE,2,-4,MOVE
1770791407.932689,MOUSE,2,-4,MOVE
1770791407.949356,MOUSE,2,-4,MOVE
1770791407.966022,MOUSE,2,-4,MOVE
1770791407.982689,MOUSE,2,-4,MOVE
1770791407.999356,MOUSE,2,-4,MOVE
1770791408.016022,MOUSE,2,-4,MOVE
1770791408.032689,MOUSE,2,-4,MOVE
1770791408.049356,MOUSE,2,-4,MOVE
1770791408.066022,MOUSE,2,-4,MOVE
1770791408.082689,MOUSE,2,-4,MOVE
1770791408.099356,MOUSE,2,-4,MOVE
1770791408.116022,MOUSE,-1,3,MOVE
1770791408.132689,MOUSE,-1,3,MOVE
1770791408.149356,MOUSE,-1,3,MOVE
1770791408.166022,MOUSE,-1,3,MOVE
1770791408.182689,MOUSE,-1,3,MOVE
1770791408.199356,MOUSE,-1,3,MOVE
1770791408.216022,MOUSE,-1,3,MOVE
1770791408.232689,MOUSE,-1,3,MOVE
1770791408.249356,MOUSE,-1,3,MOVE
1770791408.266022,MOUSE,-1,3,MOVE
1770791408.282689,MOUSE,-1,3,MOVE
1770791408.299356,MOUSE,-1,3,MOVE
1770791408.316022,MOUSE,-1,3,MOVE
1770791408.332689,MOUSE,-1,3,MOVE
1770791408.349355,MOUSE,-1,3,MOVE
1770791408.366022,MOUSE,-1,3,MOVE
1770791408.382689,MOUSE,-1,3,MOVE
1770791408.399355,MOUSE,-1,3,MOVE
1770791408.416022,MOUSE,-1,3,MOVE
1770791408.432689,MOUSE,-1,3,MOVE
1770791408.449355,MOUSE,-1,3,MOVE
1770791408.466022,MOUSE,-1,3,MOVE
1770791408.482689,MOUSE,-1,3,MOVE
1770791408.499355,MOUSE,-1,3,MOVE
1770791408.516022,MOUSE,-1,3,MOVE
1770791408.532689,MOUSE,-1,3,MOVE
1770791408.549355,MOUSE,-1,3,MOVE
1770791408.566022,MOUSE,-1,3,MOVE
1770791408.582689,MOUSE,-1,3,MOVE
1770791408.599355,MOUSE,-1,3,MOVE
1770791408.616022,MOUSE,-1,3,MOVE
1770791408.632689,MOUSE,-1,3,MOVE
1770791408.649355,MOUSE,-1,3,MOVE
1770791408.666022,MOUSE,-1,3,MOVE
1770791408.682688,MOUSE,-1,3,MOVE
1770791408.699355,MOUSE,-1,3,MOVE
1770791408.716022,MOUSE,-1,3,MOVE
1770791408.732688,MOUSE,-1,3,MOVE
1770791408.749355,MOUSE,-1,3,MOVE
1770791408.766022,MOUSE,-1,3,MOVE
1770791408.782688,MOUSE,-1,3,MOVE
1770791408.799355,MOUSE,-1,3,MOVE
1770791408.816022,MOUSE,-1,3,MOVE
1770791408.832688,MOUSE,-1,3,MOVE
1770791408.849355,MOUSE,-1,3,MOVE
1770791408.866022,MOUSE,-1,3,MOVE
1770791408.882688,MOUSE,-1,3,MOVE
1770791408.899355,MOUSE,-1,3,MOVE
1770791408.916022,MOUSE,-1,3,MOVE
1770791408.932688,MOUSE,-1,3,MOVE
1770791408.949355,MOUSE,-1,3,MOVE
1770791408.966022,MOUSE,-1,3,MOVE
1770791408.982688,MOUSE,-1,3,MOVE
1770791408.999355,MOUSE,-1,3,MOVE
1770791409.016021,MOUSE,-1,3,MOVE
1770791409.032688,MOUSE,-1,3,MOVE
1770791409.049355,MOUSE,-1,3,MOVE
1770791409.066021,MOUSE,-1,3,MOVE
1770791409.082688,MOUSE,-1,3,MOVE
1770791409.099355,MOUSE,-1,3,MOVE
1770791409.116021,MOUSE,-1,3,MOVE
1770791409.132688,MOUSE,-1,3,MOVE
1770791409.149355,MOUSE,-1,3,MOVE
1770791409.166021,MOUSE,-1,3,MOVE
1770791409.182688,MOUSE,-1,3,MOVE
1770791409.199355,MOUSE,-1,3,MOVE
1770791409.216021,MOUSE,-1,3,MOVE
1770791409.232688,MOUSE,-1,3,MOVE
1770791409.249355,MOUSE,-1,3,MOVE
1770791409.266021,MOUSE,-1,3,MOVE
1770791409.282688,MOUSE,-1,3,MOVE
1770791409.299355,MOUSE,-1,3,MOVE
1770791409.316021,MOUSE,-1,3,MOVE
1770791409.332688,MOUSE,-1,3,MOVE
1770791409.349355,MOUSE,-1,3,MOVE
1770791409.366021,MOUSE,-1,3,MOVE
1770791409.382688,MOUSE,-1,3,MOVE
1770791409.399354,MOUSE,-1,3,MOVE
1770791409.416021,MOUSE,-1,3,MOVE
1770791409.432688,MOUSE,-1,3,MOVE
1770791409.449354,MOUSE,-1,3,MOVE
1770791409.466021,MOUSE,-1,3,MOVE
1770791409.482688,MOUSE,-1,3,MOVE
1770791409.499354,MOUSE,-1,3,MOVE
1770791409.516021,MOUSE,-1,3,MOVE
1770791409.532688,MOUSE,-1,3,MOVE
1770791409.549354,MOUSE,-1,3,MOVE
1770791409.566021,MOUSE,-1,3,MOVE
1770791409.582688,MOUSE,-1,3,MOVE
1770791409.599354,MOUSE,-1,3,MOVE
1770791409.616021,MOUSE,-1,3,MOVE
1770791409.632688,MOUSE,-1,3,MOVE
1770791409.649354,MOUSE,-1,3,MOVE
1770791409.666021,MOUSE,-1,3,MOVE
1770791409.682688,MOUSE,-1,3,MOVE
1770791409.699354,MOUSE,-1,3,MOVE
1770791409.716021,MOUSE,-1,3,MOVE
1770791409.732687,MOUSE,-1,3,MOVE
1770791409.749354,MOUSE,-1,3,MOVE
1770791409.766021,MOUSE,-1,3,MOVE
1770791409.782687,MOUSE,-1,3,MOVE
1770791409.799354,MOUSE,-1,3,MOVE
1770791409.816021,MOUSE,-1,3,MOVE
1770791409.832687,MOUSE,-1,3,MOVE
1770791409.849354,MOUSE,-1,3,MOVE
1770791409.866021,MOUSE,-1,3,MOVE
1770791409.882687,MOUSE,-1,3,MOVE
1770791409.899354,MOUSE,-1,3,MOVE
1770791409.916021,MOUSE,-1,3,MOVE
1770791409.932687,MOUSE,-1,3,MOVE
1770791409.949354,MOUSE,-1,3,MOVE
1770791409.966021,MOUSE,-1,3,MOVE
1770791409.982687,MOUSE,-1,3,MOVE
1770791409.999354,MOUSE,2,-1,MOVE
1770791410.016021,MOUSE,2,-1,MOVE
1770791410.032687,MOUSE,2,-1,MOVE
1770791410.049354,MOUSE,2,-1,MOVE
1770791410.066020,MOUSE,2,-1,MOVE
1770791410.082687,MOUSE,2,-1,MOVE
1770791410.099354,MOUSE,2,-1,MOVE
1770791410.116020,MOUSE,2,-1,MOVE
1770791410.132687,MOUSE,2,-1,MOVE
1770791410.149354,MOUSE,2,-1,MOVE
1770791410.166020,MOUSE,2,-1,MOVE
1770791410.182687,MOUSE,2,-1,MOVE
1770791410.199354,MOUSE,2,-1,MOVE
1770791410.216020,MOUSE,2,-1,MOVE
1770791410.232687,MOUSE,2,-1,MOVE
1770791410.249354,MOUSE,2,-1,MOVE
1770791410.266020,MOUSE,2,-1,MOVE
1770791410.282687,MOUSE,2,-1,MOVE
1770791410.299354,MOUSE,2,-1,MOVE
1770791410.316020,MOUSE,2,-1,MOVE
1770791410.332687,MOUSE,2,-1,MOVE
1770791410.349354,MOUSE,2,-1,MOVE
1770791410.366020,MOUSE,2,-1,MOVE
1770791410.382687,MOUSE,2,-1,MOVE
1770791410.399354,MOUSE,2,-1,MOVE
1770791410.416020,MOUSE,2,-1,MOVE
1770791410.432687,MOUSE,2,-1,MOVE
1770791410.449353,MOUSE,2,-1,MOVE
1770791410.466020,MOUSE,2,-1,MOVE
1770791410.482687,MOUSE,2,-1,MOVE
1770791410.499353,MOUSE,2,-1,MOVE
1770791410.516020,MOUSE,2,-1,MOVE
1770791410.532687,MOUSE,2,-1,MOVE
1770791410.549353,MOUSE,2,-1,MOVE
1770791410.566020,MOUSE,2,-1,MOVE
1770791410.582687,MOUSE,2,-1,MOVE
1770791410.599353,MOUSE,2,-1,MOVE
1770791410.616020,MOUSE,2,-1,MOVE
1770791410.632687,MOUSE,2,-1,MOVE
1770791410.649353,MOUSE,2,-1,MOVE
1770791410.666020,MOUSE,2,-1,MOVE
1770791410.682687,MOUSE,2,-1,MOVE
1770791410.699353,MOUSE,2,-1,MOVE
1770791410.716020,MOUSE,2,-1,MOVE
1770791410.732687,MOUSE,2,-1,MOVE
1770791410.749353,MOUSE,2,-1,MOVE
1770791410.766020,MOUSE,2,-1,MOVE
1770791410.782686,MOUSE,2,-1,MOVE
1770791410.799353,MOUSE,2,-1,MOVE
1770791410.816020,MOUSE,2,-1,MOVE
1770791410.832686,MOUSE,2,-1,MOVE
1770791410.849353,MOUSE,2,-1,MOVE
1770791410.866020,MOUSE,2,-1,MOVE
1770791410.882686,MOUSE,2,-1,MOVE
1770791410.899353,MOUSE,2,-1,MOVE
1770791410.916020,MOUSE,2,-1,MOVE
1770791410.932686,MOUSE,2,-1,MOVE
1770791410.949353,MOUSE,2,-1,MOVE
1770791410.966020,MOUSE,2,-1,MOVE
1770791410.982686,MOUSE,2,-1,MOVE
1770791410.999353,MOUSE,2,-1,MOVE
1770791411.016020,MOUSE,2,-1,MOVE
1770791411.032686,MOUSE,2,-1,MOVE
1770791411.049353,MOUSE,2,-1,MOVE
1770791411.066020,MOUSE,2,-1,MOVE
1770791411.082686,MOUSE,2,-1,MOVE
1770791411.099353,MOUSE,2,-1,MOVE
1770791411.116019,MOUSE,2,-1,MOVE
1770791411.132686,MOUSE,2,-1,MOVE
1770791411.149353,MOUSE,2,-1,MOVE
1770791411.166019,MOUSE,2,-1,MOVE
1770791411.182686,MOUSE,2,-1,MOVE
1770791411.199353,MOUSE,2,-1,MOVE
1770791411.216019,MOUSE,2,-1,MOVE
1770791411.232686,MOUSE,2,-1,MOVE
1770791411.249353,MOUSE,2,-1,MOVE
1770791411.266019,MOUSE,2,-1,MOVE
1770791411.282686,MOUSE,2,-1,MOVE
1770791411.299353,MOUSE,-1,3,MOVE
1770791411.316019,MOUSE,-1,3,MOVE
1770791411.332686,MOUSE,-1,3,MOVE
1770791411.349353,MOUSE,-1,3,MOVE
1770791411.366019,MOUSE,-1,3,MOVE
1770791411.382686,MOUSE,-1,3,MOVE
1770791411.399353,MOUSE,1,-4,MOVE
1770791411.416019,MOUSE,1,-4,MOVE
1770791411.432686,MOUSE,1,-4,MOVE
1770791411.449353,MOUSE,1,-4,MOVE
1770791411.466019,MOUSE,1,-4,MOVE
1770791411.482686,MOUSE,1,-4,MOVE
1770791411.499352,MOUSE,1,-4,MOVE
1770791411.516019,MOUSE,1,-4,MOVE
1770791411.532686,MOUSE,1,-4,MOVE
1770791411.549352,MOUSE,1,-4,MOVE
1770791411.566019,MOUSE,1,-4,MOVE
1770791411.582686,MOUSE,1,-4,MOVE
1770791411.599352,MOUSE,1,-4,MOVE
1770791411.616019,MOUSE,1,-4,MOVE
1770791411.632686,MOUSE,1,-4,MOVE
